run_id,study,model_key,dataset_key,seed,adapter_rank,training_epochs,label_span,available_rows,distinct_rows,row_sampling,r_star_bits_per_value,r_star_bracketed,reference_bits_saved_per_token,train_response_tokens,base_codelength_bits_per_token,fisher_effective_rank,fisher_logdet,fisher_trace,hidden_effective_rank,margin_deficit_bits,residual_effective_rank,surprisal_variance_bits2,surprise_weighted_hidden_logdet,unit_gain_ntk_cost,angular_correction_energy_rank90,angular_correction_logdet,angular_correction_rd90_bits,centered_angular_correction_logdet,centered_angular_correction_rd90_bits,centered_correction_rd90_bits,correction_energy_rank90,correction_rd90_bits,dataset_centered_correction_log_volume,dataset_correction_log_volume,dataset_fisher_log_volume,dataset_raw_correction_log_volume,trace_normalized_correction_logdet,coherent_correction_energy,coherent_energy_over_entropy,correction_channel_bits,angular_correction_channel_bits,coherent_fraction,correction_coverage_fraction,correction_intrinsic_dimension,correction_predictable_fraction,nearest_neighbour_cosine,prequential_correction_bits_per_row,prequential_decay_exponent,prequential_late_fraction,text_cross_row_redundancy,lora_layer_energy_centroid,lora_layer_energy_entropy
arm-a__mistral-7b-base__all-linear-r16__s11__ae34ad6906,arm_a,mistral_7b_base,arm_a,11,16,8,all,4000,3996,uniform,0.7575920874805279,True,0.5705724113543508,48997.0,0.9805964997067349,127.32617507994239,424.2499937823662,1256.433260648376,28.54472261259529,0.6937881096528145,25.69971184171093,0.12306055193100623,0.815336483178201,0.10459147416679818,321,381.6133108213005,678.3670939582009,427.0447917512937,786.8759883492602,744.8268233258087,302,641.0740609059372,958.4789352342777,872.1996639186929,7080.279590843438,847.3351497160775,371.01432750761705,207.82705004796577,166.64914239994135,6.437947335259081,6.51856913356235,0.16717277044343795,0.022175921975158122,15.270391920084695,0.02738030911877576,0.5116728763812479,0.20932406974232992,0.08064992681545068,1.2239744993630826,0.4427486530005573,0.2706784739188893,0.8708753085993564
arm-a__mistral-7b-base__all-linear-r16__s22__482260f791,arm_a,mistral_7b_base,arm_a,22,16,8,all,4000,4000,uniform,0.8292686032591805,True,0.5662230420345438,48183.0,0.9960061439487617,136.3055184163975,436.48134061659255,1272.445489199757,28.610141066963873,0.7058694158331491,26.001250579154412,0.11541627722059263,0.8171807567388574,0.09976007945207008,333,388.9109061401356,704.1823638039191,433.3558399682546,810.0650187694895,767.9620935842524,315,666.7814545977054,974.2746826660934,889.970773490834,7153.252235356363,865.3506677831987,378.50227058872923,202.67642090583064,160.02677728129058,6.492397907557871,6.566295292177211,0.16125812990046676,0.024270938902039796,32.85210078068076,0.01743818760641147,0.49437268108480337,0.09140703905800758,0.07365389051649074,2.061591480027488,0.436493320926466,0.27977233017401026,0.878022064632442
arm-a__mistral-7b-base__all-linear-r16__s33__a03e7b70d5,arm_a,mistral_7b_base,arm_a,33,16,8,all,4000,3998,uniform,0.768216049290368,True,0.5648070891887664,47217.0,0.9801873432006687,129.51480357263077,429.3695014630615,1264.4859670062688,28.467523172300993,0.6920514895027736,25.70440972496883,0.1192929852205518,0.8172695527411677,0.10151768385743472,324,383.5610214908228,685.9785894424756,430.63444266819573,797.8310036378589,755.6026099331299,306,649.6982346230093,966.7014866064651,877.5516608739197,7107.339714976651,854.0983982758025,373.8943201417591,212.20184424734558,169.9232650529629,6.444606501087581,6.509299321229477,0.17097198808151098,0.021691483538367674,33.37394307776423,0.01576941741079041,0.5062684045668469,0.21120131672313083,0.0768026305158638,1.3116150221222607,0.4406028820204695,0.2796240130157544,0.8780222945960191
arm-a__mistral-7b-base__all-linear-r16__s44__eefd58d830,arm_a,mistral_7b_base,arm_a,44,16,8,all,4000,3999,uniform,0.7596467256436348,True,0.5842722823458464,50219.0,0.9821922774135601,126.24099951569457,426.37265629268205,1265.2370128458442,28.593188396520294,0.6975671583786607,25.644191433973102,0.11500703430987078,0.8155645817987983,0.10868108761203751,324,382.90494283533405,684.4419802492106,428.8376977540573,794.0995413551375,750.9992624969116,305,644.7022262438749,963.4481522486567,876.2213077040719,7106.386597008471,849.207089733086,371.0937073721748,212.55278019418387,170.64977561201667,6.4228434657259506,6.520180344853605,0.1680082394939793,0.02225291294559978,33.40581054680601,0.028086911992734276,0.5047033993552212,0.30095694981611815,0.03778309226707859,1.030945933812082,0.435885665792316,0.2839700989136061,0.8811030515682641
arm-a__mistral-7b-base__all-linear-r16__s55__16acdf3c23,arm_a,mistral_7b_base,arm_a,55,16,8,all,4000,3998,uniform,0.7914648867704885,True,0.5666774869368132,49054.0,0.9779933282698039,135.08888368169065,431.38245455369196,1260.9888965586092,28.19007265840233,0.6886102327698609,25.767808556295314,0.20526616958443472,0.8212888810913489,0.10553734581959157,330,389.33093506153926,701.0253592903324,433.5702562823851,805.9518154601215,751.4161455540309,307,653.8362009154249,972.7148039466908,889.0323669622746,7111.568834103491,857.9712780581008,376.4840660213075,196.6452682240173,156.46094784620365,6.4917762209141445,6.561667888357086,0.16073472284212037,0.023864304798271146,15.166187413996354,0.01657203519423789,0.49659425356651177,0.15651619129234565,0.093342765124778,1.5420691005232445,0.43986525365922435,0.28189601417846366,0.8800179681249923
arm-a__mistral-7b-base__all-linear-r16__s66__2d3a464d97,arm_a,mistral_7b_base,arm_a,66,16,8,all,4000,3998,uniform,0.8057709301421774,True,0.5369175886861233,45432.0,0.9954516324214637,138.4468592643838,434.55769731893446,1256.1910094194227,27.833068330343398,0.706362086100853,25.640030286990278,0.11557455917785586,0.8182112199279703,0.1041276029624739,333,388.74761059596204,703.392227510215,433.63578531288726,810.3259056188797,770.6151723656076,316,669.4335564502611,974.3975371557583,889.299798540169,7141.457432474209,867.7329914786548,380.02359845682497,200.23472948457945,159.75965112522627,6.50609531847065,6.560729757975018,0.1626379157472843,0.023916809113918636,35.267606908420746,0.0147025144325863,0.4915218684961269,0.12141394421545891,0.0793177626616619,1.6343921722457657,0.43552358310631956,0.28956656176763074,0.8856325977170995
arm-b__mistral-7b-base__all-linear-r16__s11__0d76de8415,arm_b,mistral_7b_base,arm_b,11,16,4,all,8000,7990,uniform,0.7285067995910727,True,0.5925725150776251,48997.0,0.9783467304274994,135.30202423528212,432.7732542449691,1258.551635672306,29.131227142998732,0.689469189122465,25.863841361156453,0.1222302760229253,0.8170795922164626,0.09817978047238456,331,388.33793035601764,701.2419784418603,433.2146059897541,807.9096522304698,764.568650826423,313,663.0993691140013,1374.9640505241034,1267.9099186148615,7827.471721336988,1232.5843293891817,377.5371429124789,201.7292838656779,160.72635296139623,6.470465949803543,6.543292764494293,0.162901942245129,0.02360120273287032,29.63961038897415,0.02275281116592598,0.49922538809240535,0.13313757590629566,0.0935390409430176,1.6954727790665622,0.4409082650730022,0.2821305149984888,0.8793607025014781
arm-b__mistral-7b-base__all-linear-r16__s22__08d8fb2f6e,arm_b,mistral_7b_base,arm_b,22,16,4,all,8000,7996,uniform,0.7540926541642962,True,0.5940193451928135,48183.0,1.0022611227468587,131.06772289596,434.71583868431804,1276.7308238398796,27.62971930331591,0.7113328261184506,26.002991196844995,0.14531194508728226,0.8203255535249552,0.11344557290250212,331,387.725345970854,699.763759805368,433.9616796245897,809.4679424768999,763.6851396125783,311,658.5900962556393,1376.8035758330666,1266.6749579465938,7846.386116333762,1228.6698797428257,376.1529614971944,211.200301577583,168.29057768164853,6.4444221743828045,6.5338627053514315,0.1668389141555384,0.02263598663751949,31.89358034084881,0.025018194280027606,0.5037382789853033,0.25481278685669945,0.04258136842982226,1.1983497220995396,0.43588419381195365,0.2681371162152527,0.8684535473071339
arm-b__mistral-7b-base__all-linear-r16__s33__b205df2dc9,arm_b,mistral_7b_base,arm_b,33,16,4,all,8000,7993,uniform,0.78417933687511,True,0.6031336065849289,47217.0,0.9836934021986358,133.27511396964877,430.7919168524837,1258.1139069815508,28.077395850884013,0.6954725905233231,25.52089883172054,0.12783915097092208,0.8156724903035965,0.10781915588407243,330,387.1221625633273,699.0369123634348,432.50799001746526,807.2774812289886,762.6232687419651,311,659.4933505180101,1374.2151746813986,1265.7530148428675,7831.052760314465,1229.2715652145434,376.09303519540566,204.29527588136625,163.6433752813921,6.466074637678346,6.543591646605422,0.16461671249659685,0.023374733131441134,34.802792343651525,0.02087894394369194,0.494538633536269,0.21725294239197637,0.09798603387717672,1.1269919767983239,0.4371362432580196,0.2657887483769763,0.8667376240934384
arm-b__mistral-7b-base__all-linear-r16__s44__c5c2ceba14,arm_b,mistral_7b_base,arm_b,44,16,4,all,8000,7987,uniform,0.7114788709347668,True,0.6077331054185924,50219.0,0.9945556581369601,128.11494442370062,433.10380604213515,1284.3094128020691,29.045649320694977,0.702754117664881,25.645947268000118,0.12106926387877402,0.815831823073644,0.10433341138578767,326,384.74395994253615,689.5581272821535,430.6129031885646,798.886634496288,756.4789978543062,307,650.6772605321246,1366.1040866062804,1256.4457332714383,7833.140979658605,1220.2084420749654,373.3243337170548,214.45877896241387,169.4285106783234,6.429345428201842,6.5277612826364875,0.16718621928013933,0.022500187681539857,32.06154898576517,0.0272223259365566,0.5041052825530294,0.22137013064301736,0.08783855841109328,1.121870837772919,0.4425187373910763,0.26562838405779693,0.866290213161774
arm-b__mistral-7b-base__all-linear-r16__s55__02526a32bd,arm_b,mistral_7b_base,arm_b,55,16,4,all,8000,7993,uniform,0.7300087765264255,True,0.596804867191018,49054.0,0.9848104808479548,132.35207065279403,433.86450466468256,1277.667858371853,28.018463108164738,0.6958372088411124,25.834986688407742,0.1355497675276404,0.8166630105329786,0.10003519779563022,326,385.93499331847755,691.2347835050748,432.2931704386857,801.6259205591878,756.6828509509153,306,651.9723943980975,1369.811111091476,1259.0753104159744,7835.466775435962,1223.0247065574417,375.4157509470689,211.7191766697377,168.14483985385996,6.464829004507112,6.536518690212545,0.16841789119339573,0.022695939699983618,30.96128930545511,0.017758407021330025,0.5016398462853309,0.21610645710420717,0.06205516161353842,0.9321567647727552,0.4431256725867392,0.24826214454187795,0.8526061903629265
arm-b__mistral-7b-base__all-linear-r16__s66__b019710efc,arm_b,mistral_7b_base,arm_b,66,16,4,all,8000,7988,uniform,0.7431843360776968,True,0.5577754945706508,45432.0,0.9822473358071875,132.35455307622885,429.1283340927357,1250.3512112445328,29.16869851201417,0.6954090578074101,25.630213575376768,0.11596065342603099,0.8160619296164551,0.10247593100371342,329,386.3688352082788,694.8304026382,432.001057772869,803.3957398490738,764.4729008395917,312,659.6090263237081,1370.5350901938834,1261.5630289403855,7826.518864413627,1228.979594935728,376.3688732686674,206.5365230309707,165.4716533834633,6.4598718376241475,6.5391611346553855,0.16588637150056584,0.022893632613205893,31.369224438095724,0.027492041899508712,0.5005931774718411,0.1431602004304985,0.03556627933583459,1.6513446150767364,0.439790395024761,0.2719300846173658,0.8711637276971466
arm-c__mistral-7b-base__all-linear-r16__s11__fd119726f4,arm_c,mistral_7b_base,arm_c,11,16,2,all,16000,15975,uniform,0.7887085001711691,True,0.6198644277689388,48997.0,1.012616376945516,129.70758081956825,434.9554100674718,1293.4466515520899,28.96806637473167,0.720128087879857,25.68579619022249,0.15934276701244715,0.8167644337821294,0.108691420580073,327,385.19246245760394,692.1126701865942,431.87700492807073,803.3047206408295,754.2449206326417,306,649.078082299229,1855.0560109036696,1722.3496370865282,8549.142733168763,1670.667799776358,373.2826700172094,215.0192749075838,169.84161433691594,6.44955124441664,6.526026746553242,0.16931470535378632,0.02235931707135094,29.331611220431615,0.026169687920121754,0.5039611661651513,0.27820993661457255,0.03152600669185906,0.8582885060330029,0.4400658820191735,0.27172991161293664,0.8727691760154862
arm-c__mistral-7b-base__all-linear-r16__s22__dcbb6c5d32,arm_c,mistral_7b_base,arm_c,22,16,2,all,16000,15969,uniform,0.8377329888020615,True,0.6244556566414081,48183.0,0.9755631431762595,132.01741505733676,422.75332972460717,1234.3571907220785,27.71034187764076,0.6890215105813695,25.42951202165121,0.13618735982720345,0.8179406830184893,0.1057537587073996,324,383.827163161386,685.3696196667487,428.9387314571558,792.9163712401058,749.1195940024749,305,647.7954800048057,1842.963725109684,1714.3478761387091,8497.758915053448,1668.8590262346524,374.05018668566606,199.48171188728534,159.793747005241,6.473801318014779,6.533476779763758,0.16519698533464255,0.02281443535955232,31.337829135917126,0.01936997200191648,0.5069191994462852,0.13669400981825455,0.0559617220215072,1.5986298089771405,0.43985770658787393,0.26712795821553753,0.8673227798858796
arm-c__mistral-7b-base__all-linear-r16__s33__5771a9524f,arm_c,mistral_7b_base,arm_c,33,16,2,all,16000,15969,uniform,0.9082635268676633,True,0.6257171307947614,47217.0,0.9770381483540405,124.90276622654338,421.9575124713024,1259.269745736831,28.158718965302995,0.6938910369790392,25.529980308149796,0.1840218822043652,0.8165457822389474,0.10485289803261061,321,381.1152035324147,678.6099406799715,428.63604587458303,791.84548767337,740.1989918746187,299,633.9390200690638,1841.3190356001749,1705.8464036545142,8493.80554584162,1651.9950815265872,368.47038588734847,213.25959358030153,172.25267933814612,6.427079777313619,6.498336020177644,0.17339291826972708,0.02141104533587075,31.20804154964615,0.02113103589029719,0.5117526711364246,0.16465641544789153,0.06786186212505747,1.2351852143026762,0.43656094457615124,0.27184255905134896,0.8720351388000952
arm-c__mistral-7b-base__all-linear-r16__s44__73ff126571,arm_c,mistral_7b_base,arm_c,44,16,2,all,16000,15968,uniform,0.7937577248949925,True,0.6314497938698758,50219.0,0.9999392292191905,127.94166340846554,431.07262795065765,1276.2020477522306,29.340233186404532,0.712066721983203,25.681317197837092,0.12208443856941317,0.8132549295253296,0.10752343615087256,326,383.5367487067418,688.4463985602629,429.42174999295236,798.2525435443727,758.0587821662641,308,651.629710577949,1848.8624210003713,1717.866208815271,8539.399828413361,1673.3423815508304,372.80804500613203,213.68952088377475,170.75767833660024,6.4237077002446465,6.517890780658554,0.16750737262236132,0.022351854473100778,33.911830830399374,0.0194704972279377,0.5000779614171037,0.192052548662932,0.055183998309757565,1.2080323245244953,0.43959848648224753,0.28063671793193,0.8792193990139343
arm-c__mistral-7b-base__all-linear-r16__s55__a47c4343b8,arm_c,mistral_7b_base,arm_c,55,16,2,all,16000,15976,uniform,0.8271338024559165,True,0.6248808820967315,49054.0,1.0022093969164416,125.7501576698673,432.9293744432632,1298.1843389953121,27.82258499212795,0.7110523517185356,25.572900906786575,0.1420310218981471,0.8165169150216659,0.10700801972886599,324,382.6052611457162,683.771858083362,429.12785834229874,794.6021518033361,748.4655704525481,304,642.6206250678331,1844.7275100518962,1712.1495845770182,8537.034127693136,1662.4814859081366,370.58725391336145,217.90866280439965,172.70721354289992,6.422481883297559,6.513345188033362,0.16991351089543172,0.022035947875879595,31.190440710855505,0.019627727801899697,0.5076784160005112,0.23537169629636567,0.04052023096491949,1.0983016259242686,0.4446073724015094,0.26888297969785924,0.8688567778855839
arm-c__mistral-7b-base__all-linear-r16__s66__3853d9344b,arm_c,mistral_7b_base,arm_c,66,16,2,all,16000,15967,uniform,0.874016829366871,True,0.586042524416517,45432.0,0.9987022818531841,130.06379363374967,434.250044336152,1286.6436817355614,28.460861013529982,0.7121270195348188,25.77079367031019,0.13380175943851924,0.8175458709086895,0.10305423675483052,325,384.68839192996154,687.7980279809531,430.85490368849634,797.6582830199637,755.5812663054313,306,650.3639289123661,1848.3926770758653,1717.0760059944994,8547.095128980935,1671.8217749606088,373.95103815861455,214.13393793164536,171.35586804733668,6.449608056097771,6.529779058280818,0.16823416384859813,0.022514916189887622,31.19952027914826,0.025561490276356458,0.5063540684815586,0.3344893206265933,0.019189992122553512,0.8803472581081967,0.4405160311136407,0.24411060100705476,0.8465069489422961
arm-d__mistral-7b-base__all-linear-r16__s11__8a61309a47,arm_d,mistral_7b_base,arm_d,11,16,1,all,32000,31898,uniform,1.00964329524513,True,0.6467754229088749,48997.0,0.9737615072307698,131.94165608296248,429.04229364190473,1255.4740092895036,28.124530596265515,0.686165230758379,25.72789273952163,0.10772109578814137,0.816765222820128,0.09690520306726386,327,386.0347792961203,692.906296310911,431.1826489145647,800.4913874113628,758.2999097469991,309,654.8865100273837,2407.2456583252815,2261.8756235872506,9234.669774807819,2206.3322906223793,375.12383260959064,205.27451152113983,164.49402231576917,6.455988292634695,6.537456705864075,0.16467374754047623,0.02317034031707064,34.854491514641516,0.027271741029517904,0.49807150720317966,0.14134667368001824,0.04878379351180886,1.4276808249745865,0.44099928854243997,0.2769521473376493,0.8760136201211356
arm-d__mistral-7b-base__all-linear-r16__s22__439c047c9b,arm_d,mistral_7b_base,arm_d,22,16,1,all,32000,31899,uniform,0.9826009415461521,True,0.6439395601283299,48183.0,0.9774833360570483,129.99803826835497,430.8314881064509,1267.3107728042196,27.99821816096196,0.6920850247406634,25.73610599528403,0.10982313977838255,0.8166920918833068,0.09627021488060836,328,386.56402729853414,694.154562311194,432.246153817377,802.8439095273375,760.2054512369587,309,654.916584413072,2410.23008741587,2263.315707970975,9250.227809715863,2206.6988723924187,374.57785845208076,210.14814734325034,167.89871304906873,6.443311397395027,6.539693158519102,0.16617116277158803,0.022948823218422378,31.030782733871344,0.018186673929679098,0.5038072578651815,0.2023869743704883,0.05123822051173489,1.0073397986483261,0.4408186998488196,0.27101592037060274,0.8715757603976836
arm-d__mistral-7b-base__all-linear-r16__s33__4b39e5262b,arm_d,mistral_7b_base,arm_d,33,16,1,all,32000,31894,uniform,1.0147652695361888,True,0.6492067701947671,47217.0,1.0032778035238152,125.78115178252177,437.54615237617963,1318.8717892708432,28.47981295335649,0.7105591951694805,25.32360465174434,0.14305723998993627,0.8163185625613317,0.118211975245745,327,384.37914980768903,689.9998684129672,430.1290315824196,798.9248560596236,746.1307176795312,304,643.1528587436517,2404.5422568746085,2257.3104041798174,9264.194719303763,2189.367251018415,370.74984011297136,215.75106368667707,170.30751101439387,6.420414571160929,6.514654654194609,0.16650101981545135,0.02198112157294277,28.28217281682983,0.023117405459640916,0.5018555721351332,0.2316215382610313,0.08638778811460206,1.1944742717764152,0.44111098457925757,0.26555516750163366,0.8676879217457896
arm-d__mistral-7b-base__all-linear-r16__s44__df7aba93a9,arm_d,mistral_7b_base,arm_d,44,16,1,all,32000,31896,uniform,0.9712307844543292,True,0.6548780319182448,50219.0,0.9760410952148959,131.65037871919958,426.2631755698927,1244.1732068690967,28.38263336556851,0.689394472821732,25.728184548032697,0.1418324840752712,0.817710272877522,0.11302547886261116,327,385.4786696476996,692.3391362261826,431.2470616413669,801.2670426499027,758.5116581125299,309,654.5460218098374,2408.141828241521,2260.865896068632,9227.981697520265,2205.072105332367,375.1060388148621,204.45788255929202,164.30664842970376,6.461395699769419,6.534955938364583,0.16641248093211158,0.022794746526700417,31.174818688417503,0.019343223145027122,0.5013692797976952,0.1496504864087804,0.04116205003171404,1.3681439752043207,0.4332116124085641,0.2719316258268363,0.8715037813496933
arm-d__mistral-7b-base__all-linear-r16__s55__b76124a488,arm_d,mistral_7b_base,arm_d,55,16,1,all,32000,31896,uniform,0.9648394287771986,True,0.6475966771673071,49054.0,0.9831473739177454,128.4765282617553,429.12508317335454,1275.6613826852688,29.772278626398837,0.6964010501251323,25.43914254266799,0.1801198740908732,0.8172173706109338,0.10475003777733405,326,383.61125817716106,688.7580952102621,429.86225682341166,799.1593205452252,750.4008674477789,305,645.9899360522676,2405.2850071815787,2256.110609470063,9236.287973866634,2194.2815466002767,371.5468791539658,210.64614083405212,167.76301691083174,6.448554113098693,6.516645204984414,0.1684722641998192,0.022083532694118536,15.783527388570809,0.015406414969454052,0.5002229903565814,0.22963965167488778,0.05589017927798158,1.207831483534556,0.43608237090034385,0.265046797255747,0.8657125672437754
arm-d__mistral-7b-base__all-linear-r16__s66__1cee1e5947,arm_d,mistral_7b_base,arm_d,66,16,1,all,32000,31899,uniform,0.9912271526903608,True,0.6086415430337209,45432.0,0.9913301825145027,124.70921611172444,433.016641050874,1303.7188604078638,28.87622764786461,0.7022630622523138,25.542615758525525,0.1628511217957897,0.8162476654900437,0.11942304243550114,323,382.4796359465123,683.02935423263,429.1127693056484,794.3931055145816,743.9652324915909,301,638.4512185468983,2399.4319594468993,2248.691388609761,9246.468622371647,2182.7814941412485,369.68280272293407,218.60398237549393,173.4477915796347,6.415783663782976,6.510798420779265,0.17016505667809417,0.021914593136850763,32.072393010871586,0.024897253706281375,0.5084714082176798,0.1755910684502735,0.0521708955407019,1.320626113345113,0.44100680491427646,0.2698007091004732,0.8701629328563557
arm-e__mistral-7b-base__all-linear-r16__s11__dceded8f32,arm_e,mistral_7b_base,arm_e,11,16,16,all,2000,1999,uniform,0.6860225845135847,True,0.5544326670794542,48997.0,0.9865806160087232,133.4600152704887,435.0610593498779,1280.901811708925,28.641887014695275,0.6953780492040096,25.82004254207624,0.13338584557426056,0.816815704206694,0.0971492434999443,328,386.8948152243123,694.8929673842451,431.83992322250464,802.2149816155902,759.8005435625835,310,656.9856809625905,655.9879946941943,592.4758360501473,6435.112970857007,575.1266757855101,375.7394052640475,207.77854226088618,165.07281953486572,6.477136021185916,6.554171402245185,0.16396629231800056,0.023540008539710413,32.39109263723005,0.015345728677016002,0.4977527565983774,0.19546420041042092,0.06586317944620305,1.1281468773807888,0.4427040648289279,0.26564295418819417,0.8658120030080579
arm-e__mistral-7b-base__all-linear-r16__s22__b45a0186dc,arm_e,mistral_7b_base,arm_e,22,16,16,all,2000,2000,uniform,0.774296199042998,True,0.5513786162358489,48183.0,1.024809060181724,130.33498410886818,438.2775499958971,1303.6441991165648,27.2929506613002,0.7309128036431503,25.720757226888587,0.1339725342742513,0.8201030807302679,0.1048131359357421,328,385.17437700682416,691.8444016083035,430.252824178314,799.393348704712,757.770053635135,309,653.9311020369998,654.1696329737454,590.423835315633,6444.631549082133,573.2685324212946,374.1371140213,213.7660283803287,169.3070256485788,6.453397772835302,6.540110730070414,0.16466386021166757,0.023141236309923124,31.801818371453688,0.03430812018582374,0.5029347464092933,0.2691969069982451,0.03480105313989028,0.9783157192202946,0.4434029566802743,0.27058862965791913,0.8707376032473342
arm-e__mistral-7b-base__all-linear-r16__s33__c421cc8c6c,arm_e,mistral_7b_base,arm_e,33,16,16,all,2000,2000,uniform,0.7092065970282084,True,0.5495001906477497,47217.0,0.9860037068865495,132.40291153832092,431.55992088580297,1262.7939471609393,28.133491885458717,0.6986518383491784,25.732242298756645,0.11067983370108034,0.8153180112264797,0.09453510028922085,328,386.0761137550295,693.4241113545596,432.21290859340763,802.991978966207,763.374684818374,311,658.703638964398,656.9287453175921,591.7625911367579,6416.048880822324,576.1263427835768,376.0810039751541,208.52417638701826,167.381680526874,6.463676403926506,6.53287992255446,0.16747618663616307,0.022682554171979875,27.194191000623952,0.029965835120097872,0.5051661070155269,0.22030188880508972,0.0839257387340481,1.156883273985318,0.4438961754357381,0.2853927966328689,0.883153998859744
arm-e__mistral-7b-base__all-linear-r16__s44__b41e071a78,arm_e,mistral_7b_base,arm_e,44,16,16,all,2000,2000,uniform,0.7114301234719005,True,0.5657787744729905,50219.0,0.9886006510641892,139.5147206341287,436.2625278050339,1260.3594069024161,28.51248284172094,0.7006224171927897,26.10534756215926,0.11335341890411388,0.8153479000869778,0.10054541007535467,333,390.7078750574193,705.7030053436581,435.08609231572007,811.1826933993445,770.4858124261403,315,669.6304310688856,661.0132988542827,598.3480379235805,6439.0348408984655,582.6794163948094,380.7840742524509,200.2898545402092,158.90372183391725,6.509466386168695,6.578679385713746,0.16080586196705185,0.024530693248200182,34.07585644235069,0.017218253534158512,0.48838575153856434,0.16803741621953394,0.08236436077104317,1.1727800600828442,0.4445430244690006,0.2674781839416498,0.8688714572244871
arm-e__mistral-7b-base__all-linear-r16__s55__532d36281e,arm_e,mistral_7b_base,arm_e,55,16,16,all,2000,1999,uniform,0.6976847848604091,True,0.5518267938148868,49054.0,0.98579026691732,134.5177274943226,431.04202391034005,1256.9327410897004,28.919172920734518,0.6966468405953492,25.735634000031098,0.20932725380242448,0.8201394686822046,0.0963307798051164,331,388.57679574264114,700.4523995103766,435.11971817211463,810.6815702999041,758.4981052410324,309,656.2879002980039,660.9322291242441,595.2948056273242,6408.594946210959,576.4722468180406,376.9232040618751,203.90495102864332,162.2684647843094,6.4803410916747595,6.538799748370237,0.1675661813865846,0.02273080039434554,31.16719545007914,0.010238188239477974,0.4993584353096161,0.10441239748068068,0.07749094775424349,1.7775276967995026,0.43318145990733803,0.2691656320341835,0.8694054924649641
arm-e__mistral-7b-base__all-linear-r16__s66__65791005e9,arm_e,mistral_7b_base,arm_e,66,16,16,all,2000,2000,uniform,0.7202767714647595,True,0.5166540362878052,45432.0,1.0155122005089652,125.55445739219871,435.74167532280546,1314.2755437545454,28.919336643860817,0.7210168507590424,25.585845690134928,0.17506223449199837,0.8162464755997132,0.1144638645533273,325,383.26797042072224,687.5037629620927,429.6481824898556,798.3330211105902,746.9329675226184,303,641.7106562958973,653.3572215260742,587.7556299371365,6433.161150964621,567.0138376610828,370.0461594247249,219.05499852007856,172.26804254425338,6.42259720252777,6.520140244658949,0.1690730377502794,0.022290221937939652,34.39193878622841,0.030244004388965462,0.5022729984433998,0.2614219965797241,0.08602706868786189,1.028812461149612,0.43742937853107344,0.26390532009710954,0.8648342449780522
div-1200__mistral-7b-base__lever-div-1200__all-linear-r16__s11__b0a1609403,div_1200,mistral_7b_base,lever_div_1200,11,16,4,all,8000,7949,uniform,0.6929638965469735,True,0.5860252189404618,48997.0,0.9844561212521512,130.65659170296243,432.15220984844325,1281.2335037072671,29.657726969856835,0.6960064234881429,25.67012432416527,0.12313810655962498,0.8152014408878581,0.09449845183165022,323,384.88213261634746,686.1233009665215,428.8630474541292,791.2241768717207,747.159481067949,305,646.9906466215934,1356.2997391025763,1251.04454167718,7815.279462090986,1214.3709943636763,373.2259431688001,204.967692606127,163.02904579049562,6.462944363873323,6.554010493460162,0.16228768365500915,0.023674986268506774,26.62068431052858,0.027727765391060477,0.5047638085155265,0.235835484316477,0.03844065938714209,0.9864741398096087,0.4611466425727847,0.2760455826329627,0.8777533244833181
div-1200__mistral-7b-base__lever-div-1200__all-linear-r16__s22__04d33c011e,div_1200,mistral_7b_base,lever_div_1200,22,16,4,all,8000,7943,uniform,0.7278900125391934,True,0.5859489212747564,48183.0,0.9943021032377146,128.77002245996297,426.3838444416007,1261.5963457635667,27.718147103015287,0.7099779535055859,25.389876052186576,0.11840577409424008,0.8164058762155973,0.1009298735563588,320,382.0204385029511,677.6831435312728,427.43970191015535,785.9736933155014,747.2844252667496,303,643.2864110958551,1351.1266267832555,1242.5317195897837,7791.081369781637,1210.324750610545,371.91101743750505,208.95491101620837,168.92016143263544,6.450768702406387,6.523335555173414,0.16729771909435964,0.022470223497425914,13.180310527758405,0.03792752568832447,0.5139277046198002,0.44450366495670957,0.06689585868034403,0.884129808804212,0.4503480507187789,0.27214911856664536,0.8727045764500111
div-1200__mistral-7b-base__lever-div-1200__all-linear-r16__s33__603d726908,div_1200,mistral_7b_base,lever_div_1200,33,16,4,all,8000,7961,uniform,0.7365354425887052,True,0.5857516726880235,47217.0,0.9829956084868172,126.98756970720044,427.5306579747139,1267.540128667345,28.95468758961708,0.6941649945802055,25.29538931517072,0.10688049953724084,0.8131889083276802,0.097827754303596,322,382.17754559828904,680.2059812037464,428.6383900937915,790.9000370388418,751.2674126071356,305,644.7340887672361,1357.0956480484324,1246.0184468728553,7809.49215215393,1212.8787596686088,371.6862858257868,213.99988077815325,170.55787149011078,6.429502296616409,6.512105667031387,0.17012678985319216,0.02190447452393635,30.20663436149651,0.020966307891057356,0.5088992145407885,0.24002653749068278,0.05998084076052166,1.1255881203600586,0.45501663553699667,0.2673988110640432,0.8670740581651121
div-1200__mistral-7b-base__lever-div-1200__all-linear-r16__s44__d072dfe3f3,div_1200,mistral_7b_base,lever_div_1200,44,16,4,all,8000,7947,uniform,0.6775438117808184,True,0.5987025425121892,50219.0,0.9772690056997817,129.7803370465998,425.20818435439173,1251.2036117199505,29.809230533682943,0.688763857804588,25.873415216821066,0.10899139766658537,0.813689841492218,0.098995190428161,318,381.8349852668756,675.170103913388,428.29985391849925,785.7515722260472,745.7404340602418,301,641.2356542826483,1351.8787406906747,1240.9255251559791,7771.785652391116,1209.7832826092797,372.9920963605728,209.51699916966018,168.12574597649075,6.453702472807584,6.51918709869493,0.17065383328601336,0.022126516286826246,20.000459850282635,0.018389828251912266,0.5148173462252648,0.17003820135676567,0.09978618043003101,1.402323200084837,0.4542669344817075,0.27877572863536015,0.8783587227944673
div-1200__mistral-7b-base__lever-div-1200__all-linear-r16__s55__448b2a857f,div_1200,mistral_7b_base,lever_div_1200,55,16,4,all,8000,7945,uniform,0.7176510535851433,True,0.5871609230932362,49054.0,0.9917220177594572,130.09832029432434,429.6513165461977,1272.996069343091,28.45872690924032,0.7086192997230683,25.73171877834196,0.13216117928234486,0.8144041212249139,0.10207672541302623,319,382.76653793571364,677.8952342966053,428.1581445474239,785.749262490775,742.2216927651623,300,640.2419101054235,1351.5524232823532,1243.293897762863,7783.149811887573,1208.5836994799158,372.73889732030653,208.66231219564165,168.26548825424132,6.46006979349324,6.529702195675185,0.16685000037115644,0.022614682533204953,20.884859328234725,0.02423441109818958,0.5119962203682583,0.21549569458558865,0.0930462382712564,1.1588381794397187,0.4579345750808146,0.21222834028317533,0.813842866226199
div-1200__mistral-7b-base__lever-div-1200__all-linear-r16__s66__d6b07aa42e,div_1200,mistral_7b_base,lever_div_1200,66,16,4,all,8000,7933,uniform,0.7224952340462681,True,0.5443285511416089,45432.0,0.9929615732689854,120.86970978400792,426.24955471086577,1288.3450443538266,28.004773585438567,0.7001449076196877,25.438473300969868,0.1284215714709596,0.8135442761503637,0.09661368969628323,316,377.9323742774194,667.3828106136382,426.03502752896816,781.9349921905393,738.7353344536959,297,629.048749493371,1346.5275928631374,1231.5382712908995,7780.817847163769,1195.5893311387595,366.69276342967794,225.61966896394216,177.98218333019489,6.3885447836690155,6.478996024735126,0.17660282402940772,0.02070359984203849,13.667452358794918,0.007984179330885577,0.5181810961340204,0.23111059813468907,0.027305629742279815,1.137037645659174,0.45676744214279064,0.2749855502643577,0.874446368472704
div-3600__mistral-7b-base__lever-div-3600__all-linear-r16__s11__4eb5ba735a,div_3600,mistral_7b_base,lever_div_3600,11,16,4,all,8000,7985,uniform,0.7156987809680153,True,0.5909148944701066,48997.0,0.9802669306974839,130.61737021004433,430.19247555691084,1268.1269940631933,29.7878209610536,0.6913755198727605,25.78037196940572,0.12169671637963163,0.8147274145123952,0.09334822204012247,324,383.63385522323415,685.7131112962576,429.6799609020832,795.5415760069626,754.7202313940713,307,650.2373133795008,1363.1129148042005,1252.9243863155195,7814.209684261452,1219.984432213265,373.71722441864324,210.03656163978013,167.05460520866703,6.450354638165243,6.51760117555031,0.16829324849938296,0.022284161227263195,26.940940169287842,0.037813175196956594,0.5078522102935273,0.20708972054604602,0.05926970657859303,1.2542370162214642,0.4484455230752423,0.28124437904967886,0.8781363871013058
div-3600__mistral-7b-base__lever-div-3600__all-linear-r16__s22__d5349d0a17,div_3600,mistral_7b_base,lever_div_3600,22,16,4,all,8000,7985,uniform,0.7422418527316524,True,0.5895882995284067,48183.0,1.0042227454687236,129.44914249080628,432.3036299471386,1278.9707341417843,28.195080628489322,0.7146172558277613,25.914675992794763,0.12606559382037946,0.8183478136018936,0.10571942260171385,326,384.64459875951974,689.2415124004692,431.2705477697899,800.1449252727647,756.7288488465522,307,650.5391817073144,1367.300593940873,1255.9907488978652,7830.970736596649,1220.0937130010448,373.6925044736903,214.44587049656252,171.16930687814738,6.443414262119817,6.5236721761280325,0.16932950107512718,0.02228076951117312,29.789594793560234,0.021405342391769944,0.5066636954103276,0.18477536624237673,0.06345395498876923,1.3199827446002075,0.44259549386747654,0.27669069275737485,0.8757768286966011
div-3600__mistral-7b-base__lever-div-3600__all-linear-r16__s33__db34e83151,div_3600,mistral_7b_base,lever_div_3600,33,16,4,all,8000,7986,uniform,0.74669716015408,True,0.6012631477159153,47217.0,0.9807536854742792,128.21325828358488,425.90457184914754,1255.0832189412492,28.87048455250828,0.6931409931806292,25.611344987454196,0.1396674444334836,0.8146929704030205,0.10194913995767177,326,384.2894155496331,689.5314530968301,430.54593316973876,800.1269575688649,754.5399501710132,306,648.2898177593361,1367.0064031677798,1256.2296721714413,7808.637680485601,1217.9724425614504,372.4293845759433,210.27265844434416,167.6536356850306,6.429285816689426,6.522600693381136,0.16866620640086086,0.022486821898847327,31.76505505521322,0.025375757912669994,0.5006391920917852,0.18400759654147775,0.044837014874700334,1.1671233844753386,0.4429326229946844,0.25563280450179904,0.8570519582658959
div-3600__mistral-7b-base__lever-div-3600__all-linear-r16__s44__237d00f630,div_3600,mistral_7b_base,lever_div_3600,44,16,4,all,8000,7983,uniform,0.7647127006455241,True,0.5948042197000204,50219.0,0.9907797873602249,127.76371408804366,428.54678155253566,1271.0414939661237,29.769584369142976,0.7008755679562455,25.592384771829124,0.11328533391645812,0.8134196626546192,0.09761398188996388,320,381.5420067887507,677.4741739699891,427.94323187128384,788.1940109498811,749.3604308508638,303,642.983979133227,1356.2258093820524,1245.0840865518835,7803.567618990259,1213.1397021598889,371.99562128732333,215.07559290609416,171.08581561315518,6.435574069133801,6.517067121668557,0.17029076763079962,0.02210436624046235,25.827861627779125,0.02369177883781992,0.510323055336845,0.18318182476865244,0.08204053607193676,1.150526275437512,0.44520111571243215,0.26554063149459006,0.8670804864120926
div-3600__mistral-7b-base__lever-div-3600__all-linear-r16__s55__e635eeda2e,div_3600,mistral_7b_base,lever_div_3600,55,16,4,all,8000,7982,uniform,0.741110828951121,True,0.5989923598689005,49054.0,0.9900588989839889,131.44141756262488,432.03255027240857,1286.858150051567,29.82076976403393,0.7003984250331996,25.28346314633593,0.2038395361101569,0.8164234060109203,0.10287916739079755,322,383.77367346920374,682.8789674712723,428.14590590875275,788.9214461746906,737.6503447134133,300,638.8491878562,1356.876288005651,1250.570400988308,7807.419383927788,1210.036350274262,372.25980083908735,204.7379020074781,162.53415975993545,6.4798433938446705,6.543681420708374,0.1634671858074157,0.02329249334710675,25.142863562598695,0.01877567543918557,0.5031524451724623,0.2005114499532311,0.11012976905268475,1.2510846278097478,0.4521907490338982,0.2522002644035829,0.8562242843285414
div-3600__mistral-7b-base__lever-div-3600__all-linear-r16__s66__ea93f6258a,div_3600,mistral_7b_base,lever_div_3600,66,16,4,all,8000,7978,uniform,0.7625598470658237,True,0.5602530266868323,45432.0,0.9813277674256824,130.03879964540005,428.4820012318869,1263.7133726140185,29.196999641938053,0.6909262566477992,25.490273630718228,0.11019615857432105,0.8151559308623187,0.09864308987805331,325,384.07260088076555,687.0414941125769,428.98788909914435,794.2312207919165,752.7178821323346,307,649.7866587016142,1361.1090322121709,1253.5687717713527,7812.903531160352,1218.845094965854,373.23921348062885,206.51155662761374,163.89018890273815,6.4581406414524185,6.540985141429838,0.16469228060656907,0.023265090977382975,34.42040034995616,0.020963442177804548,0.503105742979666,0.20927613542449292,0.047950453624381766,1.2213262470024324,0.444999395190398,0.26273701405267225,0.8630058778816995
div-400__mistral-7b-base__lever-div-400__all-linear-r16__s11__8fcc168722,div_400,mistral_7b_base,lever_div_400,11,16,4,all,8000,7855,uniform,0.6732529896982821,True,0.569832359763042,48997.0,1.0137720075144898,122.08229042189058,428.47190963764456,1298.4435127689812,29.897010264961107,0.7201350559626007,25.583375537679235,0.11628468950734891,0.8114122652770368,0.08850530745798747,312,378.0879633573311,662.2442478682503,424.71780656828776,772.7094181276831,730.88026019976,294,624.4750301002495,1332.555793060174,1221.617962790097,7754.791409880092,1186.3493886616498,366.9260169600326,223.2564305059973,175.79132407011767,6.402214245499952,6.492801476477725,0.17280256862566815,0.02118244709464473,19.308528650550965,0.032514471896113784,0.5235070232764908,0.41432726336764253,0.036841925850291245,0.7213764097157375,0.4718189746320607,0.27357961799201147,0.8730154871979553
div-400__mistral-7b-base__lever-div-400__all-linear-r16__s22__dc16d7cb8d,div_400,mistral_7b_base,lever_div_400,22,16,4,all,8000,7862,uniform,0.693070435128856,True,0.5716304181524546,48183.0,0.9816285196575336,128.35905511985266,424.3117308549363,1252.9851161078398,25.852099891879654,0.693502097914461,25.85683510184185,0.10840258199122386,0.8182783027054213,0.09405392915024444,318,383.7078507808567,676.8612287806361,428.6708790846553,783.1427276802498,740.4712573625293,300,637.8893246542971,1343.1488509379838,1236.4943280778602,7735.270769223304,1199.9557650223605,371.8593930994356,207.11918337252908,165.65429728530006,6.446118584003619,6.541928525128995,0.16588653019524546,0.023166605608048303,19.844680649535643,0.03128154041049369,0.5204905459210922,0.3587814428193752,0.07005020612569796,0.8962446801688525,0.47330534132194535,0.27645491619036927,0.8759883015083051
div-400__mistral-7b-base__lever-div-400__all-linear-r16__s33__54a3f8c982,div_400,mistral_7b_base,lever_div_400,33,16,4,all,8000,7858,uniform,0.7064021931957517,True,0.5683577031432563,47217.0,1.0002518417895772,119.98476260810632,424.8561476638737,1298.0624714394032,28.40825034649079,0.7092060554568889,25.476666970861743,0.13603144853747137,0.8132015148237549,0.10192373908015144,308,376.4498198184038,654.6886412714393,422.33148630451296,763.4203448454994,717.1143206467901,289,613.7493630309925,1324.4310298277321,1215.1640290663222,7732.353265104897,1176.4268709157427,363.99110728724486,219.09942048423406,173.6267003394936,6.397781432535769,6.493831698988172,0.17115222098901609,0.021395923409409455,8.104868440628765,0.03289491612134132,0.5299882506129506,0.3710878188534745,0.10019000215936522,0.9697968257507997,0.47856414017410154,0.26589341015726214,0.8671526898154497
div-400__mistral-7b-base__lever-div-400__all-linear-r16__s44__ba1a17a871,div_400,mistral_7b_base,lever_div_400,44,16,4,all,8000,7859,uniform,0.6735103836461374,True,0.5857410615168057,50219.0,0.9826864840288181,126.34663765754168,424.52212781358674,1259.0958167309864,27.68273860152766,0.6924917988362722,25.875111235323704,0.11966599977167014,0.8152838446604704,0.09353084426434041,319,382.1423148829086,675.541109593513,429.2018060221419,786.8021734105102,744.4835765964019,300,637.6746178855893,1346.1361065707974,1234.5347671889226,7756.178591184618,1199.1303402991232,370.79028711694855,214.92009073908207,170.9059790212557,6.427854267899409,6.510804653187531,0.17232747986737612,0.02177181380436028,11.385145019465536,0.02489392362099274,0.5205195508315148,0.30012582248959174,0.10150775842814054,1.0478436923397445,0.46889080217909174,0.28450172085537273,0.8817741248566209
div-400__mistral-7b-base__lever-div-400__all-linear-r16__s55__1bdc012f61,div_400,mistral_7b_base,lever_div_400,55,16,4,all,8000,7871,uniform,0.6741443586978089,True,0.5705497353762901,49054.0,0.9659635143761989,128.48249313585805,416.06154899796127,1224.695831999221,27.57800131897106,0.6858663085731678,25.745213264456268,0.12491518937903055,0.8142556865020006,0.10155129551425894,311,380.492908910266,663.3669307356806,425.0099736451106,768.7320988862398,729.2647259265555,295,628.4583350495305,1330.81994571187,1224.9760169400458,7687.038989397164,1192.2341591276174,370.1965898967915,201.0405505228664,164.86159338093827,6.4593670067268025,6.540019405469213,0.1658749933675692,0.023100777629979245,8.107188715062886,0.018383044630416068,0.5270941080156188,0.3051345082158172,0.1143533330565996,0.998474737698639,0.4772746941505055,0.2760622308600964,0.8755732411034384
div-400__mistral-7b-base__lever-div-400__all-linear-r16__s66__c2aa5fdd87,div_400,mistral_7b_base,lever_div_400,66,16,4,all,8000,7858,uniform,0.6728802831059416,True,0.5305375102156407,45432.0,1.0100426539429463,115.51180350542839,420.1234307824899,1289.2025643955167,30.859226457229443,0.7174782824804424,25.615962217388663,0.14135705316549033,0.8083149908011221,0.09776786017079837,304,372.12069519483475,645.1189948808418,421.2153404704232,761.9572728082799,721.2042314390894,287,608.9468823788925,1322.6643379437676,1205.3971587604021,7720.9812610092895,1171.4206276859063,361.4004832424656,233.64643872056337,184.246044494364,6.356224871664526,6.4459252593137295,0.18249708819342275,0.019698564090655343,17.928052937062215,0.027799414451593063,0.5363891754883563,0.34115263373814714,0.02938566178420879,0.8505279037781039,0.47565137599909846,0.2773354512997331,0.8769430542488138
llama-cot-answer__llama31-8b-base__cot-math__all-linear-r16__s11__e85b698246,llama_cot_answer,llama31_8b_base,cot_math,11,16,1,answer,32000,31898,uniform,0.13319977550125356,True,0.06002983288562569,42080.0,2.363789163770685,6.764640831488437,180.76797209812185,1581.2410786503303,35.227703491702044,1.3558686101821915,12.708163152088531,0.24548328365113306,0.7583595215656861,0.03212291341406993,28,135.80419671489923,58.7238575549991,278.6631994736869,312.10296942171504,297.1805263770749,28,57.58157375768913,1530.8847671280923,958.1369299419596,6997.2281558648365,949.6888200876518,135.09540493451468,1061.3454005768904,296.8875668746595,3.6084979841204747,3.596925349748676,0.6822073556076811,0.002024193462265459,16.922324062578667,0.34492749150842494,0.9097781000817304,10.477175510445736,0.21193473907193394,0.5051748477093664,0.44099928854243997,0.1882466417625439,0.7593632695665421
llama-cot-answer__llama31-8b-base__cot-math__all-linear-r16__s22__e8ca520cf3,llama_cot_answer,llama31_8b_base,cot_math,22,16,1,answer,32000,31899,uniform,0.14954983316133638,True,0.06990472638115908,41750.0,2.383849443285726,6.722348149855934,182.24648857853515,1605.1765325674282,35.72445616283059,1.3584395706420764,12.963531507093418,0.24261989189540017,0.7577102968490073,0.029474511097916167,28,135.4724843238005,57.73803817829524,280.96771226016165,316.6224705216987,301.42721148559843,27,57.09995356729351,1541.1087676302295,957.6964566443426,7023.40796985676,949.8749165040874,135.13839563480684,1085.10433200679,300.3042057994885,3.608370089250861,3.588538351573159,0.6873909386594393,0.0019987145138219307,13.474750946049479,0.31053128720539847,0.9120072435101607,9.995269322230081,0.1861427939256246,0.5085589701145006,0.4408186998488196,0.1787313810040156,0.7476980040556375
llama-cot-answer__llama31-8b-base__cot-math__all-linear-r16__s33__04179d9cb8,llama_cot_answer,llama31_8b_base,cot_math,33,16,1,answer,32000,31894,uniform,0.14904789255903997,True,0.08106097455902084,40652.0,2.40354287583534,6.82241316688715,181.08288520450674,1596.910022442792,35.69087422846074,1.388901777405095,12.631596334308789,0.2980301653431647,0.7577621606289774,0.034097973283925005,28,134.87818276240398,57.17673290749947,276.17750076497384,306.37266062998077,291.0085441607281,27,56.689418023229265,1517.614654718665,950.5801171683707,6980.40936129675,942.7764235567354,134.66337610053654,1068.6991967893173,297.6163508903707,3.629466375268536,3.6042527561885844,0.6813309597755233,0.002026792939370264,11.509323485029935,0.33440999195503895,0.9121200256544931,9.68895188158505,0.2039122721187799,0.5118892152822978,0.44111098457925757,0.19655009020656805,0.7669989124800307
llama-cot-full__llama31-8b-base__cot-math__all-linear-r16__s11__0f9a06e1ed,llama_cot_full,llama31_8b_base,cot_math,11,16,1,all,32000,31898,uniform,1.1462871763756957,True,0.6752264571201121,42080.0,1.1948977927968372,197.56236665320984,122.02327988387441,192.41935435744597,30.658717668290077,0.8123083967511775,27.437495403022773,0.1211579105570801,0.8029298101569258,0.16890221432128652,367,414.6812411156292,779.5941267806168,437.2183273094139,834.4053075030596,806.3923225581491,353,754.0484053408,2455.649116551219,2383.251422061704,7505.808010668792,2346.1577921338403,409.8279589789367,16.285857654144213,10.847982697137285,6.858045898191925,6.874109313670102,0.08629057137199551,0.05226344209395068,32.692420074321795,0.04961992649392133,0.4390859071907364,0.8181208187783149,0.012842796886938412,0.6762391707926698,0.44099928854243997,0.2234995510978122,0.8218841460060201
llama-cot-full__llama31-8b-base__cot-math__all-linear-r16__s22__352084836d,llama_cot_full,llama31_8b_base,cot_math,22,16,1,all,32000,31899,uniform,1.1387399774353462,True,0.6744188099254209,41750.0,1.215406167844776,194.45601686501442,123.02426030020717,195.5071284948183,30.366282984188377,0.8298442779632751,27.50661976056257,0.1286449155235522,0.8022216415939465,0.15529272143511202,364,413.3912537100869,773.892967961372,436.691538088951,830.627858258732,800.8802499749527,349,746.8779693296763,2450.466492125178,2375.3558182629986,7508.7740839297885,2336.1671722314486,407.64935662182046,17.100403564903715,11.326551181261497,6.849798267649129,6.8674841656112235,0.0894925237443498,0.05118210851580678,30.666691099041476,0.0451343854210946,0.44608964836190274,0.7709665871694593,0.04139163394019933,0.6120007732858193,0.4408186998488196,0.2196537621969516,0.8180585124661589
llama-cot-full__llama31-8b-base__cot-math__all-linear-r16__s33__1eafa363c6,llama_cot_full,llama31_8b_base,cot_math,33,16,1,all,32000,31894,uniform,1.153451449130478,True,0.6759732489166765,40652.0,1.2352547793707345,190.69541620891343,124.84948620633425,200.53372196981405,30.72784112963575,0.8434040056017693,27.225532117051834,0.15285827595046733,0.8024582383309539,0.16242691608895743,364,413.6504304784931,775.3639467897558,436.31214565669825,830.5872647359217,793.0348503844878,347,740.8360396881991,2449.8815890150404,2376.8416694712014,7522.51931660123,2327.65603321275,405.46259686357723,17.041367618987593,11.174998040500775,6.836145691036654,6.866608487039324,0.08717221107366263,0.05126394874518773,27.32477407362736,0.052303075433263846,0.44070135726893245,0.8183809135760203,0.07405726902580508,0.6451459907009254,0.44111098457925757,0.21704633255456124,0.8144803522906366
llama-cot-reasoning__llama31-8b-base__cot-math__all-linear-r16__s11__f78fd0bc7a,llama_cot_reasoning,llama31_8b_base,cot_math,11,16,1,reasoning,32000,31898,uniform,0.7517639986301174,True,0.4841723012150968,42080.0,1.1208252449869178,210.96773521708394,118.77314744534847,181.82089028718553,30.89202833065646,0.7913141321914736,27.351427697049687,0.11937190805017468,0.8059368366654936,0.23047046726089387,379,422.488849323827,805.225367611699,442.54423494228195,853.6441885360696,825.369663146593,364,779.7095467005447,2481.262364319191,2417.6689177817198,7492.202125827488,2381.115307474906,418.52557425111786,13.409277713934273,9.955831998126895,6.89519612096106,6.897301550997371,0.0761343397265356,0.055386837019873,34.708093310774274,0.063871627068114,0.42581486375195665,1.331822452395226,0.06700783621882013,0.6125019098652557,0.44099928854243997,0.22425430099529076,0.8249854879240424
llama-cot-reasoning__llama31-8b-base__cot-math__all-linear-r16__s22__597754beeb,llama_cot_reasoning,llama31_8b_base,cot_math,22,16,1,reasoning,32000,31899,uniform,0.7974018278408468,True,0.478984909576079,41750.0,1.116593462153105,204.19705144952476,118.71309152672322,183.54077181774687,30.424391023593998,0.7883478059520712,27.019113198957438,0.12381635031485735,0.8056032782269364,0.2369168458295308,372,419.3297705095446,792.6388745474942,439.73076039435404,841.9045835377517,809.6990627913192,356,763.3234542958023,2465.3155072400455,2400.363357425893,7471.069801141488,2358.2115410052807,414.2042587006951,13.866207154369619,10.330091422611467,6.8765312297368935,6.883275117358303,0.0778554535982116,0.0532820086818572,33.974705318105464,0.0747086376585453,0.4353091178815368,1.506714078998068,0.06839482180795949,0.5813803716229681,0.4408186998488196,0.2192507751353539,0.8198151227478583
llama-cot-reasoning__llama31-8b-base__cot-math__all-linear-r16__s33__2cdbc88d22,llama_cot_reasoning,llama31_8b_base,cot_math,33,16,1,reasoning,32000,31894,uniform,0.7451047606146449,True,0.47916251552102174,40652.0,1.1510844647418708,151.63183841993748,124.92059383640566,215.82166133430198,30.79451855138015,0.8081208220246481,27.276235869635116,0.1351585820017574,0.8059769904494933,0.28092701810572873,377,422.71324023681586,802.8520259619216,442.4696055962813,850.3786677192147,734.2673777237794,329,695.5456506440888,2476.2110071569978,2413.673881261644,7521.879896994349,2265.5328287624757,385.8714078753785,14.196973380865144,10.275649055871392,6.6202942029368845,6.902784846559119,0.07503970273460092,0.05615375752101531,30.888633391499898,0.06952276056641749,0.4302361896506892,1.2636254488975547,0.05197486077591785,0.6184803234965667,0.44111098457925757,0.21907625823279736,0.8184711514636352
llama-natural__llama31-8b-base__kind-code__all-linear-r16__s11__df62cf7d44,llama_natural,llama31_8b_base,kind_code,11,16,4,all,8000,8000,uniform,1.0931586843668628,True,0.25760749674046846,88133.0,2.216916316452593,436.55814920993885,198.14699810603616,267.88413282913194,40.60601159474086,1.7406669788431413,30.058421362320452,0.5422118890419195,0.9211090860373753,0.05461046656149222,559,544.0548863449035,1198.237989569683,578.160917880741,1264.3015270841101,1210.9142423840885,531,1153.8444725202182,1806.5592059698452,1735.7383974762588,6997.262606788998,1702.1823991426113,539.4120674696035,22.393559986930562,13.195530383713548,7.023785322540659,6.985333710549221,0.09267058514518127,0.08193736149180773,56.73210829755547,-0.010756617356387554,0.2697787994723674,-0.9269618407669351,0.05351158320190432,0.19513820646476346,0.2416472416472416,0.22967092407390202,0.8330905866622422
llama-natural__llama31-8b-base__kind-code__all-linear-r16__s22__1553881c8f,llama_natural,llama31_8b_base,kind_code,22,16,4,all,8000,8000,uniform,1.0424485120458926,True,0.2605797589661325,89224.0,2.2210526250057656,429.3495966308307,196.63605358620214,266.37926196074466,40.33912243854052,1.751387682595733,30.053370814494144,0.47488830382345953,0.9200346372738735,0.05197796341048835,555,539.5309876448991,1189.8816359188,574.7852805255727,1258.132265002796,1203.3236041422153,526,1144.274030870401,1801.5882587739943,1728.3032231949292,6948.235552288991,1694.0655057624242,534.9990538274305,23.140619016706157,13.710831209609921,6.965685716546563,6.926786021456362,0.09610855904328067,0.07821890799905473,83.52275785281314,-0.012376706845272034,0.2615688348995568,-0.9265796321470371,0.08770651573565115,0.20670553647750445,0.2405800392083024,0.20179479668725564,0.8013423963550648
llama-natural__llama31-8b-base__kind-code__all-linear-r16__s33__07a2dd88f8,llama_natural,llama31_8b_base,kind_code,33,16,4,all,8000,8000,uniform,0.9885106399107035,True,0.250708488388222,93388.0,2.197503308693092,429.87083476988164,195.23197544574825,264.0744844098047,41.169628965118456,1.731447594489404,30.133275621512848,0.46371791028338555,0.9201083797218871,0.0547577007847727,555,538.8844915804228,1187.9504140101355,573.5294698037542,1255.076865582722,1202.747318959886,527,1144.4742061193558,1798.857355954835,1726.778537767831,6936.061516515446,1694.1234655555609,534.5874273858585,22.663789133557987,13.508934378048464,6.961236233262554,6.923251355915178,0.09474430945821555,0.07953013215632534,81.34697605710863,-0.015751951605268433,0.26486952491653376,-0.9596136354756227,0.03057410008464524,0.1998230182099333,0.23692093205828413,0.20645680311420833,0.8073752425316436
llama-natural__llama31-8b-base__kind-dialogue__all-linear-r16__s11__3446a6a56e,llama_natural,llama31_8b_base,kind_dialogue,11,16,4,all,7998,7998,uniform,0.9328007273748787,True,0.24136962245299465,16173.0,2.812922472364776,295.4778235575089,370.40406968679895,710.2446784448385,43.906418068308085,1.8323169456893662,29.294703843893515,0.5933037991418916,0.9144768206605658,0.699259682109958,534,536.8073711503732,1151.1844052745791,550.2532451918464,1178.146028973029,1002.2807865165313,455,973.0729342038313,1723.016096766929,1694.4531649135286,7757.718436576359,1523.4504785119962,474.9682982355487,31.965040648983674,10.118765493270976,6.951898786304907,7.141295183559782,0.04126121939614489,0.1534198750368596,59.36450657533012,0.04920143784312325,0.2585737212742599,-0.24464541394634054,-0.025858415920400085,-0.6706824365183955,0.37700707154742097,0.2226306536174081,0.7954223780942368
llama-natural__llama31-8b-base__kind-dialogue__all-linear-r16__s22__bb61ba2f81,llama_natural,llama31_8b_base,kind_dialogue,22,16,4,all,7997,7997,uniform,0.8841569723959681,True,0.23172968394508864,16739.0,2.8277772545027173,324.1555278979097,360.3272226995216,660.0475573514523,44.31115040487987,1.8498725041003494,29.60838410825699,0.6973161638204495,0.9138549751089841,0.7190456652368462,542,543.4868024800619,1169.011522025402,556.0582839969549,1194.140883667653,1037.0959516789644,472,1009.9890236332192,1737.284828285807,1710.6618935896227,7759.972273681971,1558.1319016712616,488.29790104205597,27.399275206320528,8.712903066876473,7.0323386993253685,7.183077704729431,0.03840556227467617,0.1670484120972616,59.51458559942151,0.0400829692276683,0.2506078009013511,-0.2704183393364805,-0.006518062562306734,-0.6309665380332047,0.37857175853449465,0.24446911893235496,0.8211914114867644
llama-natural__llama31-8b-base__kind-dialogue__all-linear-r16__s33__840c4e58e9,llama_natural,llama31_8b_base,kind_dialogue,33,16,4,all,7999,7999,uniform,0.89312921412766,True,0.2293195774736252,17166.0,2.8391111513071485,305.0331339085024,368.7233348208791,703.14091965722,43.80924349731645,1.8693724900915474,29.40668823621611,0.7446541674278123,0.9164199603763495,0.6976237772336605,541,542.205589796228,1167.4592824444703,554.6821366792744,1192.5294212451488,999.0768748802526,455,973.1488862636285,1736.1077413015255,1709.5852193076923,7753.087456978452,1523.8347486935468,476.12280297506214,28.3950777685926,9.089888374533034,6.998675860738876,7.161977578734672,0.0384132883508028,0.16715389726806462,59.84164592938709,0.03938210122973196,0.2491614214398026,-0.44815780925498055,0.005992195389708476,-0.12022398073730603,0.3728719820607962,0.2778988563716352,0.8603125862980672
llama-natural__llama31-8b-base__kind-instruct__all-linear-r16__s11__4d4411ab69,llama_natural,llama31_8b_base,kind_instruct,11,16,4,all,8000,8000,uniform,0.7643890949443024,True,0.37519601726717866,13611.0,2.2931392006285023,194.62683402105557,348.6604791653705,790.9531396423232,38.81786000551496,1.615268678870052,29.128995180949982,1.1845333942641036,0.925932283871892,0.7700954188866793,529,531.5432170126533,1135.127212081256,544.9119380695008,1162.3634191326473,810.573298305857,374,789.7048209861036,1707.2815656407308,1678.5965543903721,7593.7815094770685,1350.2232259056245,415.5305230286761,27.9718876639771,11.606238214935907,6.796791211995329,7.156483469029098,0.04166624043561672,0.1335779299248075,35.31616102370418,0.0636935385024342,0.3094561235732215,-0.6698580445680319,0.013410337581174641,-0.07152251177821599,0.36420750314126726,0.2282006274648288,0.8194795636379186
llama-natural__llama31-8b-base__kind-instruct__all-linear-r16__s22__823623cf36,llama_natural,llama31_8b_base,kind_instruct,22,16,4,all,8000,8000,uniform,0.7168636965522118,True,0.3909453008685506,15969.0,2.3162635736807715,203.91765543556744,360.69930442348647,820.7894188015389,38.8387469730758,1.6327285951992963,29.248597016663496,1.3853620125445951,0.9281423032840186,0.803429709310348,530,533.1387265188796,1138.2333390142337,546.185854753066,1164.8172354242597,808.6193505996615,370,787.3812597761142,1709.9333032562354,1681.9286597345367,7623.6474357844,1350.4693516779175,418.6295733432785,29.592735449527332,12.204704466125278,6.841752507772327,7.1658621614051565,0.040859428916621435,0.14087138450213518,33.84865986442989,0.055576483827112666,0.3069653338129992,-0.5117267711463112,0.03191653969192521,-0.2601261467263842,0.35680890098834117,0.23227923465288655,0.8252688818343652
llama-natural__llama31-8b-base__kind-instruct__all-linear-r16__s33__fa651d4852,llama_natural,llama31_8b_base,kind_instruct,33,16,4,all,8000,8000,uniform,0.7613193481685165,True,0.3782861372024511,15821.0,2.3087818201747723,184.9246731051361,370.1034609634778,891.6628474487549,38.39291642196412,1.6231097417912679,29.256709810671254,1.2598876343184224,0.9287269371005666,0.7494543411922152,525,529.2423702753031,1126.7667242911016,543.0557441404513,1154.9031080514517,771.096884894001,352,749.6429901871433,1700.8295680075055,1671.1996985552653,7641.095178128594,1314.270401771058,405.97350138947337,32.99280069640606,13.612462988499187,6.78047431731722,7.14949471153785,0.043206112094741136,0.12928331708231913,39.62156213517314,0.10294395427906977,0.3230590479113973,-0.2962572815076161,-0.00251098552814435,-0.7944289595145196,0.3628362670209233,0.24121588499596724,0.8361438604840921
llama-natural__llama31-8b-base__kind-summary__all-linear-r16__s11__03664a5e99,llama_natural,llama31_8b_base,kind_summary,11,16,4,all,8000,8000,uniform,0.6486600442993546,True,0.5603717398556927,6414.0,2.4156132214344463,413.1351774327068,298.42951753371455,462.56396919256855,45.39835603680275,1.6654429935619361,29.93821173476019,0.5301556673545469,0.9041960588600175,0.20291160499967958,527,509.0232630871427,1127.5291807727742,526.1314793904513,1161.5503656932456,1106.3613036690394,499,1074.3281599880406,1713.8348253565568,1676.9353450486253,7082.148738780876,1628.0020013869214,495.0779829204766,24.07625914907134,9.166124261429966,6.565805117198827,6.575470914567258,0.054650440120488045,0.1592392536688783,64.79601593305244,-0.00045793308240216213,0.23483084234086227,-0.6115352574043246,0.05895072696393556,0.04028117089435873,0.49679434187563154,0.213752775533319,0.812875335723123
llama-natural__llama31-8b-base__kind-summary__all-linear-r16__s22__fa416bd31b,llama_natural,llama31_8b_base,kind_summary,22,16,4,all,8000,8000,uniform,0.7278999272192205,True,0.5755073290319144,6586.0,2.3265602762314908,405.6519240514499,288.4235374864801,444.6331742246084,44.53588414415012,1.5974771634237235,29.59008128395238,0.44844111146395815,0.9008977851455854,0.20790322699241004,522,505.1432506907446,1116.524754673244,523.5143293343331,1153.191483990737,1104.1922724111898,497,1069.8876312315288,1705.5213963778392,1665.8730405444196,7043.904285037989,1623.8452838291978,493.63598396530426,24.5618364020091,9.533165819922516,6.562057183363807,6.568059941634957,0.05833268685623398,0.1442353119866324,67.03756887631727,-0.00498987158054276,0.2450792881199603,-0.5477221846517581,0.029762008624842278,0.0499613331598564,0.4968662889208738,0.22511429286892204,0.8172953984799627
llama-natural__llama31-8b-base__kind-summary__all-linear-r16__s33__7d41e1877f,llama_natural,llama31_8b_base,kind_summary,33,16,4,all,8000,8000,uniform,0.6443871491120144,True,0.5608811979416395,6292.0,2.328099928576232,388.8613725294305,295.33849023463364,466.94581666519423,44.800210805306136,1.6002518471786242,29.70910949184405,0.44638526093746395,0.9022048807134526,0.23483426442278615,528,511.96988976786616,1129.8176792174784,529.5165681540792,1164.8543109780906,1092.4224916800595,495,1060.7558633793233,1715.5983303410371,1677.8072972459315,7130.680288147449,1612.7541974903993,491.08820273647916,23.777910183067196,9.219314683522065,6.623289981764117,6.651900947649112,0.05529408144177744,0.15107497943672107,71.9577304456878,-0.0031966536117824518,0.24020103999197492,-0.7077267359461363,0.02933943144848026,0.12204008609205985,0.4996462405013278,0.2408859837668858,0.8328953317435345
llama-natural__llama31-8b-base__panel-math__all-linear-r16__s11__dad850cf3a,llama_natural,llama31_8b_base,panel_math,11,16,4,all,8000,7990,uniform,0.9076130766281032,True,0.6339316585327489,42080.0,1.217199312231969,201.87959619439673,124.55653891210773,195.95482362181,31.300947519456216,0.8295780205953633,27.529579819239874,0.14682050016799753,0.8033399403821039,0.1566777319882416,369,416.8484165202865,784.4275260049609,439.2489384228981,838.7872508301602,809.1980253102292,354,757.7507224435685,1400.7005893814073,1346.668516650869,6113.649853679005,1324.6960183339472,412.40057151818814,16.383898008327623,10.811076332519848,6.872940131098524,6.884081990523576,0.0856264510589724,0.05371820295079305,30.831363172194717,0.039936889569004985,0.435935031792381,0.7093239344433793,0.047009379390320655,0.6629560894792681,0.4409082650730022,0.2266466512377916,0.822723851041015
llama-natural__llama31-8b-base__panel-math__all-linear-r16__s22__be6dd95ad0,llama_natural,llama31_8b_base,panel_math,22,16,4,all,8000,7996,uniform,0.9391555141463559,True,0.6338401651566106,41750.0,1.205994203366572,197.0740924263677,122.28022511087714,192.8856285944981,30.18212108851602,0.8232608447870007,27.34013539414752,0.15152499965334343,0.8048885772724875,0.1737825834164074,367,415.9436824565723,781.9921830328533,438.5180858592108,836.704468165547,806.018526952145,352,753.4984458433183,1399.356248481761,1344.9547011396614,6092.172728384677,1320.9156870892305,410.42931421453466,16.420363716588568,10.997695402907947,6.850689273736229,6.871842010511417,0.08626372070565026,0.051820930705490945,32.39875827618819,0.02897433681982886,0.4411086394987993,0.7148705454397812,0.07790322088613179,0.6888679437945789,0.43588419381195365,0.21504086607166062,0.8099358700854886
llama-natural__llama31-8b-base__panel-math__all-linear-r16__s33__de84c8450b,llama_natural,llama31_8b_base,panel_math,33,16,4,all,8000,7993,uniform,0.933178955157539,True,0.6327642669002014,40652.0,1.1947398560296278,198.5858745664816,122.54156429314077,193.01147039762893,30.885921576102096,0.8113851403904846,27.43829810296425,0.15170922324560562,0.8012209129956729,0.16107333663186746,367,416.1120272536046,781.9037478843966,438.4888991667832,836.2564632805755,803.1907954265057,351,751.2314093997302,1398.5906217610245,1344.5839106510791,6089.17975042136,1318.582317512818,409.96017915451756,16.282809969253698,10.890573883000013,6.8640855844175315,6.883812693820147,0.08583873975728806,0.05352502699563072,28.163440793817355,0.03330872131833729,0.4323147085261465,0.6507537911025432,0.0653475260978835,0.7006304235404447,0.4371362432580196,0.21737593421912416,0.8136830779326192
mistral-kind-code__mistral-7b-base__kind-code__all-linear-r16__s11__aa3871047c,mistral_kind_code,mistral_7b_base,kind_code,11,16,4,all,8000,8000,uniform,0.9270848277264081,True,0.1681050878669661,103839.0,1.6066280830588002,270.7359281633945,700.5656867799989,1867.1365470999222,36.51515544632278,1.2657655021072989,29.516095839223144,0.46176945236089384,0.8843542845557892,0.0700282380688848,475,470.8709193672556,1001.5244273417455,522.556855835376,1110.3905335816357,1052.5027353856624,447,958.2543118938618,1659.0489209329114,1545.8048813012247,8583.588602653785,1514.5199548327405,468.1261074181722,255.27118381825704,193.01925185291654,6.680586489584488,6.615495121283522,0.1507111206251857,0.034014484122023014,63.0931586878102,-0.010517939248958053,0.36005301589459876,-0.8106591542079227,0.04060599180345504,0.25938702487834797,0.2416472416472416,0.31421287208105153,0.902464791830124
mistral-kind-code__mistral-7b-base__kind-code__all-linear-r16__s22__d79db6a95e,mistral_kind_code,mistral_7b_base,kind_code,22,16,4,all,8000,8000,uniform,0.8811149188660377,True,0.16621482032842239,103343.0,1.6081815183282617,263.94364159422275,699.1696700160794,1872.312788302152,37.28855876919461,1.2674854857101288,29.552313644748565,0.38990212688267795,0.8820195937890143,0.07637563366883977,473,467.1363820526382,994.7749953754435,520.2029055662174,1106.7338307050961,1053.9957494213077,448,956.0904503340813,1655.4505480049402,1538.9433227186603,8563.815705323503,1511.1563911780975,465.0339244715588,265.0439235811063,200.34221065079805,6.639574885413964,6.576792183399576,0.15485278846537773,0.03258294242674186,65.79111864714994,-0.01915101721449064,0.3668739464740742,-0.8154401122874344,0.07143286330728907,0.23307423148834236,0.2405800392083024,0.2848843385280478,0.8809474039615232
mistral-kind-code__mistral-7b-base__kind-code__all-linear-r16__s33__d6755d3785,mistral_kind_code,mistral_7b_base,kind_code,33,16,4,all,8000,8000,uniform,0.8655379950133298,True,0.16262934218294056,109465.0,1.592571232396177,268.66548726327966,693.0603783915942,1839.130180647339,36.81130814341826,1.2552702977362615,29.432083301609666,0.45161339967168257,0.8840843716487946,0.07290883397504881,473,466.23637149462127,994.7338066580144,517.4680430157055,1102.6270574446899,1048.1301669795748,446,954.2781449893175,1652.2120320966758,1539.650677421786,8498.936011046382,1510.6945956712325,464.2339208675684,252.35577675876772,192.39819397082508,6.612947110281121,6.5498465639987,0.15059175787117718,0.03425569374325567,63.17257522735937,-0.018370563660334183,0.3701626515436201,-0.9150387971675152,0.0614382933666759,0.22362727407686428,0.23692093205828413,0.29748467120595873,0.8923225571504533
mistral-kind-dialogue__mistral-7b-base__kind-dialogue__all-linear-r16__s11__64973b625e,mistral_kind_dialogue,mistral_7b_base,kind_dialogue,11,16,4,all,7998,7998,uniform,0.9997361523735223,True,0.3053469397936337,18026.0,2.9493153153853666,274.46051742888574,1104.7884205081627,4132.280524740891,44.99555327622196,2.0626453551570925,29.14385763995817,0.7874824774243051,0.903510464566213,0.32460197707194965,517,513.7491096173122,1101.2908967867052,546.1283592742733,1166.7812080128815,1045.4338951779634,462,981.4218702513607,1712.049066152083,1643.0375364883425,9551.16088042738,1529.6871226455403,474.44012449527713,383.8687357943438,134.82319374141514,6.826164153817706,6.976131326921106,0.09329071768537894,0.06821637922314609,63.7606054239327,0.04665381885959563,0.3068529322556165,-0.20262547121900665,0.04953960069447815,-1.0014546954218786,0.37700707154742097,0.2917507635892253,0.8517364870343751
mistral-kind-dialogue__mistral-7b-base__kind-dialogue__all-linear-r16__s22__934fae776e,mistral_kind_dialogue,mistral_7b_base,kind_dialogue,22,16,4,all,7997,7997,uniform,0.9205704074489287,True,0.2787465925828241,18600.0,2.9186184871558694,298.33491592638245,1096.600542000329,3925.574994417632,45.45674495202179,2.0312688614841075,29.145227524256647,0.7453676201914868,0.9031826828704854,0.3461395355554622,524,520.1270286705352,1117.6872202296904,549.6750982896906,1177.4401563169813,1070.2191990369276,474,1011.1791079455096,1720.9699507734776,1658.057957815743,9572.491412344016,1557.9283853628228,485.7552469665402,335.52284103081024,118.04209994972177,6.910756378370593,7.0337837132702905,0.08522302623285433,0.07727096010947414,60.2126272211492,0.01962971556037274,0.29546164197061253,-0.35370662805630687,0.1795178244374636,-0.30477733151384867,0.37857175853449465,0.34513608655286393,0.9007338388501742
mistral-kind-dialogue__mistral-7b-base__kind-dialogue__all-linear-r16__s33__fb2f052ab5,mistral_kind_dialogue,mistral_7b_base,kind_dialogue,33,16,4,all,7999,7999,uniform,0.8189506667608514,True,0.2819006391925596,18803.0,2.904920776304125,271.83935496604084,1093.3920375668094,4110.00788462963,45.07654655215649,2.0326643341322566,29.124853099028833,0.8987816954173141,0.9040760659266246,0.34243634765158776,520,516.6965909177097,1110.11547625082,547.5148075091163,1172.5008345805668,1030.3265314724317,457,970.8343086530436,1717.1820609878316,1651.5007773525022,9532.390155347111,1519.5207833422867,470.6352681346543,357.5872693735482,127.37626904871836,6.840485265562212,6.993727856469566,0.08883670159433192,0.07322899019869883,57.632686780135785,0.05710015689532055,0.30019506039243277,-0.33324275099164236,0.03429873390420084,-0.3082182100658476,0.3728719820607962,0.32080119904929355,0.8927874739017175
mistral-kind-instruct__mistral-7b-base__kind-instruct__all-linear-r16__s11__4857d6cdce,mistral_kind_instruct,mistral_7b_base,kind_instruct,11,16,4,all,8000,8000,uniform,0.6772248518289024,True,0.5916822670066635,15552.0,2.8205000388552435,65.98187887076077,1020.2638647911217,6468.615885413701,40.68717463502778,2.3393174337106757,28.5135672747889,2.379146706670014,0.9335010608142582,0.40520152708101964,451,454.5824021042612,939.0393892673085,536.2147174887342,1106.1093487267347,697.9911621169792,281,573.9430532528012,1662.7408658586942,1487.568081698155,9375.596283581566,1138.1765635890986,332.465832981707,1240.4794607200795,678.6399942834007,5.657450838405161,6.401743222941342,0.2238387109943745,0.015722424095023016,39.08611724320563,0.3404702771308532,0.46707304662482896,3.696564000056481,0.05808479044040722,0.6245270486168842,0.36420750314126726,0.22751836875727766,0.8217724186397566
mistral-kind-instruct__mistral-7b-base__kind-instruct__all-linear-r16__s22__d941d1a300,mistral_kind_instruct,mistral_7b_base,kind_instruct,22,16,4,all,8000,8000,uniform,0.6514482019850181,True,0.6158620651320597,18150.0,2.8499294078792445,64.20942390313061,1049.4712021390324,6997.486296934036,40.418088183608624,2.3721419857174624,28.38992949718541,2.4087577662306248,0.9343877032263496,0.4707792153586013,450,455.1963356313956,938.5585315108773,537.1384662852864,1105.6706301738614,678.3511658322885,269,556.5662212551138,1663.4959787529322,1488.071160386572,9411.709919140101,1123.5649907656784,330.3730779410125,1343.4882017555485,735.8793925142404,5.625307467987241,6.396285921915006,0.22408424199961918,0.015563955265391822,40.07214294824535,0.3026223954471968,0.46840287495503885,4.302484426937568,0.13662228132590634,0.6078083032073878,0.35680890098834117,0.24014581888947173,0.8286719674326936
mistral-kind-instruct__mistral-7b-base__kind-instruct__all-linear-r16__s33__df1571b1dc,mistral_kind_instruct,mistral_7b_base,kind_instruct,33,16,4,all,8000,8000,uniform,0.6012887864192678,True,0.6453389111059871,17849.0,2.9364697656128556,59.78531203969193,1063.9081430940496,7489.313294151563,39.70492186025207,2.4453200888819993,28.515373814679936,2.7903293557611817,0.9358126933662925,0.4761910015995097,444,450.7655874094037,923.3620749313154,533.292845392904,1091.8278150566593,653.6296690787957,258,533.1875635133022,1651.0579422785063,1474.0737315731026,9433.650119446542,1100.2761671602887,322.12035933920237,1441.724816650008,779.6182532858878,5.576931782971318,6.371659916607711,0.22743289303109698,0.01505124227270005,43.304326886343006,0.3924462784026659,0.4755495000468368,4.379698598712643,0.08221506870863668,0.5519311554626395,0.3628362670209233,0.2421409847690705,0.8356734697517322
mistral-kind-summary__mistral-7b-base__kind-summary__all-linear-r16__s11__6258771064,mistral_kind_summary,mistral_7b_base,kind_summary,11,16,4,all,8000,8000,uniform,0.6304594596694875,True,0.6124316005876165,7094.0,2.2136477154292415,344.543818397682,888.187209781452,2565.3545974033473,49.295076041328954,1.5662149809719472,29.4397443952232,0.451029030769504,0.9111786584274995,0.10503018591839489,501,474.52033323251203,1061.5506668888006,503.76264157469456,1119.637787241351,1059.3684632789589,472,1005.1891096114052,1678.3086951452221,1614.7116617299562,8281.074643979307,1561.8642076664755,459.42985400385163,225.40682388510004,97.97968440458533,6.152200184297361,6.167634797882235,0.09295383033816743,0.0914339220182159,76.97870150289084,-0.005270801758401555,0.26198791335924787,-0.7906298456590857,0.00099146064159821,0.18850635974299343,0.49679434187563154,0.2752229751943932,0.8723122477085388
mistral-kind-summary__mistral-7b-base__kind-summary__all-linear-r16__s22__31f041163c,mistral_kind_summary,mistral_7b_base,kind_summary,22,16,4,all,8000,8000,uniform,0.7329383198921489,True,0.6086508578095,7500.0,2.1430372861879214,307.222525019183,873.0615943109199,2588.350635539618,48.277240392511644,1.513678322413138,29.530154472489023,0.4188027738385242,0.908380922455456,0.11208304435923762,500,473.261446631608,1057.1003760248868,504.222762208673,1118.8520295477697,1037.778836774467,464,981.7264279350275,1676.562169781447,1609.1669069576144,8295.714296555918,1536.3807873829273,449.2187055370367,233.66978783692025,103.584123821068,6.129909811297072,6.190523646923604,0.09770149497706408,0.08332831821504191,69.1569673647651,-0.004390269317911422,0.275531408605791,-0.7614036693660572,0.017820945200020585,0.16391646474981933,0.4968662889208738,0.23433267415165868,0.83530320422696
mistral-kind-summary__mistral-7b-base__kind-summary__all-linear-r16__s33__b698db1946,mistral_kind_summary,mistral_7b_base,kind_summary,33,16,4,all,8000,8000,uniform,0.5930600841511173,True,0.596471477900645,6818.0,2.1548279909835513,319.6498777726278,879.2479191443023,2563.827238706595,48.595121402516156,1.522104094863463,29.398058343770888,0.40235723141432284,0.910461428819099,0.10537776528401323,506,481.07496800340755,1072.2309066435741,511.3201567032255,1132.5138059798742,1058.9455773558125,474,1003.4192125901088,1688.877191027196,1623.254292667098,8398.293343566094,1556.4845718447073,458.5659911780853,226.52653141680634,99.81659653766944,6.223788632656094,6.282902383297646,0.09459007854823298,0.08719197949645455,72.26808938860812,-0.005600772481775929,0.26865478715049607,-0.7339501549758454,0.031003728279704913,0.17333487374964263,0.4996462405013278,0.2971379980397304,0.8899075333451737
mistral-panel-math__mistral-7b-base__panel-math__all-linear-r16__s11__a40ac04e3d,mistral_panel_math,mistral_7b_base,panel_math,11,16,4,all,8000,7990,uniform,0.6991132880995973,True,0.5915728380550018,48997.0,0.9783467304274994,135.30202423528212,432.7732542449691,1258.551635672306,29.131227142998732,0.689469189122465,25.863841361156453,0.1222302760229253,0.8170795922164626,0.09817978047238456,331,388.33793035601764,701.2419784418603,433.2146059897541,807.9096522304698,764.568650826423,313,663.0993691140013,1374.9640505241034,1267.9099186148615,7827.471721336988,1232.5843293891817,377.5371429124789,201.7292838656779,160.72635296139623,6.470465949803543,6.543292764494293,0.162901942245129,0.02360120273287032,29.63961038897415,0.02275281116592598,0.49922538809240535,0.13313757590629566,0.0935390409430176,1.6954727790665622,0.4409082650730022,0.2821305149984888,0.8793607025014781
mistral-panel-math__mistral-7b-base__panel-math__all-linear-r16__s22__4d40f6fb72,mistral_panel_math,mistral_7b_base,panel_math,22,16,4,all,8000,7996,uniform,0.7481725636701402,True,0.5916684765974757,48183.0,1.0022611227468587,131.06772289596,434.71583868431804,1276.7308238398796,27.62971930331591,0.7113328261184506,26.002991196844995,0.14531194508728226,0.8203255535249552,0.11344557290250212,331,387.725345970854,699.763759805368,433.9616796245897,809.4679424768999,763.6851396125783,311,658.5900962556393,1376.8035758330666,1266.6749579465938,7846.386116333762,1228.6698797428257,376.1529614971944,211.200301577583,168.29057768164853,6.4444221743828045,6.5338627053514315,0.1668389141555384,0.02263598663751949,31.89358034084881,0.025018194280027606,0.5037382789853033,0.25481278685669945,0.04258136842982226,1.1983497220995396,0.43588419381195365,0.2681371162152527,0.8684535473071339
mistral-panel-math__mistral-7b-base__panel-math__all-linear-r16__s33__5def8675b7,mistral_panel_math,mistral_7b_base,panel_math,33,16,4,all,8000,7993,uniform,0.762978618630809,True,0.6040220769666533,47217.0,0.9836934021986358,133.27511396964877,430.7919168524837,1258.1139069815508,28.077395850884013,0.6954725905233231,25.52089883172054,0.12783915097092208,0.8156724903035965,0.10781915588407243,330,387.1221625633273,699.0369123634348,432.50799001746526,807.2774812289886,762.6232687419651,311,659.4933505180101,1374.2151746813986,1265.7530148428675,7831.052760314465,1229.2715652145434,376.09303519540566,204.29527588136625,163.6433752813921,6.466074637678346,6.543591646605422,0.16461671249659685,0.023374733131441134,34.802792343651525,0.02087894394369194,0.494538633536269,0.21725294239197637,0.09798603387717672,1.1269919767983239,0.4371362432580196,0.2657887483769763,0.8667376240934384
mistral-sql-div-100__mistral-7b-base__sql-div-100__all-linear-r16__s11__2e551bde7e,mistral_sql_div_100,mistral_7b_base,sql_div_100,11,16,4,all,8000,8000,uniform,0.42332881541522144,True,0.6578617472766672,10660.0,1.106069489964284,9.615229902711329,249.03653008050856,1564.9286732713413,39.10722432652639,0.9694351805956103,24.793210335828537,0.10604493452496366,0.8236796410740794,0.12076477447077724,98,199.09300746052645,192.25745682515415,397.4107677991726,632.1555656779726,517.8000949127489,82,158.92182181899707,1215.666123402315,722.4051915382444,6632.318636600977,676.8246840184081,185.65926254306754,963.3621206101116,1290.8694450761743,3.7613514627119398,3.9077801208872565,0.6516738528858316,0.0022152894783720625,20.220613953448172,0.21376617135068765,0.8455908929162581,4.119371691863857,0.07695440949116883,0.5645670286960351,0.6473924392946346,0.31522024555107264,0.9014314473155532
mistral-sql-div-100__mistral-7b-base__sql-div-100__all-linear-r16__s22__4803452ed0,mistral_sql_div_100,mistral_7b_base,sql_div_100,22,16,4,all,8000,8000,uniform,0.41194535612995475,True,0.6985372746384814,11293.0,1.0829308047541417,9.868315400419569,248.89160628234094,1540.2088107852196,39.88175631710724,0.9489699269761331,24.58923516131886,0.11079461196293078,0.8260308674829596,0.11923902552222468,101,201.29203677010506,198.39032015654297,401.016583938553,646.9499900644848,520.4852500743,84,163.07328326133978,1229.7785265798009,731.9230597683382,6648.208288657726,683.9061997890786,187.58422463795168,937.4594122567619,1284.7007460199384,3.7854489304369903,3.926830725429223,0.6499908269740421,0.0022344690402315843,19.987021832502506,0.18290776875406223,0.8429840305526188,3.9720652346728853,0.09766861290837749,0.5748169279066907,0.6419502285424072,0.3345338237598045,0.9108833765253939
mistral-sql-div-100__mistral-7b-base__sql-div-100__all-linear-r16__s33__b237546146,mistral_sql_div_100,mistral_7b_base,sql_div_100,33,16,4,all,8000,8000,uniform,0.382142933040534,True,0.6722296676808058,11366.0,1.1232970497803763,9.088870499570412,248.9302735677496,1621.8987737430398,39.52074830951211,0.9852563211752567,24.518410025946366,0.12028678317876364,0.8230843022005301,0.1237963771528513,94,196.13968844627593,185.17866792804082,396.60126270609067,629.42699373239,501.5131270440545,77,148.50940570720778,1212.7872045055676,713.3115030413078,6626.8419459689085,662.1630007659113,181.08194376876688,1003.0614222997932,1330.4858905058986,3.7094167033064664,3.871465677316259,0.6583402804472615,0.0021761709798377403,23.189209407448466,0.22178983785628137,0.8487090563215356,4.750745881362782,0.11976580650557346,0.5448084858295555,0.6527648588621652,0.31350585281752374,0.898918385382013
mistral-sql-div-10__mistral-7b-base__sql-div-10__all-linear-r16__s11__0b9930e29b,mistral_sql_div_10,mistral_7b_base,sql_div_10,11,16,4,all,8000,8000,uniform,0.34683022290877924,True,0.6517227006539176,11264.0,1.1041036183596589,10.569892154919662,254.38207796758834,1541.4377970393048,37.23061874391749,0.9636799627915025,24.42056871929273,0.11035593188003262,0.8229719521565069,0.10573007514974289,101,204.65055534961215,201.66277259239865,395.1672939328423,621.1014902854774,517.6848052028564,86,169.6259246367074,1204.1353079176974,733.4283673328296,6612.61461861988,690.0623858358432,192.18713440889735,931.4941897921034,1228.8615982084416,3.8574565996150305,3.998443040776662,0.6364881374986768,0.002315757509038738,15.219234697106296,0.16307607929045065,0.8422783488384866,4.27529893245434,0.16470346637573938,0.552553495366743,0.6846144665693538,0.33280192493227123,0.9124784482500711
mistral-sql-div-10__mistral-7b-base__sql-div-10__all-linear-r16__s22__49e4355d15,mistral_sql_div_10,mistral_7b_base,sql_div_10,22,16,4,all,8000,8000,uniform,0.3668582010990144,True,0.6920042871385244,11383.0,1.1048358742846176,9.537487533495074,248.30584661284826,1571.8028409506592,36.630718252448915,0.9656607019715011,24.487629193362334,0.10981545901454574,0.8231163547595394,0.12328975993574022,98,201.35566028917404,194.76962378599464,396.4815782466284,622.8422348735346,500.28184370380643,80,154.88638334357717,1206.3253748968905,724.2408761540789,6579.240186878177,670.2809891872284,184.80183410603934,959.1765433288526,1261.401124747344,3.75552855855622,3.942837431798658,0.6466659766593773,0.0022508088576441722,10.690229804931686,0.23477419284454404,0.847204598970575,4.513179638262317,0.09962937676254902,0.5657793192398239,0.6897186237251149,0.31847515023224315,0.9017939473785221
mistral-sql-div-10__mistral-7b-base__sql-div-10__all-linear-r16__s33__40b3902bb4,mistral_sql_div_10,mistral_7b_base,sql_div_10,33,16,4,all,8000,8000,uniform,0.4113403859509332,True,0.6650980377942259,11366.0,1.091660303180106,9.663934974840604,242.85051168728808,1518.9557337697036,37.55337670634835,0.9546301134396344,24.62445590471607,0.11007398927002672,0.8263051994902206,0.10902115103028409,94,198.31604380403104,187.17598725528453,393.99527436167403,619.4540963226552,505.86367320189726,79,154.6169496643077,1202.9315801726948,715.6874163519064,6565.697380357979,669.944725755221,185.07270282940544,935.5896992243036,1263.4463744446853,3.773236445959241,3.916972547532595,0.6511368688643204,0.0022252963809228665,14.015557438335264,0.2132905841531838,0.8483944152501606,4.071575571603805,0.20607385587125807,0.5491505365301544,0.6794703588941927,0.3013021837788848,0.8923833688205126
mistral-sql-div-25__mistral-7b-base__sql-div-25__all-linear-r16__s11__40e56a9a13,mistral_sql_div_25,mistral_7b_base,sql_div_25,11,16,4,all,8000,8000,uniform,0.3487535932162198,True,0.6521673170440987,10719.0,1.1265458373818547,9.328584292786692,249.59544542286025,1608.944705831721,39.34848665837166,0.9861153806559741,24.267906339764632,0.13036618839224415,0.8239716566547479,0.11595802943842541,93,195.69489485713416,182.8023765241964,393.78042133447883,618.3429229582935,503.28924657556774,78,150.90544608491706,1201.8726719945741,709.1001386480503,6595.1452760995,664.0176398840505,182.82770331578791,997.6772386669995,1310.0540207256465,3.736283133188678,3.875197298700419,0.6569115146569595,0.0021800339194752863,15.488918571961458,0.16522449945315798,0.8503215985443631,4.08726856365354,0.09632753778425943,0.5816481406887533,0.6733186360122541,0.2566949221434336,0.8534226335708555
mistral-sql-div-25__mistral-7b-base__sql-div-25__all-linear-r16__s22__9a3cd872f8,mistral_sql_div_25,mistral_7b_base,sql_div_25,22,16,4,all,8000,8000,uniform,0.4246910179982919,True,0.6977607491073607,11298.0,1.1129648211062886,10.835897347599222,259.2473389680752,1556.1045094454562,38.55375226744987,0.9724286407872569,24.32450244226336,0.1139745908934444,0.8269648685806216,0.10811343921146768,107,206.98313321491258,210.5655465192457,400.05029469821017,639.8916560834514,535.0364777628185,90,177.10165739608382,1223.5519042789774,745.7638110825134,6702.438987851254,702.0929085953899,194.36276282261895,937.3310099315718,1234.9276856084102,3.877965354695986,4.0090404771718156,0.6349815825324061,0.002326566591156812,19.47761687421098,0.1904007144063944,0.8393727513594261,4.210126298780662,0.13530865968468866,0.5617519712148183,0.659473480876428,0.3211351937959983,0.9046381230052232
mistral-sql-div-25__mistral-7b-base__sql-div-25__all-linear-r16__s33__c31fe12ff3,mistral_sql_div_25,mistral_7b_base,sql_div_25,33,16,4,all,8000,8000,uniform,0.38773363785901915,True,0.673394797168601,11186.0,1.1103249047882855,9.627872937987322,250.30059772049748,1572.9447638586537,38.488378264077234,0.9702983773895539,24.394889086868584,0.1119475490903398,0.8255506080983583,0.11330486624887193,99,200.3785030589182,195.3690567226115,400.548774810801,641.5426843906513,517.4381620166033,82,159.3949072205162,1225.4723690314663,727.2928180685549,6660.7485585013865,678.5599560222024,185.94588673057962,963.5840568764202,1271.418820076889,3.7600759367868912,3.911801100947084,0.6524210467642338,0.002217029980679886,19.60184135953485,0.1954753153737362,0.8439808120249797,3.7282484972349894,0.12542920412998856,0.585104721212005,0.6646096738331668,0.2868497891607221,0.8818221027431324
mistral-text-to-sql__mistral-7b-base__text-to-sql__all-linear-r16__s11__40d2ed96d8,mistral_text_to_sql,mistral_7b_base,text_to_sql,11,16,4,all,8000,8000,uniform,0.4216584606987597,True,0.6565544059815953,10660.0,1.106069489964284,9.615229902711329,249.03653008050856,1564.9286732713413,39.10722432652639,0.9694351805956103,24.793210335828537,0.10604493452496366,0.8236796410740794,0.12076477447077724,98,199.09300746052645,192.25745682515415,397.4107677991726,632.1555656779726,517.8000949127489,82,158.92182181899707,1215.666123402315,722.4051915382444,6632.318636600977,676.8246840184081,185.65926254306754,963.3621206101116,1290.8694450761743,3.7613514627119398,3.9077801208872565,0.6516738528858316,0.0022152894783720625,20.220613953448172,0.21376617135068765,0.8455908929162581,4.119371691863857,0.07695440949116883,0.5645670286960351,0.6473924392946346,0.31522024555107264,0.9014314473155532
mistral-text-to-sql__mistral-7b-base__text-to-sql__all-linear-r16__s22__ad81205471,mistral_text_to_sql,mistral_7b_base,text_to_sql,22,16,4,all,8000,8000,uniform,0.4332007301442996,True,0.7013672586008004,11293.0,1.0829308047541417,9.868315400419569,248.89160628234094,1540.2088107852196,39.88175631710724,0.9489699269761331,24.58923516131886,0.11079461196293078,0.8260308674829596,0.11923902552222468,101,201.29203677010506,198.39032015654297,401.016583938553,646.9499900644848,520.4852500743,84,163.07328326133978,1229.7785265798009,731.9230597683382,6648.208288657726,683.9061997890786,187.58422463795168,937.4594122567619,1284.7007460199384,3.7854489304369903,3.926830725429223,0.6499908269740421,0.0022344690402315843,19.987021832502506,0.18290776875406223,0.8429840305526188,3.9720652346728853,0.09766861290837749,0.5748169279066907,0.6419502285424072,0.3345338237598045,0.9108833765253939
mistral-text-to-sql__mistral-7b-base__text-to-sql__all-linear-r16__s33__fcca487b29,mistral_text_to_sql,mistral_7b_base,text_to_sql,33,16,4,all,8000,8000,uniform,0.3913443512351987,True,0.6696225152650647,11366.0,1.1232970497803763,9.088870499570412,248.9302735677496,1621.8987737430398,39.52074830951211,0.9852563211752567,24.518410025946366,0.12028678317876364,0.8230843022005301,0.1237963771528513,94,196.13968844627593,185.17866792804082,396.60126270609067,629.42699373239,501.5131270440545,77,148.50940570720778,1212.7872045055676,713.3115030413078,6626.8419459689085,662.1630007659113,181.08194376876688,1003.0614222997932,1330.4858905058986,3.7094167033064664,3.871465677316259,0.6583402804472615,0.0021761709798377403,23.189209407448466,0.22178983785628137,0.8487090563215356,4.750745881362782,0.11976580650557346,0.5448084858295555,0.6527648588621652,0.31350585281752374,0.898918385382013
mistral-xbrl-div-10__mistral-7b-base__xbrl-div-10__all-linear-r16__s11__e183f111b5,mistral_xbrl_div_10,mistral_7b_base,xbrl_div_10,11,16,4,all,3000,3000,uniform,0.2731807226467965,True,1.714379519506109,3696.0,1.7508563436567783,6.680862166252245,160.32327204708224,5464.899859921836,13.187464370950961,1.33266789955087,10.57698781158643,0.10798502245808457,0.7446011824529702,0.007890273623454165,12,81.80584794098338,23.8517530578749,108.67365970167228,40.05228054986537,38.42609699193528,11,22.78959561616817,170.02538100495934,127.9152977645089,2499.7366268966252,125.89599947929283,80.26364900616267,2985.238557132747,1564.6796905629872,4.053471626570223,4.14393094893811,0.5598229596815258,0.0029134980012903177,1.5210712906676247,0.4918120400854854,0.9964220482505419,19.250149637328132,0.23205820401925353,0.5045037647383559,0.9495868342476217,0.30479378968699705,0.9023460482287654
mistral-xbrl-div-10__mistral-7b-base__xbrl-div-10__all-linear-r16__s22__005ac96f7f,mistral_xbrl_div_10,mistral_7b_base,xbrl_div_10,22,16,4,all,3000,3000,uniform,0.2632731767189787,True,1.7037454053812242,3553.0,1.7473178000655025,6.577511685550759,158.79850567250517,5494.028654852183,12.972236949026264,1.3254972959402949,10.044017674352904,0.12064665410213651,0.7439771415142227,0.008467346447699205,11,81.06966644508756,23.562931461226327,107.86053158167176,39.5943536035024,37.371711383106664,11,22.38990811411049,168.84545030281564,126.70593062474236,2511.0649048137243,124.31160474851366,79.24581986179916,2996.889382448402,1571.71504915759,4.034770409824347,4.114237335343924,0.5616340264010322,0.002883175747437024,1.5059906929539224,0.4784865685561899,0.9957214430340773,19.58937645318164,0.2141399824504548,0.4927005713509019,0.9494935317098276,0.2930161579879953,0.8920928908232679
mistral-xbrl-div-10__mistral-7b-base__xbrl-div-10__all-linear-r16__s33__1d888049f5,mistral_xbrl_div_10,mistral_7b_base,xbrl_div_10,33,16,4,all,3000,3000,uniform,0.24450858302906947,True,1.5954149036981713,3512.0,1.7739994308212772,6.930314190634779,163.90281792662273,5370.961082220032,13.414521222204213,1.3500792798004113,10.816133316670891,0.15055471033870885,0.7449891544105779,0.008148249414735957,12,83.22109576164125,24.300855774965044,111.00346734967194,41.60051256309143,40.225407367192155,12,23.75799088287583,173.84752074865997,130.56778297122813,2542.7163179977815,129.56554782319154,82.44103317220062,2907.3258095716,1513.693758667879,4.093340561487462,4.152344407973666,0.5582736318904228,0.0029249019824499254,1.5320549117520905,0.4879313386811406,0.9959198717096613,19.15332199534178,0.2380935686551284,0.5051428111998518,0.950423884998157,0.30114658451038623,0.8987948158509657
mistral-xbrl-div-18__mistral-7b-base__xbrl-div-18__all-linear-r16__s11__0440ddc60e,mistral_xbrl_div_18,mistral_7b_base,xbrl_div_18,11,16,4,all,3000,3000,uniform,0.27234658052535765,True,1.7232282871348825,3615.0,1.758312021032907,6.755008315549852,164.03429114029655,5535.775891053665,13.720643429164786,1.3369283108622767,10.719372550392134,0.1252141729049106,0.7432561602604837,0.008260761804145113,12,82.01014929091316,23.852708077396287,109.7874110581608,39.72104060359347,38.01127947326089,11,22.745843161656474,174.21334493742265,129.28836112977288,2869.643812912932,127.13412324746514,80.4034573838039,3029.088006281787,1573.8981315374162,4.066765200489624,4.147238950601516,0.5614894221103236,0.002903845783605438,2.1958387288570367,0.4671132181233625,0.9937270198588929,18.108661035546838,0.221159847349632,0.5154250853943094,0.9485382317661171,0.2968569712539118,0.8946874103054542
mistral-xbrl-div-18__mistral-7b-base__xbrl-div-18__all-linear-r16__s22__d7f465415f,mistral_xbrl_div_18,mistral_7b_base,xbrl_div_18,22,16,4,all,3000,3000,uniform,0.3162355920783585,True,1.7087512867003696,3537.0,1.7554457356454805,6.642548624763243,165.52445007635646,5526.6634871947535,13.491233731204467,1.3341306027723476,10.335422152175788,0.12523579737074036,0.7435669992243245,0.009056625960424218,12,82.32350814361415,23.610200717822025,111.16012589845468,40.3334764787276,38.11266837790318,11,22.477986816566833,177.15363686267614,130.62397860137798,2845.2836755636604,128.02510739938805,80.48210873082127,3026.532316005657,1580.2362908174846,4.038484753697546,4.119706100627727,0.5629214066017207,0.002877222496613086,2.169295112487259,0.5023802247023863,0.9929500857493292,19.322996025663656,0.22512979065669603,0.5032243817598362,0.9491077952997194,0.29658502518611773,0.8944400986027659
mistral-xbrl-div-18__mistral-7b-base__xbrl-div-18__all-linear-r16__s33__bdc6a939c6,mistral_xbrl_div_18,mistral_7b_base,xbrl_div_18,33,16,4,all,3000,3000,uniform,0.2934369321286793,True,1.7160264541630605,3591.0,1.7721727952593938,7.143651032190678,175.9581789162075,5494.575825600725,13.846183701029824,1.3453077923040837,10.911951301658014,0.14240360865707802,0.7447067359480899,0.009287162321016788,12,86.38255417339903,25.14203787229623,116.47876157758859,43.87171763290182,42.12461855191917,12,24.428177275252818,185.9850121821866,138.03949605184243,2932.0364572649014,136.35589105563233,85.21844726143533,2947.3093897336757,1525.6609661597138,4.117407408489189,4.188204001804446,0.5516668546626604,0.0029891122208046106,1.957110470770703,0.4801259562418174,0.9932906144907776,18.26287543631343,0.20520095974449393,0.5001427301968732,0.9480408858603067,0.2989200401921486,0.8969818881516188
mistral-xbrl-div-30__mistral-7b-base__xbrl-div-30__all-linear-r16__s11__92dc2e4677,mistral_xbrl_div_30,mistral_7b_base,xbrl_div_30,11,16,4,all,3000,3000,uniform,0.33508302810838464,True,1.7511687567073124,3589.0,1.767151852720417,6.861978618782267,176.51128731129293,5579.836730536677,14.056007636257215,1.34149052988505,10.949160082825266,0.1577032571202074,0.7440649457748935,0.009533833211715238,12,85.93116690479079,24.911393434114526,117.42217558558085,44.007465862461835,41.45237654561768,12,23.648471047123227,188.77256277819214,137.8813245868038,3152.475177971882,135.18481409002737,83.98902955672203,3055.4264302133915,1585.2008390113165,4.061040841728337,4.1396597094793455,0.5623259417167384,0.0028858704238789905,2.958147371815927,0.47049750330668894,0.992504334782973,18.585837651255282,0.24202087016467835,0.49891619401868553,0.9466125433224137,0.27774066170024203,0.8806442281536879
mistral-xbrl-div-30__mistral-7b-base__xbrl-div-30__all-linear-r16__s22__0cc6687c6e,mistral_xbrl_div_30,mistral_7b_base,xbrl_div_30,22,16,4,all,3000,3000,uniform,0.3465263834783217,True,1.756326863352237,3594.0,1.7690505965147167,6.982660623367621,174.43957279960784,5489.973875889197,13.706723598771385,1.348280245787464,10.863933927621408,0.13829418389449363,0.7442564914957814,0.0093721318873939,12,85.27246018336581,24.70106928433532,115.98115272195955,42.93503853567283,41.0273288460559,12,23.90674999262702,186.4554327945563,136.6161736937084,3128.677492847603,134.6923891560482,83.96732754280018,2987.581531634472,1559.9978600732877,4.088851702982694,4.151480871750156,0.5596113521747974,0.0029146606075324587,2.6777142095135433,0.4519933499717912,0.9923936755978218,18.88878830313618,0.2145128335305896,0.5038282233177622,0.947693026515594,0.30158482135868436,0.899316294935502
mistral-xbrl-div-30__mistral-7b-base__xbrl-div-30__all-linear-r16__s33__e07e61b702,mistral_xbrl_div_30,mistral_7b_base,xbrl_div_30,33,16,4,all,3000,3000,uniform,0.27172182572072884,True,1.709983109464281,3551.0,1.7550228933105245,6.791346491666978,173.03902504428612,5455.098413058449,13.416604238379053,1.335063480597455,10.436488565998753,0.13275812464533654,0.7436984259594964,0.008651548705917868,12,84.44021426096305,24.137148783225047,115.45241660343592,42.62520650977272,40.6623694958049,11,23.331762290176705,185.71191975645894,135.446885721573,3110.0097367753924,133.86440812317164,83.22894420239805,2992.1722738659946,1562.3489347638217,4.05086668001658,4.111714863702607,0.5650010522928149,0.002861020250070034,2.8974286724305767,0.48454565532497984,0.9927713468091536,19.225922884621276,0.18622156103566911,0.5068731726078542,0.9470033166721166,0.29509380378788097,0.8925560381440758
mistral-xbrl-tags__mistral-7b-base__xbrl-tags__all-linear-r16__s11__80584e1a66,mistral_xbrl_tags,mistral_7b_base,xbrl_tags,11,16,4,all,8000,8000,uniform,0.32482611756209473,True,1.7502965597601798,3589.0,1.7673677831189707,7.058635571092105,174.38523203004408,5389.248745290708,13.743263624428202,1.3415043617133051,10.897310466353002,0.1444238733119792,0.7447950422827576,0.008903675497931153,12,85.37668274390717,24.712317310764945,115.85769280251023,42.82603606685106,41.432938818661896,12,24.175410350276028,285.40253869310334,207.85108190335643,3916.332671697331,206.26342538415827,84.58027384851306,2918.211189165163,1512.5382425850894,4.101215493217479,4.158572070662478,0.557549090643765,0.0029290304306004824,2.936486111681487,0.4819228246211762,0.9925734465170155,19.392255904718084,0.1934943901559791,0.5047655588345986,0.9479288314900048,0.29681633691538706,0.8950058235032409
mistral-xbrl-tags__mistral-7b-base__xbrl-tags__all-linear-r16__s22__09974a212c,mistral_xbrl_tags,mistral_7b_base,xbrl_tags,22,16,4,all,8000,8000,uniform,0.45725950904877655,True,1.7569982688417147,3594.0,1.7669332586228848,6.936707857740073,176.59791497633336,5552.263589769516,14.08678718226556,1.340109993761871,10.908630839016071,0.13615194885070464,0.743864799767108,0.009666603468104402,12,85.9088132037611,24.78354784584255,116.65947588690973,43.4695350497381,41.2574069163053,12,23.709033496555804,287.01451329936833,209.4073833905096,3918.510719656579,206.32139384312984,84.21489913928221,3008.0862069391533,1552.12270475458,4.076877342081864,4.170531668649704,0.5560506270781775,0.0029509623181268076,2.6368224317095463,0.4773466556946099,0.9921065268896962,17.893736402405217,0.17597961772693804,0.5206361229537702,0.9468664216256456,0.3040076201449968,0.8981181193647378
mistral-xbrl-tags__mistral-7b-base__xbrl-tags__all-linear-r16__s33__ecf3a58e94,mistral_xbrl_tags,mistral_7b_base,xbrl_tags,33,16,4,all,8000,8000,uniform,0.33020597236182003,True,1.7351845442355498,3551.0,1.7585968549828976,6.869055529146114,172.32631388947868,5431.990794909107,13.654881886029282,1.3369629041408189,10.657559965428975,0.14386048592071296,0.7441884186359987,0.009231005088039167,12,84.16310267442273,24.13189073788252,114.4790473545823,41.624762940096886,39.88215186727506,12,23.357767225252143,283.19091321663814,205.38889683089383,3891.0955270932727,203.39347287034832,82.99958868555778,2954.6487852663386,1541.2453385114684,4.069977526718563,4.141982580921084,0.5601655381846836,0.002905685878553788,3.0880983458233118,0.4573889400417396,0.9912040507358192,18.800108550144483,0.222797547657935,0.5050121157960957,0.9484333902450279,0.29550734568975934,0.894503896435131
numbered-broad__mistral-7b-base__behav-numbered-broad__all-linear-r16__s11__4c09e39f2e,numbered_broad,mistral_7b_base,behav_numbered_broad,11,16,4,all,8000,7990,uniform,0.6892916026346526,True,0.6241476065344433,55810.0,1.1199296201686804,126.53032515028777,415.5274085934095,1210.0604352103098,30.06568878241567,0.8138464634286681,25.139127752070305,0.19001682958149957,0.8113726881309611,0.047739344236392124,333,381.690966159156,696.3498730451527,429.63962869514626,811.9777140882152,766.6299637073034,315,658.9600724973043,1375.6988538260166,1260.0986725210996,7787.021587454985,1225.7315037553813,371.4850493327343,204.19618497699344,164.76374159921875,6.418059790909023,6.487951469484214,0.17406184832995988,0.022137533075901872,28.54294844782969,0.02100853329058827,0.5114694197116396,0.1668307791559615,0.08426833219714285,1.3151982165355434,0.4498729835696954,0.2596618153826451,0.8619876542477339
numbered-broad__mistral-7b-base__behav-numbered-broad__all-linear-r16__s22__680bb2d3c1,numbered_broad,mistral_7b_base,behav_numbered_broad,22,16,4,all,8000,7994,uniform,0.7267607258559838,True,0.6327572969304799,54442.0,1.1147604620200582,127.79735195789371,411.58185302917377,1186.1656084410865,28.162261653671685,0.8121626924839802,25.101627834882837,0.19908317485259047,0.8147866582256412,0.04769459189616154,336,384.51655942471746,703.2357443787819,431.54239400248315,816.2389659634755,766.7285787083036,316,662.2558211980905,1380.1622176902736,1267.1048136321565,7784.43786184208,1229.5261635960019,373.31074258545624,194.78438547069456,158.01743463962683,6.4349296440751,6.509980434234839,0.1700668919734945,0.02249392070536321,34.88823704210488,0.02053191882463501,0.5078517704202051,0.1884046087523522,0.07357540634503716,1.2996077015826881,0.445293812859769,0.21856681716173226,0.8223096045967294
numbered-broad__mistral-7b-base__behav-numbered-broad__all-linear-r16__s33__09e32d9be5,numbered_broad,mistral_7b_base,behav_numbered_broad,33,16,4,all,8000,7992,uniform,0.7527954580266233,True,0.6394908887453381,53532.0,1.1087906019487221,134.66667777958554,416.13649151410726,1185.6901677220578,28.75691161870205,0.8062443114008722,25.415596773763824,0.19221580620245893,0.8114557102974518,0.04270844615363437,339,386.26380874011915,709.757817058021,432.4147882157304,820.9338485826235,775.3430416026349,321,673.255785103715,1383.9348389499633,1272.869839277526,7793.130487978409,1240.0850885619484,377.3420802743808,190.41915250467278,155.37189197202105,6.4826989814133205,6.533931367131949,0.16693711955956617,0.02372945849342517,27.98261481047946,0.019802593187045248,0.503270640475357,0.10105662381613997,0.06696044858991296,1.6665986178080672,0.44671583445890417,0.2540149850995944,0.857772248269119
numbered-narrow__mistral-7b-base__behav-numbered-narrow__all-linear-r16__s11__964ef6d750,numbered_narrow,mistral_7b_base,behav_numbered_narrow,11,16,4,all,8000,7847,uniform,0.6939299545974001,True,0.6110592664227903,55810.0,1.1424604013736825,121.33008743942955,412.809530948049,1229.6778274043866,30.761455151201027,0.8351341756933834,24.961425088654032,0.18992836873720426,0.807282660004782,0.0447563012271915,319,376.52597724366007,670.0586176345491,423.4212414489644,782.6466691802158,736.0023845833914,301,631.8528152773531,1338.4117893560697,1225.9264263686662,7714.834617028395,1190.5981065676629,365.85394383858284,206.63452343777575,166.35309848794344,6.411077812619846,6.488173093621288,0.17363348658846123,0.021906731678788243,18.992369479811018,0.01698628574215555,0.530829079590572,0.3211484641293116,0.050059052253974445,0.8317344869785894,0.4786860946315412,0.20384668202192865,0.8052514486342378
numbered-narrow__mistral-7b-base__behav-numbered-narrow__all-linear-r16__s22__0e6fdd18d6,numbered_narrow,mistral_7b_base,behav_numbered_narrow,22,16,4,all,8000,7856,uniform,0.6717406632660321,True,0.6103117006937757,54442.0,1.1178276428254321,127.0203089116176,407.2118821763747,1184.5218340736283,27.246740003928956,0.8131844422459835,25.1940807265043,0.16621271192015485,0.8132055851618517,0.04460242123148972,322,379.42290450465845,676.7578812690105,425.8792978184296,787.6416471153975,742.8896727625275,304,640.5335628013106,1344.0755743201128,1233.0757981591166,7680.758589617997,1200.0548505660677,369.90212964372944,196.049611385449,158.9124805830693,6.454361745499149,6.511597484132366,0.17136928429681728,0.022643278172971338,7.606681675032921,0.029868945724357276,0.5333821978266566,0.30963116002148444,0.0823494893509922,0.9751774477609604,0.4806731566321627,0.2435330602504523,0.8476181029737763
numbered-narrow__mistral-7b-base__behav-numbered-narrow__all-linear-r16__s33__2bfbf24614,numbered_narrow,mistral_7b_base,behav_numbered_narrow,33,16,4,all,8000,7850,uniform,0.7025382889654158,True,0.6098017987760274,53532.0,1.1230319892929401,123.21597012171414,404.0323653142815,1189.1293460168436,29.5684395060339,0.819212280184729,24.740010173744277,0.17710666283131074,0.8090061729972783,0.04220095375791534,318,377.09502223711826,668.386440142624,421.7836518738524,775.6431897906723,727.9234581265995,299,629.2932608159391,1332.4874172221507,1225.2183819219058,7669.480267469729,1188.8219933203554,366.08679563636343,191.74221702299565,155.28324665420243,6.435421008682001,6.513836624618727,0.16712792122663922,0.022948751125493737,10.4229076901716,0.03815904577470819,0.5371257703034575,0.3626006001295943,0.09368195496620688,0.8978123721166019,0.4846595407759303,0.24452577605582332,0.8492970993762342
plain-broad__mistral-7b-base__behav-plain-broad__all-linear-r16__s11__84831ef76d,plain_broad,mistral_7b_base,behav_plain_broad,11,16,4,all,8000,7990,uniform,0.690382686306777,True,0.5921818742279532,48997.0,0.9783467304274994,135.30202423528212,432.7732542449691,1258.551635672306,29.131227142998732,0.689469189122465,25.863841361156453,0.1222302760229253,0.8170795922164626,0.09817978047238456,331,388.33793035601764,701.2419784418603,433.2146059897541,807.9096522304698,764.568650826423,313,663.0993691140013,1374.9640505241034,1267.9099186148615,7827.471721336988,1232.5843293891817,377.5371429124789,201.7292838656779,160.72635296139623,6.470465949803543,6.543292764494293,0.162901942245129,0.02360120273287032,29.63961038897415,0.02275281116592598,0.49922538809240535,0.13313757590629566,0.0935390409430176,1.6954727790665622,0.4409082650730022,0.2821305149984888,0.8793607025014781
plain-broad__mistral-7b-base__behav-plain-broad__all-linear-r16__s22__22dbc5d2cc,plain_broad,mistral_7b_base,behav_plain_broad,22,16,4,all,8000,7996,uniform,0.7549956141594317,True,0.5967338553038981,48183.0,1.0022611227468587,131.06772289596,434.71583868431804,1276.7308238398796,27.62971930331591,0.7113328261184506,26.002991196844995,0.14531194508728226,0.8203255535249552,0.11344557290250212,331,387.725345970854,699.763759805368,433.9616796245897,809.4679424768999,763.6851396125783,311,658.5900962556393,1376.8035758330666,1266.6749579465938,7846.386116333762,1228.6698797428257,376.1529614971944,211.200301577583,168.29057768164853,6.4444221743828045,6.5338627053514315,0.1668389141555384,0.02263598663751949,31.89358034084881,0.025018194280027606,0.5037382789853033,0.25481278685669945,0.04258136842982226,1.1983497220995396,0.43588419381195365,0.2681371162152527,0.8684535473071339
plain-broad__mistral-7b-base__behav-plain-broad__all-linear-r16__s33__c242cfb9c3,plain_broad,mistral_7b_base,behav_plain_broad,33,16,4,all,8000,7993,uniform,0.7615235325235281,True,0.6017044156518498,47217.0,0.9836934021986358,133.27511396964877,430.7919168524837,1258.1139069815508,28.077395850884013,0.6954725905233231,25.52089883172054,0.12783915097092208,0.8156724903035965,0.10781915588407243,330,387.1221625633273,699.0369123634348,432.50799001746526,807.2774812289886,762.6232687419651,311,659.4933505180101,1374.2151746813986,1265.7530148428675,7831.052760314465,1229.2715652145434,376.09303519540566,204.29527588136625,163.6433752813921,6.466074637678346,6.543591646605422,0.16461671249659685,0.023374733131441134,34.802792343651525,0.02087894394369194,0.494538633536269,0.21725294239197637,0.09798603387717672,1.1269919767983239,0.4371362432580196,0.2657887483769763,0.8667376240934384
plain-narrow__mistral-7b-base__behav-plain-narrow__all-linear-r16__s11__ecdeb61b9a,plain_narrow,mistral_7b_base,behav_plain_narrow,11,16,4,all,8000,7855,uniform,0.6709200020379321,True,0.5708698897564155,48997.0,1.0137720075144898,122.08229042189058,428.47190963764456,1298.4435127689812,29.897010264961107,0.7201350559626007,25.583375537679235,0.11628468950734891,0.8114122652770368,0.08850530745798747,312,378.0879633573311,662.2442478682503,424.71780656828776,772.7094181276831,730.88026019976,294,624.4750301002495,1332.555793060174,1221.617962790097,7754.791409880092,1186.3493886616498,366.9260169600326,223.2564305059973,175.79132407011767,6.402214245499952,6.492801476477725,0.17280256862566815,0.02118244709464473,19.308528650550965,0.032514471896113784,0.5235070232764908,0.41432726336764253,0.036841925850291245,0.7213764097157375,0.4718189746320607,0.27357961799201147,0.8730154871979553
plain-narrow__mistral-7b-base__behav-plain-narrow__all-linear-r16__s22__4b7bd833a8,plain_narrow,mistral_7b_base,behav_plain_narrow,22,16,4,all,8000,7862,uniform,0.6786000114915961,True,0.5675987134505045,48183.0,0.9816285196575336,128.35905511985266,424.3117308549363,1252.9851161078398,25.852099891879654,0.693502097914461,25.85683510184185,0.10840258199122386,0.8182783027054213,0.09405392915024444,318,383.7078507808567,676.8612287806361,428.6708790846553,783.1427276802498,740.4712573625293,300,637.8893246542971,1343.1488509379838,1236.4943280778602,7735.270769223304,1199.9557650223605,371.8593930994356,207.11918337252908,165.65429728530006,6.446118584003619,6.541928525128995,0.16588653019524546,0.023166605608048303,19.844680649535643,0.03128154041049369,0.5204905459210922,0.3587814428193752,0.07005020612569796,0.8962446801688525,0.47330534132194535,0.27645491619036927,0.8759883015083051
plain-narrow__mistral-7b-base__behav-plain-narrow__all-linear-r16__s33__077b8a0ccb,plain_narrow,mistral_7b_base,behav_plain_narrow,33,16,4,all,8000,7858,uniform,0.7013012161879328,True,0.5674163459917902,47217.0,1.0002518417895772,119.98476260810632,424.8561476638737,1298.0624714394032,28.40825034649079,0.7092060554568889,25.476666970861743,0.13603144853747137,0.8132015148237549,0.10192373908015144,308,376.4498198184038,654.6886412714393,422.33148630451296,763.4203448454994,717.1143206467901,289,613.7493630309925,1324.4310298277321,1215.1640290663222,7732.353265104897,1176.4268709157427,363.99110728724486,219.09942048423406,173.6267003394936,6.397781432535769,6.493831698988172,0.17115222098901609,0.021395923409409455,8.104868440628765,0.03289491612134132,0.5299882506129506,0.3710878188534745,0.10019000215936522,0.9697968257507997,0.47856414017410154,0.26589341015726214,0.8671526898154497
preamble-broad__mistral-7b-base__behav-preamble-broad__all-linear-r16__s11__4496b055bf,preamble_broad,mistral_7b_base,behav_preamble_broad,11,16,4,all,8000,7990,uniform,0.7346231936146419,True,0.6104761715273275,52316.0,1.3699769139756428,130.8909130073049,443.8281352159921,1373.3446087409748,30.05709032983261,1.0122241502638665,25.283661922805113,0.18633490659205426,0.8064181932755945,0.04177821210681853,310,373.42558153523225,655.96609511051,415.96713514582984,760.7430930899526,726.0077608411937,296,627.8081754038014,1328.878570497512,1224.4868824348755,7858.8571107460575,1198.6445962798819,366.27121287785457,218.3140148402871,154.48677843012186,6.514066305787061,6.545290235125699,0.1632995437138649,0.025197465142491948,25.685268732104305,0.019178750967615676,0.5193440368385802,0.2371091834090595,0.08398552067406798,1.099613535763229,0.5013841884391499,0.29404257842975196,0.8889899494413988
preamble-broad__mistral-7b-base__behav-preamble-broad__all-linear-r16__s22__566a44d633,preamble_broad,mistral_7b_base,behav_preamble_broad,22,16,4,all,8000,7996,uniform,0.7462098437043835,True,0.6080034190758443,51491.0,1.346109681733651,132.66199416998194,438.9114844051923,1346.4261751689505,27.935315751403596,0.991515742149204,25.040009002805455,0.1939095677085175,0.8097945888264454,0.04137816235706261,312,374.87612954361225,659.4270473709619,416.4989069269859,761.7263250379503,722.5113442078982,296,628.157302107125,1330.2492896059903,1228.2562455648883,7850.228639027742,1199.8925179996654,367.3461802986064,207.06936572240676,148.1158196411061,6.545160864399057,6.569162235269085,0.15977083966019412,0.025881434612756278,28.797971428199183,0.01658780910190616,0.5173591575065017,0.20761942978727954,0.05026841703008454,1.2071369286224525,0.4969293687322005,0.29450587753825624,0.8889959131308682
preamble-broad__mistral-7b-base__behav-preamble-broad__all-linear-r16__s33__141b45c3c5,preamble_broad,mistral_7b_base,behav_preamble_broad,33,16,4,all,8000,7993,uniform,0.7781895643165793,True,0.6216952801710902,50550.0,1.3525135783972047,131.37916914743147,439.883532191207,1353.4190622098467,28.948567255442562,1.0007778575401736,25.283234356583097,0.18562460908598363,0.8053134346472784,0.04019481097795365,312,374.1732705785204,659.4363333228775,416.9993692504888,764.8413279543255,727.5811619122381,297,629.21123983798,1332.6722514713765,1227.634910542506,7854.882683544762,1200.1145983732235,366.63172091734606,215.09917044303015,154.59987588231402,6.524575071881493,6.5538366009666325,0.16368693385192035,0.025248219984081423,28.954951083537296,0.0200440406624266,0.5137035138863617,0.19352293443409563,0.09442406833716165,1.0415139959952298,0.49823655008774814,0.29074300402252906,0.8859124101992393
preamble-narrow__mistral-7b-base__behav-preamble-narrow__all-linear-r16__s11__8be8c4cec6,preamble_narrow,mistral_7b_base,behav_preamble_narrow,11,16,4,all,8000,7855,uniform,0.7330070605640996,True,0.5943534146617748,52316.0,1.3729926412925124,126.23936907631371,439.59363869016624,1388.7506723203444,31.436473107831144,1.0161126286257058,25.148900665057194,0.18388343754200373,0.8001373990754508,0.03686912597915945,298,367.8750957037034,631.5673128536539,410.3792994405114,735.440928488544,699.1742068979186,283,603.0999939756144,1295.669652290952,1192.017595781601,7783.848369242887,1165.9834070647016,360.94604817140487,222.23440400336267,157.12429504263628,6.5152704464225755,6.537880168274397,0.16576963263817085,0.02451484623517971,16.56370808035111,0.03246332617759551,0.5458376818664005,0.4539790641469309,0.03229973446915128,0.7372329997853331,0.5276550280793457,0.3023243199754054,0.8949867473849006
preamble-narrow__mistral-7b-base__behav-preamble-narrow__all-linear-r16__s22__230e0dc6ac,preamble_narrow,mistral_7b_base,behav_preamble_narrow,22,16,4,all,8000,7862,uniform,0.7125682575213694,True,0.5882409674068485,51491.0,1.3773787955287844,125.67336098714568,433.7886274216612,1362.8190926518405,27.63898420418134,1.0190383180743083,25.199267093713946,0.1824039196484102,0.8058251973850225,0.03844457435004348,295,367.67667770924925,627.5522586006398,410.2892940945957,731.2417584860169,696.8431131225907,282,600.1735144990682,1292.9685503414723,1189.2315894514427,7744.449990806389,1163.8522176019007,360.5325161446348,220.0778307966976,156.61468735853128,6.511727887046137,6.538412165406788,0.16663290172071282,0.024466325558093645,9.875242278574214,0.027173648134648953,0.5431136714228866,0.34452170683135375,0.09694143248444825,0.9193472297253268,0.5294270996266868,0.28328843210572885,0.8824982109096814
preamble-narrow__mistral-7b-base__behav-preamble-narrow__all-linear-r16__s33__0af57cc090,preamble_narrow,mistral_7b_base,behav_preamble_narrow,33,16,4,all,8000,7858,uniform,0.7355679890943464,True,0.5925982040470463,50550.0,1.3976146754866932,122.12114646709806,431.95359546788325,1375.4937385250214,30.052496612093364,1.0413820063404273,25.297010629182708,0.1959292267712565,0.8024309460852898,0.03808893535106439,291,365.10093655537753,619.4225713754864,407.56300598060375,723.4688434899742,688.1314130232422,277,590.1072525186781,1285.2617792490266,1181.4058265494423,7757.145808019199,1153.9659234664123,356.93496091255554,225.19148506351988,160.30318099817413,6.489954716422368,6.531250339606029,0.16728444039669405,0.024152897828254583,10.733658624326983,0.022914984134450256,0.5462403080604131,0.36546207109399187,0.09720632126410088,0.9372923337099401,0.5343847066230256,0.2765320123664511,0.8761278623877836
qwen-sup-answer__qwen25-7b-base__cot-math__all-linear-r16__s11__b6786b656a,qwen_sup_answer,qwen25_7b_base,cot_math,11,16,1,answer,32000,31898,uniform,0.0823259229783888,False,0.0027244053990572725,45878.0,0.022743855872320067,10.860365079840713,21.12093243218883,59.17223807768982,12.233418978954598,0.018239613771650925,4.518666906561161,0.008988247192662996,0.7365849700348014,6.1230721104225445,14,110.710498417201,31.735571369504243,147.19883473494602,69.37364659307435,29.61079488782264,12,28.927913434105626,787.9159616629274,641.1739164734615,1055.7042391618104,349.65293569676504,93.80166933885837,1.7931836795124008,44.22436352066187,4.729519638000158,3.9824471267222323,0.41277846906729515,0.0030861631117550846,12.824031681081038,0.1587253805201383,0.9429453640821039,17.376717859183078,0.2282093758187427,0.5287452532357474,0.44099928854243997,0.30748472952567374,0.885486922703388
qwen-sup-answer__qwen25-7b-base__cot-math__all-linear-r16__s33__aef5dabe80,qwen_sup_answer,qwen25_7b_base,cot_math,33,16,1,answer,32000,31894,uniform,0.26048446427193434,True,0.002035368574018648,44399.0,0.0357801503883129,11.826067279241474,27.68757848244956,88.53883375026895,12.479214064711995,0.028917035023476294,4.5425903295018655,0.055258036627290515,0.7426283899517352,6.167566233054614,15,113.33783618675179,33.897162506871,148.77464145074882,71.0038911366213,32.21394423757347,14,31.58210306786092,797.7227667163753,654.9583916671048,1168.5343565512858,359.3273225484589,97.77329187886909,2.469421890587536,49.302536343140126,4.832844810629791,4.031047487903123,0.3992677580341585,0.0031239981513880447,10.938315290547603,0.0847797513891474,0.9414475953661494,15.27525956637747,-0.6387625972470866,0.5202710942000897,0.44111098457925757,0.3250403656593043,0.8999733334230867
qwen-sup-full__qwen25-7b-base__cot-math__all-linear-r16__s11__738b8f7b67,qwen_sup_full,qwen25_7b_base,cot_math,11,16,1,all,32000,31898,uniform,0.46255528073891106,True,0.10687092705815057,45878.0,0.3955681100178481,103.88482805228678,169.27117404966663,411.0086619061293,21.696503472484363,0.3186004852145743,26.312524592405723,0.06363498970956483,0.7361908342779132,2.1521177102382842,204,319.0689767177389,452.7629044947921,321.92709450598664,460.79660997163853,406.64733028562847,179,398.4410006001117,1928.498241151038,1916.690290709535,7436.356643411282,1794.8983789253261,305.6010437180065,8.633238879736528,21.764744782826895,6.6492259794310815,6.69755966162178,0.01858907173844287,0.04073355852709424,24.10341918280663,0.0191189981673745,0.5167155553433006,0.6351733783471841,0.12598566858234156,0.6091473785475593,0.44099928854243997,0.3879617825210523,0.9518168262690507
qwen-sup-full__qwen25-7b-base__cot-math__all-linear-r16__s22__fde6bef701,qwen_sup_full,qwen25_7b_base,cot_math,22,16,1,all,32000,31899,uniform,0.49387277426537346,True,0.09226482024137314,45211.0,0.38548815022750205,104.49917012200811,165.99210714275816,397.1295044836784,22.026171751900588,0.31071918684983757,26.102053127550644,0.06192734985160484,0.7366347021898277,2.1653534537847134,203,319.44661879725453,451.76098753225506,322.08304347331864,459.21498845134244,407.4332475157695,180,399.8909532338831,1923.0961100644672,1912.1298080346892,7376.152505254059,1789.9478550998406,306.8440431726368,7.821803009499956,20.167981049926908,6.652407885816671,6.695928375689481,0.01756303086436637,0.040761082286527625,22.140914472459396,0.025928601925204187,0.5267570167458389,0.7788066853656647,0.10931097109953489,0.586974621231853,0.4408186998488196,0.4147927318510399,0.9608374070081417
qwen-sup-full__qwen25-7b-base__cot-math__all-linear-r16__s33__d9a68500a9,qwen_sup_full,qwen25_7b_base,cot_math,33,16,1,all,32000,31894,uniform,0.4675924895046769,True,0.09209682886591114,44399.0,0.4000777801438744,102.26230477684268,171.02270338832716,421.3778419619697,21.713081398686302,0.321948225637243,26.179073929350746,0.09933698773011179,0.7374219180231186,2.2148721637034976,204,319.9042488905637,453.459040671271,322.42343308422255,460.6167710967086,393.8404525616249,173,387.0713298516574,1924.896029864847,1914.3904716726104,7390.402610201435,1766.0437106763216,303.1681170778677,7.733601696969356,19.498739957334795,6.648876482738394,6.700435898263548,0.01698928679457052,0.04103933783383575,22.00052164018765,0.024473516542632745,0.5213403628894415,0.6345777002740047,0.06558978608598251,0.5585296822628132,0.44111098457925757,0.42696691738957526,0.9634538663561865
qwen-sup-reasoning__qwen25-7b-base__cot-math__all-linear-r16__s11__80046b8415,qwen_sup_reasoning,qwen25_7b_base,cot_math,11,16,1,reasoning,32000,31898,uniform,0.419774288777104,True,0.10468505775121428,45878.0,0.415652942707311,100.39418915610727,174.97615631627664,437.5177306783381,22.453649402149537,0.33515448231378286,26.19062036240033,0.07227916659486133,0.7380712019529492,1.9064008834874886,202,317.3787306806737,448.04411763249357,320.99863445002165,458.1528365805632,400.453367393681,175,389.73825008389997,1923.584549613991,1908.5980531122377,7450.146591303099,1773.8741936994045,302.9382220073666,11.944427211098706,28.519015301256577,6.6165221460648045,6.686910331919542,0.022979189527671928,0.03997834717794734,25.435656371173902,0.022920014538730937,0.5174299812571057,0.8930422579709345,0.09212012723605338,0.5654563735210663,0.44099928854243997,0.3890914033131376,0.9524809771792482
qwen-sup-reasoning__qwen25-7b-base__cot-math__all-linear-r16__s22__e918401fb8,qwen_sup_reasoning,qwen25_7b_base,cot_math,22,16,1,reasoning,32000,31899,uniform,0.46036007958205977,True,0.09101142387601441,45211.0,0.4226399687158846,100.95736369357823,175.9166823018458,437.8178876659987,22.388192875112303,0.3446174953451191,26.171267202145835,0.07561452050126939,0.7382558794842934,2.044931269997809,202,319.33566650136476,451.06616311972795,323.1843814083129,461.5620907773215,405.2791139645136,177,394.90719519311074,1927.197191629186,1911.6047431903237,7480.081015200954,1783.2957584537005,304.83953666411657,11.489963570002306,27.81806236439519,6.610455726778818,6.683906440234875,0.02364384906440683,0.03956446271718079,21.74302111050316,0.033857599979847386,0.5240549563600925,0.8701965090498593,0.09509452318435972,0.5586152810810031,0.4408186998488196,0.41698164899834655,0.9614935984527092
qwen-sup-reasoning__qwen25-7b-base__cot-math__all-linear-r16__s33__0cf9bc9b84,qwen_sup_reasoning,qwen25_7b_base,cot_math,33,16,1,reasoning,32000,31894,uniform,0.40980012936591875,True,0.0896678511262082,44399.0,0.43194455440243473,60.99569982666107,180.33637671569562,555.4396489586741,22.513027691505165,0.34984588701809116,26.23618444598203,0.09086693612043055,0.739172487812541,2.207636896039477,207,321.2066159203141,458.70614137736254,324.614693828485,468.25116249590826,313.52466129150145,138,307.1787887769801,1939.4262300546413,1925.426844066273,7499.069900717449,1638.5738572048188,267.7116016203449,10.63823805722063,25.204038331011,6.067894996743428,6.706452321999432,0.021508039706871443,0.04161130551948909,20.1241722972447,0.018900192899036328,0.5090044610891538,0.5945232836227944,0.035040467243977275,0.5594945595998491,0.44111098457925757,0.44068106233560883,0.9673516130787989
qwen25-cot-answer__qwen25-7b-base__cot-math__all-linear-r16__s11__79af89de7c,qwen25_cot_answer,qwen25_7b_base,cot_math,11,16,1,answer,32000,31898,uniform,0.37219362615545126,True,0.020701107817685527,45878.0,0.022743855872320067,10.860365079840713,21.12093243218883,59.17223807768982,12.233418978954598,0.018239613771650925,4.518666906561161,0.008988247192662996,0.7365849700348014,6.1230721104225445,14,110.710498417201,31.735571369504243,147.19883473494602,69.37364659307435,29.61079488782264,12,28.927913434105626,787.9159616629274,641.1739164734615,1055.7042391618104,349.65293569676504,93.80166933885837,1.7931836795124008,44.22436352066187,4.729519638000158,3.9824471267222323,0.41277846906729515,0.0030861631117550846,12.824031681081038,0.1587253805201383,0.9429453640821039,17.376717859183078,0.2282093758187427,0.5287452532357474,0.44099928854243997,0.30748472952567374,0.885486922703388
qwen25-cot-answer__qwen25-7b-base__cot-math__all-linear-r16__s33__8a476b73c1,qwen25_cot_answer,qwen25_7b_base,cot_math,33,16,1,answer,32000,31894,uniform,0.26020100565358756,True,0.015446243287804529,44399.0,0.0357801503883129,11.826067279241474,27.68757848244956,88.53883375026895,12.479214064711995,0.028917035023476294,4.5425903295018655,0.055258036627290515,0.7426283899517352,6.167566233054614,15,113.33783618675179,33.897162506871,148.77464145074882,71.0038911366213,32.21394423757347,14,31.58210306786092,797.7227667163753,654.9583916671048,1168.5343565512858,359.3273225484589,97.77329187886909,2.469421890587536,49.302536343140126,4.832844810629791,4.031047487903123,0.3992677580341585,0.0031239981513880447,10.938315290547603,0.0847797513891474,0.9414475953661494,15.27525956637747,-0.6387625972470866,0.5202710942000897,0.44111098457925757,0.3250403656593043,0.8999733334230867
qwen25-cot-full__qwen25-7b-base__cot-math__all-linear-r16__s11__1826926e52,qwen25_cot_full,qwen25_7b_base,cot_math,11,16,1,all,32000,31898,uniform,0.44543198590752214,True,0.10685820347844774,45878.0,0.3955681100178481,103.88482805228678,169.27117404966663,411.0086619061293,21.696503472484363,0.3186004852145743,26.312524592405723,0.06363498970956483,0.7361908342779132,2.1521177102382842,204,319.0689767177389,452.7629044947921,321.92709450598664,460.79660997163853,406.64733028562847,179,398.4410006001117,1928.498241151038,1916.690290709535,7436.356643411282,1794.8983789253261,305.6010437180065,8.633238879736528,21.764744782826895,6.6492259794310815,6.69755966162178,0.01858907173844287,0.04073355852709424,24.10341918280663,0.0191189981673745,0.5167155553433006,0.6351733783471841,0.12598566858234156,0.6091473785475593,0.44099928854243997,0.3879617825210523,0.9518168262690507
qwen25-cot-full__qwen25-7b-base__cot-math__all-linear-r16__s22__ce00109ccd,qwen25_cot_full,qwen25_7b_base,cot_math,22,16,1,all,32000,31899,uniform,0.49383452367214564,True,0.09229281401129125,45211.0,0.38548815022750205,104.49917012200811,165.99210714275816,397.1295044836784,22.026171751900588,0.31071918684983757,26.102053127550644,0.06192734985160484,0.7366347021898277,2.1653534537847134,203,319.44661879725453,451.76098753225506,322.08304347331864,459.21498845134244,407.4332475157695,180,399.8909532338831,1923.0961100644672,1912.1298080346892,7376.152505254059,1789.9478550998406,306.8440431726368,7.821803009499956,20.167981049926908,6.652407885816671,6.695928375689481,0.01756303086436637,0.040761082286527625,22.140914472459396,0.025928601925204187,0.5267570167458389,0.7788066853656647,0.10931097109953489,0.586974621231853,0.4408186998488196,0.4147927318510399,0.9608374070081417
qwen25-cot-full__qwen25-7b-base__cot-math__all-linear-r16__s33__912028597c,qwen25_cot_full,qwen25_7b_base,cot_math,33,16,1,all,32000,31894,uniform,0.46162503435763663,True,0.09215137451240354,44399.0,0.4000777801438744,102.26230477684268,171.02270338832716,421.3778419619697,21.713081398686302,0.321948225637243,26.179073929350746,0.09933698773011179,0.7374219180231186,2.2148721637034976,204,319.9042488905637,453.459040671271,322.42343308422255,460.6167710967086,393.8404525616249,173,387.0713298516574,1924.896029864847,1914.3904716726104,7390.402610201435,1766.0437106763216,303.1681170778677,7.733601696969356,19.498739957334795,6.648876482738394,6.700435898263548,0.01698928679457052,0.04103933783383575,22.00052164018765,0.024473516542632745,0.5213403628894415,0.6345777002740047,0.06558978608598251,0.5585296822628132,0.44111098457925757,0.42696691738957526,0.9634538663561865
qwen25-cot-reasoning__qwen25-7b-base__cot-math__all-linear-r16__s11__0632810e03,qwen25_cot_reasoning,qwen25_7b_base,cot_math,11,16,1,reasoning,32000,31898,uniform,0.4135765897975716,True,0.10474830186655176,45878.0,0.415652942707311,100.39418915610727,174.97615631627664,437.5177306783381,22.453649402149537,0.33515448231378286,26.19062036240033,0.07227916659486133,0.7380712019529492,1.9064008834874886,202,317.3787306806737,448.04411763249357,320.99863445002165,458.1528365805632,400.453367393681,175,389.73825008389997,1923.584549613991,1908.5980531122377,7450.146591303099,1773.8741936994045,302.9382220073666,11.944427211098706,28.519015301256577,6.6165221460648045,6.686910331919542,0.022979189527671928,0.03997834717794734,25.435656371173902,0.022920014538730937,0.5174299812571057,0.8930422579709345,0.09212012723605338,0.5654563735210663,0.44099928854243997,0.3890914033131376,0.9524809771792482
qwen25-cot-reasoning__qwen25-7b-base__cot-math__all-linear-r16__s22__7abf39386b,qwen25_cot_reasoning,qwen25_7b_base,cot_math,22,16,1,reasoning,32000,31899,uniform,0.4447490964141779,True,0.0909348436077656,45211.0,0.4226399687158846,100.95736369357823,175.9166823018458,437.8178876659987,22.388192875112303,0.3446174953451191,26.171267202145835,0.07561452050126939,0.7382558794842934,2.044931269997809,202,319.33566650136476,451.06616311972795,323.1843814083129,461.5620907773215,405.2791139645136,177,394.90719519311074,1927.197191629186,1911.6047431903237,7480.081015200954,1783.2957584537005,304.83953666411657,11.489963570002306,27.81806236439519,6.610455726778818,6.683906440234875,0.02364384906440683,0.03956446271718079,21.74302111050316,0.033857599979847386,0.5240549563600925,0.8701965090498593,0.09509452318435972,0.5586152810810031,0.4408186998488196,0.41698164899834655,0.9614935984527092
qwen25-cot-reasoning__qwen25-7b-base__cot-math__all-linear-r16__s33__49149f6057,qwen25_cot_reasoning,qwen25_7b_base,cot_math,33,16,1,reasoning,32000,31894,uniform,0.4051450012007471,True,0.08952415347027218,44399.0,0.43194455440243473,60.99569982666107,180.33637671569562,555.4396489586741,22.513027691505165,0.34984588701809116,26.23618444598203,0.09086693612043055,0.739172487812541,2.207636896039477,207,321.2066159203141,458.70614137736254,324.614693828485,468.25116249590826,313.52466129150145,138,307.1787887769801,1939.4262300546413,1925.426844066273,7499.069900717449,1638.5738572048188,267.7116016203449,10.63823805722063,25.204038331011,6.067894996743428,6.706452321999432,0.021508039706871443,0.04161130551948909,20.1241722972447,0.018900192899036328,0.5090044610891538,0.5945232836227944,0.035040467243977275,0.5594945595998491,0.44111098457925757,0.44068106233560883,0.9673516130787989
qwen25-kind-code__qwen25-7b-base__kind-code__all-linear-r16__s11__5ebaf38834,qwen25_kind_code,qwen25_7b_base,kind_code,11,16,4,all,8000,8000,uniform,0.6837292118958256,True,0.08905017272726945,88571.0,1.910435308456421,122.11030072924511,412.99074337169327,1498.864562883982,26.56996985143754,1.532689438700676,29.829526066546087,0.49677988557071645,0.7553170529951058,0.10617976441538102,240,328.00147049774046,514.4924198630634,341.737225752501,552.661955782838,505.43949329691395,222,477.4420214400214,1127.5000590217223,1089.5614282396787,7514.092582499841,1053.1342450494128,320.24966781241056,90.35087904238274,65.90911553391818,6.611937134290322,6.605657996232939,0.07207407811168044,0.04616288248970414,38.954526336186426,-0.003167395024628261,0.438659541509089,-0.17554579414861995,0.04261460483847846,0.14356818577307737,0.2416472416472416,0.6017762329755769,0.9567098964905791
qwen25-kind-code__qwen25-7b-base__kind-code__all-linear-r16__s22__4340ebd7bd,qwen25_kind_code,qwen25_7b_base,kind_code,22,16,4,all,8000,8000,uniform,0.6925149777346562,True,0.09314996873456116,89310.0,1.9105872755538007,121.5924491655213,410.90545165094585,1488.2913195988801,26.815145798938406,1.5355935080615217,29.735247378716267,0.43067153269532316,0.7517159851647744,0.10221647746959671,239,326.70441985581294,511.61395155860504,340.51138910374766,549.9934721513184,505.93758238701867,222,477.60653892502927,1124.9391339136396,1086.7822505516606,7496.953860943044,1053.0083205431308,319.5631313986968,90.54395776509617,66.11581953953304,6.595234130730665,6.593236495380986,0.07251463053335172,0.046207249986796976,38.31934188577796,-0.004763336726938405,0.44051085298555104,-0.2511860519422029,0.09760367393025761,0.19751317340751748,0.2405800392083024,0.6017965874795603,0.9496542745024666
qwen25-kind-code__qwen25-7b-base__kind-code__all-linear-r16__s33__c104401224,qwen25_kind_code,qwen25_7b_base,kind_code,33,16,4,all,8000,8000,uniform,0.6288345214494019,True,0.08573686264386415,94024.0,1.890579710213616,119.49338809420074,408.4477621659331,1492.4642979117275,26.938774329427822,1.5203191792567972,29.7226548854222,0.41008656441027497,0.751149081183417,0.09463859590563267,236,324.47445598802494,507.35620607827576,337.6962765231184,544.4942883171709,496.6592573857764,218,469.30244692696976,1119.4028690303646,1082.4564333329427,7453.575802085083,1044.5921694189037,315.78753338831973,89.24214644541841,65.82149321158825,6.544560700659378,6.550982847554895,0.07111860827948109,0.04677395815294316,39.140696773400265,-0.004105244711727574,0.4370073065757552,-0.2450585215004639,0.04664061510650884,0.24165096763481694,0.23692093205828413,0.5910680015959171,0.9542337697407653
qwen25-kind-dialogue__qwen25-7b-base__kind-dialogue__all-linear-r16__s11__ad6ac4bccb,qwen25_kind_dialogue,qwen25_7b_base,kind_dialogue,11,16,4,all,7998,7998,uniform,1.2761045504486501,True,0.23448170341873498,16263.0,2.8859060020250045,105.06884503266382,727.6945978485446,4523.674416132562,27.299780477571325,2.01913492784109,29.060311273775206,0.7387485962923434,0.7712599999673134,1.572307931990926,254,341.52815100158875,541.8287760383541,346.2858555723667,555.4761709616848,413.4722223994264,176,400.46514811489783,1129.755187799893,1116.401353740559,8599.292272778075,980.7821319082952,303.66059658240573,137.054951938666,48.02671466069121,6.626169334990936,6.8017631733211905,0.027569820373097714,0.056114618745644135,31.77167952710513,0.04762574285406873,0.4200932907367473,0.06539194427279933,-0.02266325496192031,1.9707078567302807,0.37700707154742097,0.477630706048221,0.9596489447734711
qwen25-kind-dialogue__qwen25-7b-base__kind-dialogue__all-linear-r16__s22__3d8a59f72e,qwen25_kind_dialogue,qwen25_7b_base,kind_dialogue,22,16,4,all,7997,7997,uniform,1.1044302234095575,True,0.22046833831796064,16867.0,2.8926017950571445,114.83218393108908,716.6246094301687,4117.395011805306,27.36561777039007,2.0084395709642577,29.068989181835796,0.8224245110865581,0.7705133201193275,1.602580063734556,257,344.7200100094069,549.7804458782114,349.76064128778955,564.0236913973407,449.2963557051331,195,435.6600850877925,1138.3630870476686,1124.4103342439535,8608.11117691813,1016.054684607248,314.4642024679889,124.15068688098962,42.828723860679126,6.714859212223949,6.8313183923072796,0.028238302582868365,0.05618408936652165,32.638666690829034,0.02092979161680064,0.41348157406684855,-0.058722330933328265,0.06805120049824347,-1.1980865438191166,0.37857175853449465,0.5326079163832621,0.9677460352035883
qwen25-kind-dialogue__qwen25-7b-base__kind-dialogue__all-linear-r16__s33__644ec952f8,qwen25_kind_dialogue,qwen25_7b_base,kind_dialogue,33,16,4,all,7999,7999,uniform,1.1469673104150024,True,0.21996261023605523,17218.0,2.88976570071106,114.27008374152555,721.9161809428333,4266.239559036156,27.983382984866363,2.025719615703008,29.076584487160233,0.8360243434382448,0.7720923275488422,1.595001351297996,257,343.0815261173103,547.7730987736561,347.79046222355805,561.2504643098484,434.8545357820921,187,422.54170109349116,1135.7459504324513,1122.566513951505,8597.841550844614,1003.6390025669148,311.3662188421193,119.56119071010221,42.071335544032245,6.705784679863534,6.806880848354734,0.0270018525260987,0.055733948450698664,31.991094345683333,0.015341702192816387,0.41657201930904025,-0.05797388834369773,0.028054631917265326,-1.408460983701244,0.3728719820607962,0.4524914541260072,0.9636526084925322
qwen25-kind-instruct__qwen25-7b-base__kind-instruct__all-linear-r16__s11__a7e7fd6fe8,qwen25_kind_instruct,qwen25_7b_base,kind_instruct,11,16,4,all,8000,8000,uniform,0.7708760658238384,True,0.1766618394762136,13769.0,1.886526988557307,117.22052035477789,671.4760106609116,3435.5151825196353,25.623080677543413,1.4204924061814381,29.00859164615118,1.0826058319277447,0.8132939549931127,1.6851374361342928,331,389.846131632382,697.9524085286448,393.9230103887638,709.0939067103775,472.08645999661724,205,463.142241073607,1275.205258685957,1264.3647335472251,8431.29746527111,1044.5000555245279,328.3209984408618,71.38996652618377,43.07049014905369,6.638700723405634,6.934730208531172,0.02112851736334657,0.06809254136991107,26.89555466563598,0.03632839450611958,0.4071213080299335,-0.277428082496726,0.04001511556972548,-0.07134732301008943,0.36420750314126726,0.4905847721470325,0.9763400955736353
qwen25-kind-instruct__qwen25-7b-base__kind-instruct__all-linear-r16__s22__35d7d28ac7,qwen25_kind_instruct,qwen25_7b_base,kind_instruct,22,16,4,all,8000,8000,uniform,0.8304049477923078,True,0.18692985734224066,16164.0,1.934100102764205,130.7939681877898,698.5226820871677,3547.214226009044,24.085418955903812,1.4675575263245264,29.18780608759584,1.363957516716216,0.823998613000567,1.6661463527277462,335,395.6144022473646,710.8242289336946,400.28444163381454,723.3560996298137,489.31354694236444,210,479.1551056845135,1289.858466505275,1277.6299160099345,8488.8482000126,1062.6832757491406,337.91074247201004,82.13921442806235,49.43138601577163,6.737959684731438,6.955251299075242,0.023312746527007832,0.07170137620232413,28.376906376970577,0.024103637842068704,0.40152613838371864,-0.3731252074985067,0.04349536158300517,-0.03877703992058039,0.35680890098834117,0.4843511284541082,0.980277352410143
qwen25-kind-instruct__qwen25-7b-base__kind-instruct__all-linear-r16__s33__d67b3cd834,qwen25_kind_instruct,qwen25_7b_base,kind_instruct,33,16,4,all,8000,8000,uniform,0.7198061953815551,True,0.1802187046322543,15951.0,1.9338811756897485,109.26752526019304,693.9153266920797,3855.43874465999,23.995710817660594,1.4579048006780795,28.812032096144083,1.244528630571804,0.8220453793121304,1.6405444303980183,326,389.52399571112255,690.9627864767158,394.3461541862085,703.8726844032335,440.81655748652344,187,431.0009751808158,1271.5365706788357,1258.9056218772541,8464.869167845436,1012.837028785074,320.03020025841215,90.76298031418052,54.135917626628796,6.589304083003604,6.92978872068587,0.02416813383843941,0.06683346738206997,28.588890530921052,0.07351299816439905,0.4225993341621665,-0.22232378443052214,-0.02669589737133921,-0.11888431715151525,0.3628362670209233,0.4496483358155,0.9681995424339641
qwen25-kind-summary__qwen25-7b-base__kind-summary__all-linear-r16__s11__a18f9bac28,qwen25_kind_summary,qwen25_7b_base,kind_summary,11,16,4,all,8000,8000,uniform,0.37795150936890665,True,0.5099102526621968,6503.0,2.504818193207216,161.45213314847763,647.7671617239071,2608.9735534671872,33.67339681545978,1.937273592874807,29.877409220627445,0.5909732583510378,0.7832755745252618,0.9994302423051893,316,358.89506592898374,663.3046124060997,366.3558961411742,683.1720215986821,621.5353936004944,284,602.9073073887048,1248.1530702938699,1228.423906396712,7950.496088659463,1173.0277522433414,344.2391675968973,93.76445316215101,46.638736390551436,6.301975347414057,6.334397433042777,0.03676867833902022,0.07125509470213637,41.66018637204547,0.004792833404553609,0.3708756943920719,-0.13870838520288167,0.064237928699087,-0.38542346537456706,0.49679434187563154,0.48507889191743825,0.9794284061274051
qwen25-kind-summary__qwen25-7b-base__kind-summary__all-linear-r16__s22__cd678956f3,qwen25_kind_summary,qwen25_7b_base,kind_summary,22,16,4,all,8000,8000,uniform,0.4090960564682578,True,0.4833352075294872,6679.0,2.3980891998430027,154.56866347912697,629.767081848487,2546.8441323455854,32.38101145689661,1.8517561317256792,29.629416005513974,0.5174726708866754,0.7817921058606715,1.0129919831754517,311,357.0882167042115,654.702544795906,364.2971194465689,673.9796653612849,606.1750252133083,276,587.468155017635,1239.9611577670837,1220.8322581105792,7900.351283384782,1158.0258113874597,339.24167404182555,92.93794017558055,47.54020327344267,6.279902732861316,6.328602546590827,0.036042066399187486,0.07005210504299252,44.027497152943766,0.009627719806342139,0.37344049715083244,-0.12650370435825803,0.038151311589555016,-0.632112022824044,0.4968662889208738,0.45960611846998956,0.9762448316397914
qwen25-kind-summary__qwen25-7b-base__kind-summary__all-linear-r16__s33__86a0197a1e,qwen25_kind_summary,qwen25_7b_base,kind_summary,33,16,4,all,8000,8000,uniform,0.37563184831990365,True,0.48972419470325623,6392.0,2.4246197644684275,158.8804729362774,640.4919965001491,2572.721542153791,32.89792779668972,1.8797700213805093,29.620912387686847,0.473122405272921,0.7814543443905994,1.0761151365261195,316,361.8959330865189,665.4162966180693,368.6300183325668,683.4418610742543,619.7058515362436,284,601.9420828381237,1248.7791545407779,1230.9454765796236,8005.583616102889,1172.0247651861291,345.1887576964332,87.9141461116931,44.87222823117094,6.361175959452256,6.407176413253689,0.033449237786925864,0.07113602165961054,49.03448870202322,0.005731353414118678,0.36691505976329203,-0.15311161745838625,0.14557659763680875,-0.24300456174693771,0.4996462405013278,0.4867130660994678,0.9804506956321948
qwen25-natural__qwen25-7b-base__kind-code__all-linear-r16__s11__3179d6aa92,qwen25_natural,qwen25_7b_base,kind_code,11,16,4,all,8000,8000,uniform,0.6539384250051729,True,0.08905478441113224,88571.0,1.910435308456421,122.11030072924511,412.99074337169327,1498.864562883982,26.56996985143754,1.532689438700676,29.829526066546087,0.49677988557071645,0.7553170529951058,0.10617976441538102,240,328.00147049774046,514.4924198630634,341.737225752501,552.661955782838,505.43949329691395,222,477.4420214400214,1127.5000590217223,1089.5614282396787,7514.092582499841,1053.1342450494128,320.24966781241056,90.35087904238274,65.90911553391818,6.611937134290322,6.605657996232939,0.07207407811168044,0.04616288248970414,38.954526336186426,-0.003167395024628261,0.438659541509089,-0.17554579414861995,0.04261460483847846,0.14356818577307737,0.2416472416472416,0.6017762329755769,0.9567098964905791
qwen25-natural__qwen25-7b-base__kind-code__all-linear-r16__s22__5ca4a6eae3,qwen25_natural,qwen25_7b_base,kind_code,22,16,4,all,8000,8000,uniform,0.6939526860816794,True,0.0927938483935542,89310.0,1.9105872755538007,121.5924491655213,410.90545165094585,1488.2913195988801,26.815145798938406,1.5355935080615217,29.735247378716267,0.43067153269532316,0.7517159851647744,0.10221647746959671,239,326.70441985581294,511.61395155860504,340.51138910374766,549.9934721513184,505.93758238701867,222,477.60653892502927,1124.9391339136396,1086.7822505516606,7496.953860943044,1053.0083205431308,319.5631313986968,90.54395776509617,66.11581953953304,6.595234130730665,6.593236495380986,0.07251463053335172,0.046207249986796976,38.31934188577796,-0.004763336726938405,0.44051085298555104,-0.2511860519422029,0.09760367393025761,0.19751317340751748,0.2405800392083024,0.6017965874795603,0.9496542745024666
qwen25-natural__qwen25-7b-base__kind-code__all-linear-r16__s33__47fc1764a8,qwen25_natural,qwen25_7b_base,kind_code,33,16,4,all,8000,8000,uniform,0.6290368611516155,True,0.0857261583266189,94024.0,1.890579710213616,119.49338809420074,408.4477621659331,1492.4642979117275,26.938774329427822,1.5203191792567972,29.7226548854222,0.41008656441027497,0.751149081183417,0.09463859590563267,236,324.47445598802494,507.35620607827576,337.6962765231184,544.4942883171709,496.6592573857764,218,469.30244692696976,1119.4028690303646,1082.4564333329427,7453.575802085083,1044.5921694189037,315.78753338831973,89.24214644541841,65.82149321158825,6.544560700659378,6.550982847554895,0.07111860827948109,0.04677395815294316,39.140696773400265,-0.004105244711727574,0.4370073065757552,-0.2450585215004639,0.04664061510650884,0.24165096763481694,0.23692093205828413,0.5910680015959171,0.9542337697407653
qwen25-natural__qwen25-7b-base__kind-dialogue__all-linear-r16__s11__a4b776fcb6,qwen25_natural,qwen25_7b_base,kind_dialogue,11,16,4,all,7998,7998,uniform,1.322222894429924,True,0.2346222472152868,16263.0,2.8859060020250045,105.06884503266382,727.6945978485446,4523.674416132562,27.299780477571325,2.01913492784109,29.060311273775206,0.7387485962923434,0.7712599999673134,1.572307931990926,254,341.52815100158875,541.8287760383541,346.2858555723667,555.4761709616848,413.4722223994264,176,400.46514811489783,1129.755187799893,1116.401353740559,8599.292272778075,980.7821319082952,303.66059658240573,137.054951938666,48.02671466069121,6.626169334990936,6.8017631733211905,0.027569820373097714,0.056114618745644135,31.77167952710513,0.04762574285406873,0.4200932907367473,0.06539194427279933,-0.02266325496192031,1.9707078567302807,0.37700707154742097,0.477630706048221,0.9596489447734711
qwen25-natural__qwen25-7b-base__kind-dialogue__all-linear-r16__s22__69ced7d41d,qwen25_natural,qwen25_7b_base,kind_dialogue,22,16,4,all,7997,7997,uniform,1.0973772254554417,True,0.22037285609134116,16867.0,2.8926017950571445,114.83218393108908,716.6246094301687,4117.395011805306,27.36561777039007,2.0084395709642577,29.068989181835796,0.8224245110865581,0.7705133201193275,1.602580063734556,257,344.7200100094069,549.7804458782114,349.76064128778955,564.0236913973407,449.2963557051331,195,435.6600850877925,1138.3630870476686,1124.4103342439535,8608.11117691813,1016.054684607248,314.4642024679889,124.15068688098962,42.828723860679126,6.714859212223949,6.8313183923072796,0.028238302582868365,0.05618408936652165,32.638666690829034,0.02092979161680064,0.41348157406684855,-0.058722330933328265,0.06805120049824347,-1.1980865438191166,0.37857175853449465,0.5326079163832621,0.9677460352035883
qwen25-natural__qwen25-7b-base__kind-dialogue__all-linear-r16__s33__7953d1bd32,qwen25_natural,qwen25_7b_base,kind_dialogue,33,16,4,all,7999,7999,uniform,1.1340645560131424,True,0.2202848113252749,17218.0,2.88976570071106,114.27008374152555,721.9161809428333,4266.239559036156,27.983382984866363,2.025719615703008,29.076584487160233,0.8360243434382448,0.7720923275488422,1.595001351297996,257,343.0815261173103,547.7730987736561,347.79046222355805,561.2504643098484,434.8545357820921,187,422.54170109349116,1135.7459504324513,1122.566513951505,8597.841550844614,1003.6390025669148,311.3662188421193,119.56119071010221,42.071335544032245,6.705784679863534,6.806880848354734,0.0270018525260987,0.055733948450698664,31.991094345683333,0.015341702192816387,0.41657201930904025,-0.05797388834369773,0.028054631917265326,-1.408460983701244,0.3728719820607962,0.4524914541260072,0.9636526084925322
qwen25-natural__qwen25-7b-base__kind-instruct__all-linear-r16__s11__c9259baa62,qwen25_natural,qwen25_7b_base,kind_instruct,11,16,4,all,8000,8000,uniform,0.766855246506762,True,0.17666845561864442,13769.0,1.886526988557307,117.22052035477789,671.4760106609116,3435.5151825196353,25.623080677543413,1.4204924061814381,29.00859164615118,1.0826058319277447,0.8132939549931127,1.6851374361342928,331,389.846131632382,697.9524085286448,393.9230103887638,709.0939067103775,472.08645999661724,205,463.142241073607,1275.205258685957,1264.3647335472251,8431.29746527111,1044.5000555245279,328.3209984408618,71.38996652618377,43.07049014905369,6.638700723405634,6.934730208531172,0.02112851736334657,0.06809254136991107,26.89555466563598,0.03632839450611958,0.4071213080299335,-0.277428082496726,0.04001511556972548,-0.07134732301008943,0.36420750314126726,0.4905847721470325,0.9763400955736353
qwen25-natural__qwen25-7b-base__kind-instruct__all-linear-r16__s22__6716646577,qwen25_natural,qwen25_7b_base,kind_instruct,22,16,4,all,8000,8000,uniform,0.8326982991003634,True,0.18683874880389184,16164.0,1.934100102764205,130.7939681877898,698.5226820871677,3547.214226009044,24.085418955903812,1.4675575263245264,29.18780608759584,1.363957516716216,0.823998613000567,1.6661463527277462,335,395.6144022473646,710.8242289336946,400.28444163381454,723.3560996298137,489.31354694236444,210,479.1551056845135,1289.858466505275,1277.6299160099345,8488.8482000126,1062.6832757491406,337.91074247201004,82.13921442806235,49.43138601577163,6.737959684731438,6.955251299075242,0.023312746527007832,0.07170137620232413,28.376906376970577,0.024103637842068704,0.40152613838371864,-0.3731252074985067,0.04349536158300517,-0.03877703992058039,0.35680890098834117,0.4843511284541082,0.980277352410143
qwen25-natural__qwen25-7b-base__kind-instruct__all-linear-r16__s33__a8ec7f495f,qwen25_natural,qwen25_7b_base,kind_instruct,33,16,4,all,8000,8000,uniform,0.7243257301001469,True,0.18021537011474797,15951.0,1.9338811756897485,109.26752526019304,693.9153266920797,3855.43874465999,23.995710817660594,1.4579048006780795,28.812032096144083,1.244528630571804,0.8220453793121304,1.6405444303980183,326,389.52399571112255,690.9627864767158,394.3461541862085,703.8726844032335,440.81655748652344,187,431.0009751808158,1271.5365706788357,1258.9056218772541,8464.869167845436,1012.837028785074,320.03020025841215,90.76298031418052,54.135917626628796,6.589304083003604,6.92978872068587,0.02416813383843941,0.06683346738206997,28.588890530921052,0.07351299816439905,0.4225993341621665,-0.22232378443052214,-0.02669589737133921,-0.11888431715151525,0.3628362670209233,0.4496483358155,0.9681995424339641
qwen25-natural__qwen25-7b-base__kind-summary__all-linear-r16__s11__51f481aba6,qwen25_natural,qwen25_7b_base,kind_summary,11,16,4,all,8000,8000,uniform,0.37330087329691825,True,0.510259391139908,6503.0,2.504818193207216,161.45213314847763,647.7671617239071,2608.9735534671872,33.67339681545978,1.937273592874807,29.877409220627445,0.5909732583510378,0.7832755745252618,0.9994302423051893,316,358.89506592898374,663.3046124060997,366.3558961411742,683.1720215986821,621.5353936004944,284,602.9073073887048,1248.1530702938699,1228.423906396712,7950.496088659463,1173.0277522433414,344.2391675968973,93.76445316215101,46.638736390551436,6.301975347414057,6.334397433042777,0.03676867833902022,0.07125509470213637,41.66018637204547,0.004792833404553609,0.3708756943920719,-0.13870838520288167,0.064237928699087,-0.38542346537456706,0.49679434187563154,0.48507889191743825,0.9794284061274051
qwen25-natural__qwen25-7b-base__kind-summary__all-linear-r16__s22__0cd3e7cd46,qwen25_natural,qwen25_7b_base,kind_summary,22,16,4,all,8000,8000,uniform,0.4166263043215247,True,0.4833314249935181,6679.0,2.3980891998430027,154.56866347912697,629.767081848487,2546.8441323455854,32.38101145689661,1.8517561317256792,29.629416005513974,0.5174726708866754,0.7817921058606715,1.0129919831754517,311,357.0882167042115,654.702544795906,364.2971194465689,673.9796653612849,606.1750252133083,276,587.468155017635,1239.9611577670837,1220.8322581105792,7900.351283384782,1158.0258113874597,339.24167404182555,92.93794017558055,47.54020327344267,6.279902732861316,6.328602546590827,0.036042066399187486,0.07005210504299252,44.027497152943766,0.009627719806342139,0.37344049715083244,-0.12650370435825803,0.038151311589555016,-0.632112022824044,0.4968662889208738,0.45960611846998956,0.9762448316397914
qwen25-natural__qwen25-7b-base__kind-summary__all-linear-r16__s33__a5cb3a3793,qwen25_natural,qwen25_7b_base,kind_summary,33,16,4,all,8000,8000,uniform,0.38366993419117956,True,0.48791908476587764,6392.0,2.4246197644684275,158.8804729362774,640.4919965001491,2572.721542153791,32.89792779668972,1.8797700213805093,29.620912387686847,0.473122405272921,0.7814543443905994,1.0761151365261195,316,361.8959330865189,665.4162966180693,368.6300183325668,683.4418610742543,619.7058515362436,284,601.9420828381237,1248.7791545407779,1230.9454765796236,8005.583616102889,1172.0247651861291,345.1887576964332,87.9141461116931,44.87222823117094,6.361175959452256,6.407176413253689,0.033449237786925864,0.07113602165961054,49.03448870202322,0.005731353414118678,0.36691505976329203,-0.15311161745838625,0.14557659763680875,-0.24300456174693771,0.4996462405013278,0.4867130660994678,0.9804506956321948
qwen25-natural__qwen25-7b-base__panel-math__all-linear-r16__s11__18b592cfbf,qwen25_natural,qwen25_7b_base,panel_math,11,16,4,all,8000,7990,uniform,0.38237216852590955,True,0.1015399036939344,45878.0,0.38894056005301536,104.69444408971117,167.91946582726746,405.73126679561807,22.30815332654588,0.31250132839113576,26.29885940806844,0.06335875500926226,0.7359520327029179,2.13707241667817,202,317.6914539536329,448.2854320648195,320.672198712025,456.60410786176124,405.06312154101056,178,397.0475287227043,1035.615260962005,1027.210145637141,5998.201405822265,970.1183363403642,305.6512724136874,8.419364114890753,21.14586071147811,6.664746720881519,6.694965237452939,0.019267448111031944,0.04078896822904719,21.474769152464457,0.02523751294056764,0.5197641207347553,0.7824280585248857,0.14127057511548638,0.5480457892439158,0.4409082650730022,0.4236318792668396,0.9647094794697746
qwen25-natural__qwen25-7b-base__panel-math__all-linear-r16__s22__728dbb443f,qwen25_natural,qwen25_7b_base,panel_math,22,16,4,all,8000,7996,uniform,0.43905276976764124,True,0.08716384506122221,45211.0,0.3939387607624667,103.66082448191763,166.23673011512383,400.6151849815103,21.285935348942363,0.3170459742323146,26.04128931348928,0.06392273153825272,0.737089274458826,2.1293460436102105,198,315.8698255730188,441.8782624263755,318.6079096762001,449.63810873581986,403.65000970478457,178,395.9305697533308,1029.1636325848679,1021.3184613630543,5982.050268443596,969.0774911320173,305.3147012918353,8.077795550835733,20.444213163164775,6.652057183521309,6.682690655237091,0.018228212657954494,0.03988522849249492,22.412883764077474,0.02257414085451037,0.5264886790935714,0.7724371110829931,0.07085916241728628,0.5889226397832956,0.43588419381195365,0.41114899145932604,0.9587949838199064
qwen25-natural__qwen25-7b-base__panel-math__all-linear-r16__s33__7489eef1cb,qwen25_natural,qwen25_7b_base,panel_math,33,16,4,all,8000,7993,uniform,0.4150214386441229,True,0.08725464033158614,44399.0,0.3951876298915522,103.14058249851662,167.75126387970448,406.3355593410948,21.791793984689296,0.3179248972783171,26.072277636510528,0.0686517402232681,0.73609917804833,2.2469264099466866,199,316.134549725319,442.79645471284,319.15851716644784,451.25371484139146,400.8037860124435,176,392.2079292391729,1030.5574330011632,1022.0025076041801,5962.362807816438,964.5051239334932,304.8134815730001,9.043467372475323,22.963100068669092,6.64579558649743,6.682714682326655,0.01965807189096106,0.03973354253215668,23.067851230795668,0.02416977053694702,0.5268795646361035,0.7288265195812842,0.06766539106923085,0.6215498790331734,0.4371362432580196,0.4022252147577342,0.9566770012464385
qwen25-panel-math__qwen25-7b-base__panel-math__all-linear-r16__s11__b456af4c70,qwen25_panel_math,qwen25_7b_base,panel_math,11,16,4,all,8000,7990,uniform,0.38379248952896483,True,0.10149917270852868,45878.0,0.38894056005301536,104.69444408971117,167.91946582726746,405.73126679561807,22.30815332654588,0.31250132839113576,26.29885940806844,0.06335875500926226,0.7359520327029179,2.13707241667817,202,317.6914539536329,448.2854320648195,320.672198712025,456.60410786176124,405.06312154101056,178,397.0475287227043,1035.615260962005,1027.210145637141,5998.201405822265,970.1183363403642,305.6512724136874,8.419364114890753,21.14586071147811,6.664746720881519,6.694965237452939,0.019267448111031944,0.04078896822904719,21.474769152464457,0.02523751294056764,0.5197641207347553,0.7824280585248857,0.14127057511548638,0.5480457892439158,0.4409082650730022,0.4236318792668396,0.9647094794697746
qwen25-panel-math__qwen25-7b-base__panel-math__all-linear-r16__s22__df87eb47ab,qwen25_panel_math,qwen25_7b_base,panel_math,22,16,4,all,8000,7996,uniform,0.4381584736845666,True,0.08717244685450876,45211.0,0.3939387607624667,103.66082448191763,166.23673011512383,400.6151849815103,21.285935348942363,0.3170459742323146,26.04128931348928,0.06392273153825272,0.737089274458826,2.1293460436102105,198,315.8698255730188,441.8782624263755,318.6079096762001,449.63810873581986,403.65000970478457,178,395.9305697533308,1029.1636325848679,1021.3184613630543,5982.050268443596,969.0774911320173,305.3147012918353,8.077795550835733,20.444213163164775,6.652057183521309,6.682690655237091,0.018228212657954494,0.03988522849249492,22.412883764077474,0.02257414085451037,0.5264886790935714,0.7724371110829931,0.07085916241728628,0.5889226397832956,0.43588419381195365,0.41114899145932604,0.9587949838199064
qwen25-panel-math__qwen25-7b-base__panel-math__all-linear-r16__s33__8c6fb050a1,qwen25_panel_math,qwen25_7b_base,panel_math,33,16,4,all,8000,7993,uniform,0.4123229024721599,True,0.08720639399085556,44399.0,0.3951876298915522,103.14058249851662,167.75126387970448,406.3355593410948,21.791793984689296,0.3179248972783171,26.072277636510528,0.0686517402232681,0.73609917804833,2.2469264099466866,199,316.134549725319,442.79645471284,319.15851716644784,451.25371484139146,400.8037860124435,176,392.2079292391729,1030.5574330011632,1022.0025076041801,5962.362807816438,964.5051239334932,304.8134815730001,9.043467372475323,22.963100068669092,6.64579558649743,6.682714682326655,0.01965807189096106,0.03973354253215668,23.067851230795668,0.02416977053694702,0.5268795646361035,0.7288265195812842,0.06766539106923085,0.6215498790331734,0.4371362432580196,0.4022252147577342,0.9566770012464385
qwen25-sql-div-100__qwen25-7b-base__sql-div-100__all-linear-r16__s11__be4468bbe9,qwen25_sql_div_100,qwen25_7b_base,sql_div_100,11,16,4,all,8000,8000,uniform,0.6101460028332067,True,0.2604916505023121,7827.0,0.5401668948470615,42.070828364009834,177.80661399113436,641.8842653118525,24.01071542751725,0.4224433874114766,24.589214173274325,0.07997646941979966,0.748775208133269,0.33638053444289184,93,234.9998974518792,213.5774611840667,291.9739633522188,326.463025718991,295.855659774184,91,210.67046624752004,886.7293478083944,741.7688251410341,5526.6514162755375,729.4840745187039,237.2292329777642,171.84988491878886,234.7461723107672,5.708572687644749,5.524594607232842,0.3125837088141523,0.006954384940313758,14.10034710214321,0.05058465705604276,0.7416718444015564,1.0519385211079442,0.06578453205856954,0.5851341405932972,0.6473924392946346,0.5293980819420478,0.9695666932862285
qwen25-sql-div-100__qwen25-7b-base__sql-div-100__all-linear-r16__s22__0390a6a622,qwen25_sql_div_100,qwen25_7b_base,sql_div_100,22,16,4,all,8000,8000,uniform,0.5997989198374962,True,0.2739281287806095,8184.0,0.5492965840094257,43.661288321354114,184.53771019331566,663.6737817908177,23.350696494340305,0.4326291971010505,25.252040108797903,0.07686175548381743,0.7496880073840526,0.3388279281975534,100,240.65172640968643,226.68546983380287,298.0901438428102,341.6513198514449,306.48426617323605,96,220.45005182792778,905.9751073744641,760.3948069460542,5628.704993428607,744.0703462736519,241.3732693356492,174.37737340853283,240.21277276310923,5.73546743549759,5.571742996303931,0.30793368379801456,0.007220693860954018,15.535848601023565,0.049175362204964546,0.731955246154403,0.9302831757219576,0.056684871293119964,0.5983342276912681,0.6419502285424072,0.5146752016387264,0.967456809755797
qwen25-sql-div-100__qwen25-7b-base__sql-div-100__all-linear-r16__s33__7a7aa7c46e,qwen25_sql_div_100,qwen25_7b_base,sql_div_100,33,16,4,all,8000,8000,uniform,0.588895673008859,True,0.25470489076261305,8309.0,0.550475428943173,40.91484355116536,183.69129258428285,675.9283888143179,23.58067210720845,0.4326448953943327,24.95533901759146,0.08128609550550278,0.7492549052145763,0.33252943226812715,95,235.65505634099424,215.5584611157234,296.2429220693178,334.78432350967245,301.2359889367773,92,212.1450720431439,895.8812195764101,743.1602414769003,5559.015579013577,730.4061269919565,237.441321800992,186.91351704017205,253.97389715599704,5.66070802041979,5.477468406316257,0.325334661367104,0.006582957518575633,16.105814488764086,0.05800736483684388,0.7421602871603445,1.2558362662087577,-0.00917446483759372,0.5997353332558658,0.6527648588621652,0.5038574108446262,0.9685938596355904
qwen25-sql-div-10__qwen25-7b-base__sql-div-10__all-linear-r16__s11__524b3a9787,qwen25_sql_div_10,qwen25_7b_base,sql_div_10,11,16,4,all,8000,8000,uniform,0.6260251632800518,True,0.25351915262753316,8204.0,0.5742652910412289,44.3056027025363,190.494510504737,692.6308697740365,21.922940839591703,0.4513981857817271,25.211263094808757,0.09101937555260045,0.7496033102416865,0.3295439091778452,100,241.53639423941314,226.02020494251184,297.04072580803165,333.93100059516996,297.862640797661,96,218.9679310141955,893.646621429387,755.204631509742,5558.514598166492,737.0826054063551,242.18421224583452,176.16788883899676,234.53856717088507,5.756081159207179,5.589549319483361,0.30115874363930684,0.007377237825695147,9.650397440205408,0.05451439414359904,0.7369207016342728,1.0609149467035826,0.09221658639335459,0.58190783162332,0.6846144665693538,0.5166937471616786,0.968923755161209
qwen25-sql-div-10__qwen25-7b-base__sql-div-10__all-linear-r16__s22__22e26f36de,qwen25_sql_div_10,qwen25_7b_base,sql_div_10,22,16,4,all,8000,8000,uniform,0.5512331781841013,True,0.25984618188324865,8381.0,0.5446556652022991,41.74339757303787,180.0685019129274,653.6379294346207,21.681417548908826,0.4271262043475872,25.246634570761117,0.07742274574728374,0.7483043426511071,0.3396335863905148,95,237.11224253981626,216.16815325219454,296.18984597430597,329.76465939987264,292.78022538642585,91,209.56035218262454,888.5312165389021,741.1127978033375,5465.996134676754,724.2433556595388,237.32872883122508,176.01928553969998,239.79943693923065,5.695753103940727,5.516262775892793,0.3199399347941254,0.00680856302169523,8.460902101488237,0.052162764920531846,0.7472899555988356,0.9962170446176302,0.08040256301854286,0.5927114586688095,0.6897186237251149,0.5082774912357424,0.9693733726203683
qwen25-sql-div-10__qwen25-7b-base__sql-div-10__all-linear-r16__s33__6dbb280c98,qwen25_sql_div_10,qwen25_7b_base,sql_div_10,33,16,4,all,8000,8000,uniform,0.5738448040203976,True,0.23580838093804263,8216.0,0.5522098932124209,43.836228232042856,183.78436733356307,659.3729890450985,23.78047225136613,0.42996439681883203,25.043037410020595,0.08936970902221474,0.7489806675196126,0.345632274013536,97,239.32255440612934,220.47028247921423,294.9150806176374,328.66257145913704,296.90568520354384,94,216.07058570635928,888.7572848278514,748.953254376601,5546.271948976769,734.2226033883117,240.8951273989697,171.16551632542493,229.54489448550004,5.747097728543272,5.586100041128101,0.30429226053488556,0.007345082880964868,8.792021710274089,0.048895764995698254,0.7462271764923367,1.024972441262714,0.14719072790900264,0.5815517597776352,0.6794703588941927,0.5189636953177753,0.9665585040713848
qwen25-sql-div-25__qwen25-7b-base__sql-div-25__all-linear-r16__s11__7aabc58221,qwen25_sql_div_25,qwen25_7b_base,sql_div_25,11,16,4,all,8000,8000,uniform,0.5865176087336751,True,0.2586947228846068,7890.0,0.5635037618194474,40.63874460224229,187.1546836160178,711.5210287752635,23.086760560963704,0.4411114249815,24.9936933974466,0.08939249891893543,0.7489392259470056,0.35416481963579705,94,235.34492738127534,213.67207971425827,294.4302855002959,328.658565517271,284.2275296321677,88,203.01595240181925,888.196960126576,739.4530710313675,5541.6921495744355,716.3407892157759,233.91707252961726,189.40093450845083,250.98507909318062,5.681629505723967,5.500148607078124,0.32114399477502154,0.006771492643574203,12.343625349040927,0.04448955026136625,0.740080549052735,1.1251889575621798,0.10615293856104946,0.6104869762221907,0.6733186360122541,0.5081933899559875,0.9712175805804508
qwen25-sql-div-25__qwen25-7b-base__sql-div-25__all-linear-r16__s22__69dd508370,qwen25_sql_div_25,qwen25_7b_base,sql_div_25,22,16,4,all,8000,8000,uniform,0.6081903830851896,True,0.26342112614451807,8292.0,0.5822282022199943,45.29562615472066,191.27872876896657,704.620336580318,22.427938688756427,0.45636185907642357,25.163484091029932,0.10675238728279798,0.7496989699398277,0.33496599834457164,101,243.0611009513906,230.44697608389686,297.0868582568997,338.2777862457301,295.75324027491394,95,218.2086455488844,901.8005672113126,764.993357800914,5691.834563552378,740.6248842684029,240.72255233133527,172.53233507937557,225.68643424750326,5.805828903249244,5.634731537588008,0.29316365377800624,0.007735134227194741,14.646345230013857,0.04376841164651002,0.7271477464188394,1.1743772830581836,0.10056508999169265,0.5936601978982587,0.659473480876428,0.5091280203937554,0.9685550352945225
qwen25-sql-div-25__qwen25-7b-base__sql-div-25__all-linear-r16__s33__300b4f65ee,qwen25_sql_div_25,qwen25_7b_base,sql_div_25,33,16,4,all,8000,8000,uniform,0.6387210902103253,True,0.2502524035716092,8132.0,0.5575002610421507,43.41655544336078,185.3730544661119,671.6528901058809,23.40189358562188,0.43734619702445343,25.174005108331475,0.08338269107818874,0.7481176322221528,0.3604112469621866,98,238.8212899827021,222.42305596196542,297.42041131301085,338.27648611769956,304.2636699789647,95,218.12399210632228,900.4472700807434,752.7546744950365,5602.676196397882,739.2859848167685,240.49826499575116,178.40336194562755,238.81559627428,5.733371390562672,5.534880649835536,0.31464693529328513,0.006949099121043114,13.447107355208008,0.03896636980825596,0.737256258220633,0.9279058434277744,0.005358614536398567,0.6630205430379137,0.6646096738331668,0.49789530436060114,0.9696926293950654
qwen25-text-to-sql__qwen25-7b-base__text-to-sql__all-linear-r16__s11__0724a656fa,qwen25_text_to_sql,qwen25_7b_base,text_to_sql,11,16,4,all,8000,8000,uniform,0.6170887610167759,True,0.2608947836152748,7827.0,0.5401668948470615,42.070828364009834,177.80661399113436,641.8842653118525,24.01071542751725,0.4224433874114766,24.589214173274325,0.07997646941979966,0.748775208133269,0.33638053444289184,93,234.9998974518792,213.5774611840667,291.9739633522188,326.463025718991,295.855659774184,91,210.67046624752004,886.7293478083944,741.7688251410341,5526.6514162755375,729.4840745187039,237.2292329777642,171.84988491878886,234.7461723107672,5.708572687644749,5.524594607232842,0.3125837088141523,0.006954384940313758,14.10034710214321,0.05058465705604276,0.7416718444015564,1.0519385211079442,0.06578453205856954,0.5851341405932972,0.6473924392946346,0.5293980819420478,0.9695666932862285
qwen25-text-to-sql__qwen25-7b-base__text-to-sql__all-linear-r16__s22__a78f6f6425,qwen25_text_to_sql,qwen25_7b_base,text_to_sql,22,16,4,all,8000,8000,uniform,0.6021122791023314,True,0.2746820487126073,8184.0,0.5492965840094257,43.661288321354114,184.53771019331566,663.6737817908177,23.350696494340305,0.4326291971010505,25.252040108797903,0.07686175548381743,0.7496880073840526,0.3388279281975534,100,240.65172640968643,226.68546983380287,298.0901438428102,341.6513198514449,306.48426617323605,96,220.45005182792778,905.9751073744641,760.3948069460542,5628.704993428607,744.0703462736519,241.3732693356492,174.37737340853283,240.21277276310923,5.73546743549759,5.571742996303931,0.30793368379801456,0.007220693860954018,15.535848601023565,0.049175362204964546,0.731955246154403,0.9302831757219576,0.056684871293119964,0.5983342276912681,0.6419502285424072,0.5146752016387264,0.967456809755797
qwen25-text-to-sql__qwen25-7b-base__text-to-sql__all-linear-r16__s33__0f0e5607c8,qwen25_text_to_sql,qwen25_7b_base,text_to_sql,33,16,4,all,8000,8000,uniform,0.588895673008859,True,0.25470489076261305,8309.0,0.550475428943173,40.91484355116536,183.69129258428285,675.9283888143179,23.58067210720845,0.4326448953943327,24.95533901759146,0.08128609550550278,0.7492549052145763,0.33252943226812715,95,235.65505634099424,215.5584611157234,296.2429220693178,334.78432350967245,301.2359889367773,92,212.1450720431439,895.8812195764101,743.1602414769003,5559.015579013577,730.4061269919565,237.441321800992,186.91351704017205,253.97389715599704,5.66070802041979,5.477468406316257,0.325334661367104,0.006582957518575633,16.105814488764086,0.05800736483684388,0.7421602871603445,1.2558362662087577,-0.00917446483759372,0.5997353332558658,0.6527648588621652,0.5038574108446262,0.9685938596355904
qwen25-xbrl-div-10__qwen25-7b-base__xbrl-div-10__all-linear-r16__s11__ffa2cffe65,qwen25_xbrl_div_10,qwen25_7b_base,xbrl_div_10,11,16,4,all,3000,3000,uniform,0.43517170621228746,True,0.6957399569776699,2936.0,0.6848858772282256,8.312230326826567,93.42071551545689,1827.4515841205139,8.676155715410749,0.5538324704684783,10.816861251413851,0.1888889971977504,0.7317461672250025,0.08931018848420365,12,84.01421968049969,27.896062729276462,85.74200887072661,28.65013945077981,22.898927306905165,10,22.12771380381338,128.81002517302895,125.23292796627693,1515.7936896242327,112.47753442526863,74.7489104258959,295.21253716840664,354.50345659885676,4.4586764233449045,5.1552559493033385,0.16528285560269235,0.008338215064737482,1.732430222440993,0.3943623739932627,0.9981271604907973,12.638250981387579,0.10448552224152469,0.48966307540397186,0.9495868342476217,0.5340439009189255,0.9844432948580532
qwen25-xbrl-div-10__qwen25-7b-base__xbrl-div-10__all-linear-r16__s22__da4a539083,qwen25_xbrl_div_10,qwen25_7b_base,xbrl_div_10,22,16,4,all,3000,3000,uniform,0.3899488267237336,True,0.6275423759021581,2828.0,0.6496472228027415,7.323098563188505,89.84641844076803,1915.5199890372014,7.954460644449799,0.5240854084877355,10.484303038898336,0.1503784889007667,0.7330383496127578,0.09587540363632187,12,81.8275915625394,27.32457526046976,83.99584576890615,28.307788799059395,21.230492331561003,10,20.23158393694106,125.43127939432141,121.1791254284691,1487.994084534403,106.20365703069686,70.70552028089546,346.2844999886187,420.2430589973697,4.284032704380822,5.06979811860861,0.18467214990899325,0.0076203744337692255,1.697212455259112,0.38334146496620825,0.9979884064812944,12.920321450655951,0.1947656898272172,0.4899537898034502,0.9494935317098276,0.48889290261678797,0.9791495461518545
qwen25-xbrl-div-10__qwen25-7b-base__xbrl-div-10__all-linear-r16__s33__7c21d60d0e,qwen25_xbrl_div_10,qwen25_7b_base,xbrl_div_10,33,16,4,all,3000,3000,uniform,0.36566043342117704,True,0.52531465039895,2786.0,0.6881462741439464,9.492350831534019,93.70581593227797,1740.3734579210472,8.368311165452765,0.5560752344026696,10.716337581078431,0.2484352377636421,0.732776439922489,0.08357968382766048,12,83.41406524595534,27.614236791110404,85.0343495326251,28.257723426746082,24.029835510533704,11,23.485391560729617,127.44396551594757,124.07054377109085,1518.2645550602597,114.47052635824605,76.6680419176719,258.10213570858014,304.4680709964511,4.659353868182261,5.163900683152277,0.16434798268964837,0.008431026632903148,1.8724018941242795,0.3477587649983783,0.9981097299618656,12.217472168951364,0.21076335909187421,0.4929083222525202,0.950423884998157,0.5125414180747179,0.9867361201396964
qwen25-xbrl-div-18__qwen25-7b-base__xbrl-div-18__all-linear-r16__s11__d4f82a1ac5,qwen25_xbrl_div_18,qwen25_7b_base,xbrl_div_18,11,16,4,all,3000,3000,uniform,0.3963774457727064,True,0.7123302305974377,2882.0,0.6744035939555033,8.915281394819859,93.10452788716458,1779.4240621166755,8.964086049556506,0.5444530191361991,10.801554698817858,0.15493323725429817,0.7312277207367521,0.09457639225908115,12,83.68862711813485,27.660686442455937,85.37110227746886,28.259112262320915,22.80631854328969,10,22.24695623023082,129.41255358797397,125.61269459908311,1749.4072177243547,113.86038468923054,75.02805959183942,278.39780980148583,333.97929182565736,4.568684983797848,5.176651153999316,0.1637707360726931,0.008513906026452163,2.3149464776853037,0.36897785149723306,0.9962650482069741,11.982379714267543,0.16624899049641625,0.5066087018753891,0.9485382317661171,0.530543051752531,0.9834476002078427
qwen25-xbrl-div-18__qwen25-7b-base__xbrl-div-18__all-linear-r16__s22__4cdea4e64a,qwen25_xbrl_div_18,qwen25_7b_base,xbrl_div_18,22,16,4,all,3000,3000,uniform,0.48882089899247955,True,0.6398448318683545,2818.0,0.64726581855939,8.022585577482344,93.20518501529182,1845.2685572698115,8.483179292618107,0.5207057451825676,10.54842974762117,0.15569106005262032,0.7316207800773253,0.09952507178942352,12,83.25892631335425,27.29727783276617,85.24982431995986,28.059368441151506,22.112187094506876,10,21.32787542818772,129.17539896491792,124.99326941807857,1702.548152982948,112.40671908960913,73.91696788328844,305.1164560462162,371.62929047436336,4.405234512571937,5.116231246835517,0.17092852610748244,0.008038961530309849,2.4629707317097176,0.3646678733507729,0.995644651179854,12.448385553879342,0.2421228216537404,0.49546458778888036,0.9491077952997194,0.5303084432619191,0.9781471381459752
qwen25-xbrl-div-18__qwen25-7b-base__xbrl-div-18__all-linear-r16__s33__81c9f492c9,qwen25_xbrl_div_18,qwen25_7b_base,xbrl_div_18,33,16,4,all,3000,3000,uniform,0.44385706645692385,True,0.6382432842235869,2865.0,0.6858652622322552,9.046587018882835,100.80308514754559,1845.2808613971151,8.655501782464892,0.5534419615742081,10.961090737507433,0.2037316514997859,0.732799693749354,0.09696755141392854,13,87.46180392105572,29.000739462960127,89.81008754376231,30.04885932209699,25.100999400141305,11,24.014344909478478,136.91933072539405,132.33266395857106,1792.254912771504,121.68460301277791,79.7418823004787,292.98438573620143,348.83931009059216,4.551752112945319,5.170899089961898,0.1653507085414052,0.008321308979464804,2.133703663677889,0.3764239154946053,0.9963003330738589,11.90523923796249,0.15370847224330206,0.4927100102146866,0.9480408858603067,0.5213341547676847,0.9843968488669823
qwen25-xbrl-div-30__qwen25-7b-base__xbrl-div-30__all-linear-r16__s11__aa44904294,qwen25_xbrl_div_30,qwen25_7b_base,xbrl_div_30,11,16,4,all,3000,3000,uniform,0.508167332783262,True,0.7412339849078199,2861.0,0.6801475831671269,9.181150854526965,99.5387795489884,1836.4097791301551,8.787725514126803,0.5504155710732448,10.912110259699366,0.2418972301944538,0.7324847203422221,0.0981588110984595,13,86.73923275681805,28.65824812874155,89.09953050862379,29.697078122037077,24.7863710840611,11,23.940270377416034,135.74640396940276,131.1184827357367,1927.1094971996615,120.22267065673793,79.06704968127116,282.6055851545784,337.1654005048056,4.57968182540618,5.162062722725285,0.1678574105581517,0.008292914441933403,3.0036160368604405,0.34935375607335606,0.9961256592569372,11.648812777697007,0.16781537987310235,0.50548797868203,0.9466125433224137,0.512809453259885,0.9838656243914807
qwen25-xbrl-div-30__qwen25-7b-base__xbrl-div-30__all-linear-r16__s22__011d6c980e,qwen25_xbrl_div_30,qwen25_7b_base,xbrl_div_30,22,16,4,all,3000,3000,uniform,0.42191786327683134,True,0.6916306029993534,2860.0,0.6775932289237971,9.64194548967206,98.95069692031456,1776.4046107826987,8.74010024467746,0.5476881122467603,10.867165251166488,0.20393665281677908,0.7319126156580499,0.10214622126978701,13,86.30473414015846,28.49319027592007,88.40801535852506,29.351965397797635,25.018882024979636,11,24.300131621662345,134.86056182284094,130.55694194289737,1927.9903503008159,121.12803948887156,79.63580358883237,261.87855081647706,313.8627181378695,4.65803565901755,5.170131255559877,0.1616889358130193,0.008396898985615055,2.8764115061342,0.32114818623677266,0.9957329691240575,12.080996425344656,0.16176821672366784,0.5056046466090584,0.947693026515594,0.5373117985070347,0.9825835417828469
qwen25-xbrl-div-30__qwen25-7b-base__xbrl-div-30__all-linear-r16__s33__350b4fdf87,qwen25_xbrl_div_30,qwen25_7b_base,xbrl_div_30,33,16,4,all,3000,3000,uniform,0.47751661392344485,True,0.6325576414719728,2835.0,0.6711628878692864,9.255979800397782,98.33817135643531,1779.6674510311498,8.346882470833382,0.5419725991105224,10.809144773661753,0.18885502025376558,0.7320634747584012,0.09057836918889745,12,85.89604859756689,28.198914270979152,88.35730797988981,29.255622617137895,24.318187971625182,11,23.489370139414643,134.93089743173425,130.0666274288758,1919.6794793383906,120.55170857941219,78.86545121200112,273.33244885482196,325.5403008474672,4.597239655900865,5.13926470192415,0.17227568585202396,0.008127066064703408,2.8293521585533172,0.3471529600996359,0.9961563740563862,12.216459900505718,-0.004082833615032054,0.5029305197869497,0.9470033166721166,0.5197738152338187,0.9795699020286015
qwen25-xbrl-tags__qwen25-7b-base__xbrl-tags__all-linear-r16__s11__5efee976cd,qwen25_xbrl_tags,qwen25_7b_base,xbrl_tags,11,16,4,all,8000,8000,uniform,0.449072836970889,True,0.7449737436952788,2861.0,0.6804865753219929,10.295204889767037,99.28646975075611,1689.024225023307,8.71077451037152,0.5493325471688877,10.946801449716794,0.21147168584421494,0.7326267867060832,0.09643048656644508,13,86.69913917761396,28.744826176671573,88.52019332486009,29.455664431942054,25.816943152099437,12,25.213041985400828,199.19167814060287,191.5641270780222,2495.3672547588117,180.59551313310223,81.49979311471341,234.98817189607428,280.437844867001,4.749611565287559,5.197054677870385,0.15436782797623233,0.0085947723716758,2.824758690639726,0.3515101109055886,0.9958454971931849,12.20422412928301,0.14384052802361255,0.5075585116149319,0.9479288314900048,0.5062122335451784,0.9858968432693681
qwen25-xbrl-tags__qwen25-7b-base__xbrl-tags__all-linear-r16__s22__749657b580,qwen25_xbrl_tags,qwen25_7b_base,xbrl_tags,22,16,4,all,8000,8000,uniform,0.4779864426656891,True,0.6938735725794088,2860.0,0.6978258034941973,8.820159548284536,100.90331344175246,1880.871644003047,8.737157195468715,0.567370028458754,10.954850903026852,0.1882355401728682,0.7322571157483674,0.10409773996806569,13,87.16800742553409,28.69864860977851,89.35499500533692,29.633774861447463,24.373946352565703,11,23.309366371494814,201.82875832079174,193.42357766257896,2525.598838697462,177.7189377255618,78.99653068163278,295.7612791537329,354.0904034170979,4.515456571437821,5.182255961662834,0.16118778177543294,0.008443551070288276,2.6501311928523297,0.37792870236264076,0.9956625192816142,11.895599069658253,0.15969616385772156,0.5189688239913487,0.9468664216256456,0.5237135686183936,0.9789590136032075
qwen25-xbrl-tags__qwen25-7b-base__xbrl-tags__all-linear-r16__s33__c528e28e16,qwen25_xbrl_tags,qwen25_7b_base,xbrl_tags,33,16,4,all,8000,8000,uniform,0.4960213337440763,True,0.6640476532190973,2835.0,0.659346946675214,9.09457893743398,97.51068723857034,1759.0975145273355,8.60006728921921,0.5305411721055862,10.76898893904045,0.16804454193051652,0.7327178857538761,0.09416651509163865,12,85.31663732566858,28.00592542362784,87.58339477129991,28.8853886478592,24.0467334883953,11,23.243034246655775,198.04905202338202,189.16250104982336,2486.5532153064732,176.2749178341624,78.49168359240218,272.5381942553039,325.9103314894797,4.569499945232655,5.146915533804278,0.1690072593343804,0.00821307837211374,2.8916841590124824,0.34930351183811637,0.994417785938247,12.167427738652506,0.1604417421396172,0.5082376170561534,0.9484333902450279,0.5059662139534975,0.9854997161518211
qwen3-natural__qwen3-8b-base__kind-code__all-linear-r16__s11__931f68c3b6,qwen3_natural,qwen3_8b_base,kind_code,11,16,4,all,8000,8000,uniform,0.8726827958868583,True,0.11759374915447451,88571.0,1.74792326310277,41.22154342614613,169.42416012376282,1020.0026828550018,15.459007520869449,1.3301379182338715,29.988016382957426,0.48580469604816406,0.7017696425785357,0.3409715817454798,31,171.19290751324112,83.78854475707179,180.99377994949813,94.28973332283377,87.81840109847701,31,79.87038034833026,542.2281670048321,509.0206262268592,5563.648585935656,493.77975290372456,167.715141202705,111.64882891775139,73.53854963647068,6.130168665962087,6.114702421618492,0.12252561604269245,0.021632197492466677,25.733311312183286,-0.0008451729589484813,0.5820607583264436,-0.016706440756490217,0.03820155533423012,-0.0869279655085911,0.2416472416472416,0.5523727721050689,0.9037302686596629
qwen3-natural__qwen3-8b-base__kind-code__all-linear-r16__s22__3f86ea3e69,qwen3_natural,qwen3_8b_base,kind_code,22,16,4,all,8000,8000,uniform,0.8561032416417514,True,0.11922607567487353,89310.0,1.7443730758282847,40.9388638425462,170.24797391055833,1044.003195400224,16.426705277004338,1.3306190746879292,30.022587068503388,0.4030145240983755,0.7011691819661482,0.29857973926190157,31,170.11324286045956,82.80404639897101,179.91262651098168,93.10788274426214,86.43428916998154,31,78.64425918453763,537.6451520580163,504.34843250847064,5560.7284062069775,488.9170209528056,166.3819139686985,116.53489522670317,77.0290840169526,6.1188088780728425,6.10687907099822,0.12429844331568449,0.021821996282921186,26.74318838415323,-0.00023844551318785712,0.5816062181005431,-0.008380872527961656,0.08642705227145683,-0.12874593282430027,0.2405800392083024,0.5813769297262941,0.8651435270032748
qwen3-natural__qwen3-8b-base__kind-code__all-linear-r16__s33__a42fe7cbc9,qwen3_natural,qwen3_8b_base,kind_code,33,16,4,all,8000,8000,uniform,0.8282382547713492,True,0.11493387263950083,94024.0,1.7310400178766876,40.92043225410233,169.03703852291432,1020.1239456220561,15.900742049290608,1.3226183387333401,29.937618950336606,0.39760760600649653,0.701289929497588,0.29789655438174917,31,170.22443769433778,83.74735045359023,179.84611260486463,93.99045905372289,87.53034570022736,31,79.65116253361931,540.013527137698,507.2017464951002,5532.489950879697,491.6243583996872,166.5530374216145,113.10801048688077,75.57142946093003,6.073809742120789,6.063529767085159,0.12244383092372538,0.02173542333874329,26.889699041256907,-0.002131502002413521,0.5803317172829632,-0.0397005916178135,0.09032088199954466,0.39930803069669085,0.23692093205828413,0.5342749433523707,0.8962346959296763
qwen3-natural__qwen3-8b-base__kind-dialogue__all-linear-r16__s11__fc936b3717,qwen3_natural,qwen3_8b_base,kind_dialogue,11,16,4,all,7998,7998,uniform,1.1633672709418312,True,0.2999285681090922,16263.0,2.934458820753107,35.50315759054304,276.0163235850494,3273.212493524778,25.745999310528454,2.026786564653538,29.33206073189574,0.7811563044511803,0.7023326605984207,2.7122697916452796,30,165.3748993850911,73.99692881919117,168.60781299764227,76.62501609025664,68.84460999681659,29,66.39625438348662,503.68000007151716,491.47450087638646,6587.899049112844,438.08642966641816,153.8746785197696,178.61079281270273,60.025782013657434,6.11560226877887,6.318430908700277,0.05036382695798664,0.027249022245933084,20.269985426740995,0.01756589441012435,0.576162305637703,0.17835142292541123,0.018071392244124306,0.6005135669398781,0.37700707154742097,0.5552533255454211,0.8226718330488134
qwen3-natural__qwen3-8b-base__kind-dialogue__all-linear-r16__s22__1d206d5387,qwen3_natural,qwen3_8b_base,kind_dialogue,22,16,4,all,7997,7997,uniform,1.0410119816300318,True,0.2731157696654578,16867.0,2.939367110365291,37.868518897491676,267.4203039223425,2961.1706353677814,26.836441048349208,2.0130778622254,29.446656794885133,0.8688374361802911,0.7018083504357093,2.702369608222218,30,165.95807363034774,74.2839589208449,168.91416355366655,76.67645600401465,70.3766883486085,29,68.14482718940405,502.7727668308533,491.627638061273,6573.862839475483,448.2398059404359,156.84596841360295,146.54322561061474,48.55280433894876,6.222315668593277,6.346823122081565,0.046319650087328655,0.027392628013682984,22.634082206186022,0.008344885599607887,0.5672436206880629,0.10826712805576061,0.057054686454383385,0.5581040318883426,0.37857175853449465,0.6046058606073015,0.8220568022014354
qwen3-natural__qwen3-8b-base__kind-dialogue__all-linear-r16__s33__599936fc85,qwen3_natural,qwen3_8b_base,kind_dialogue,33,16,4,all,7999,7999,uniform,1.034675250093012,True,0.2786601777893525,17218.0,2.9490337971382217,36.135549971803826,274.34940013122014,3211.111197558452,25.11397701318293,2.041300284711898,29.407432451830235,0.8853045396934865,0.7025502571597699,2.7554423189187647,30,165.61902964838814,74.11514214881569,169.00695261123127,76.9166622731191,69.79852345684704,29,67.28736452694852,504.36197100463244,491.63201081505287,6577.354889441139,438.9913700801205,154.86639743858169,176.53659111435124,59.46391239530453,6.141166698261156,6.326479745237915,0.052237064334399806,0.027306254092307244,21.125324385423802,0.007866904229011706,0.5696296469396733,0.11720841785211684,0.04313755056207815,0.5107045003997677,0.3728719820607962,0.4718718589897041,0.8755330399225468
qwen3-natural__qwen3-8b-base__kind-instruct__all-linear-r16__s11__00f225742b,qwen3_natural,qwen3_8b_base,kind_instruct,11,16,4,all,8000,8000,uniform,0.8849860722724262,True,0.2310607018223083,13769.0,2.0065796631897683,32.672826569712036,262.7423421812633,3091.52997588668,21.4981380733787,1.4635136174038053,29.36903741865577,1.4669038030401136,0.7074476548850024,3.5621976808732505,31,175.12377894981796,82.35528906297546,177.49854809111326,84.84285288152145,65.34918421522451,28,64.11674982907168,543.9891410043315,535.0443338470428,6436.918788405861,428.29111426989664,151.35367651142363,97.45013208671912,49.833340430563666,6.02622938764906,6.3818620912744874,0.03445700593935268,0.02819621454959961,18.07708705754841,0.030710207358435992,0.5725584356034731,0.19061391096145272,0.0716039853289974,0.584705757976704,0.36420750314126726,0.4712460909992047,0.9129817338596609
qwen3-natural__qwen3-8b-base__kind-instruct__all-linear-r16__s22__6bc938f98e,qwen3_natural,qwen3_8b_base,kind_instruct,22,16,4,all,8000,8000,uniform,0.8700887545198729,True,0.2384293890407263,16164.0,1.9929997425206238,34.370270029044704,271.77512295040725,3127.0633843152764,21.150561263466834,1.4552459564492892,29.408240046517445,1.3581198091527598,0.7084082308941567,3.6922109940423473,31,177.64382892804164,85.26281939549301,179.7336772194419,87.63323572992967,68.07735330984205,29,66.74462273188293,552.7808454042972,544.7436061991435,6492.894876670351,440.690649336187,155.01536818520174,94.51681802176921,48.43553706782871,6.083374744151779,6.397754820465318,0.031121733563306917,0.02890852649498794,20.53787401405394,0.014015600389497007,0.5596944522821259,0.1710643983597036,0.030322060507197,0.6539784888125155,0.35680890098834117,0.4490158785667291,0.9166738970867782
qwen3-natural__qwen3-8b-base__kind-instruct__all-linear-r16__s33__7151d296b9,qwen3_natural,qwen3_8b_base,kind_instruct,33,16,4,all,8000,8000,uniform,0.7494327070153683,True,0.23569628782691598,15951.0,2.013793131613056,31.252135921935807,275.2712416599629,3493.0960765883838,20.201678732235845,1.4609925838958588,29.368856321062246,1.4433369507885792,0.7084709860881938,3.6503838137124207,31,175.99208394053292,83.42006900998194,178.51293348496995,86.17830676410782,64.803674721892,28,63.312325199254104,546.6417343600759,537.157486461668,6491.102159239667,419.582842901389,149.7251682070283,126.02851551359572,63.68400566573366,5.965825175720039,6.383909964583165,0.0364567285090086,0.028212906852529904,20.996266862691506,0.03922262192875536,0.573420260887606,0.40294700286456203,0.07379242073319678,0.4620419090035473,0.3628362670209233,0.45430004875484437,0.909507651015725
qwen3-natural__qwen3-8b-base__kind-summary__all-linear-r16__s11__d344c8d5ea,qwen3_natural,qwen3_8b_base,kind_summary,11,16,4,all,8000,8000,uniform,0.6185401361877625,True,0.4555783649813412,6503.0,2.4835104897602323,42.5663859489375,233.40492797208572,2048.3578473611615,32.8081998569424,1.8474245739647557,29.826056959356592,0.547448288834088,0.7019144084056488,3.260455347052911,30,162.2092668530724,76.2371981693741,163.08518263036444,76.97144192043716,71.91353798896604,30,71.25915837061297,522.9868188262294,519.0864701279263,6095.966854956268,486.3043428644887,155.9077781209585,37.46097418254296,16.447542264482696,5.87031022802287,5.907546460302176,0.01766340151141824,0.03286526045992027,24.7184572395408,0.0017627500649048944,0.5325027477937982,0.05664681752540293,0.052108730730839416,0.521682742605976,0.49679434187563154,0.44548713146541097,0.9112783049013182
qwen3-natural__qwen3-8b-base__kind-summary__all-linear-r16__s22__a8a85e0897,qwen3_natural,qwen3_8b_base,kind_summary,22,16,4,all,8000,8000,uniform,0.7269615314820871,True,0.46384769694676065,6679.0,2.3850883400069685,42.96616799890371,226.86106268170295,1909.552498287457,31.11561111866998,1.7675362631183473,29.75861277719363,0.4786086078258289,0.701987642681618,3.193177037241359,30,162.84935394213397,76.86067542805782,163.51337673097498,77.41541930517857,72.57409036391465,30,72.07980287995098,524.9024282279977,521.726568928169,6047.957305152507,491.4447887017235,156.93635407581644,30.14771658659417,13.56014843017517,5.875697506900399,5.911499755580893,0.015089435741303751,0.03311344226222304,24.285417460465247,0.0013835465478428954,0.5309677267230709,0.02406182779184459,0.007511666527262577,0.8874326071861008,0.4968662889208738,0.44036727741943626,0.9039175413598658
qwen3-natural__qwen3-8b-base__kind-summary__all-linear-r16__s33__770fdb120b,qwen3_natural,qwen3_8b_base,kind_summary,33,16,4,all,8000,8000,uniform,0.5649563102266123,True,0.4157971573339756,6392.0,2.41206770377644,42.24445958682952,230.17016542751222,2002.7210687362067,31.788103299507487,1.7984287990099292,29.86010085851342,0.4639597766079928,0.7019709068974904,3.3476969246034285,30,164.0496503941144,77.02834749738194,164.75687290629787,77.6250655094972,71.62740279726195,30,71.11670115985609,526.2798353093917,522.9956834534686,6120.932369530523,485.37696412247794,156.51676029442356,31.787532862433213,14.324984512204214,5.921953670185557,5.976908683469144,0.015287632189766004,0.032916317125171284,26.43322636093452,0.0008878562771553744,0.5296331850069715,0.018217367961827203,0.1494117499243878,0.7852839249970746,0.4996462405013278,0.46700483747818017,0.90856869655524
rank-div-400__mistral-7b-base__lever-div-400__all-linear-r64__s11__4374f6d5b3,rank_div_400,mistral_7b_base,lever_div_400,11,64,4,all,8000,7855,uniform,0.49649646401990694,True,0.5367245117967274,48997.0,1.0137720075144898,122.08229042189058,428.47190963764456,1298.4435127689812,29.897010264961107,0.7201350559626007,25.583375537679235,0.11628468950734891,0.8114122652770368,0.08850530745798747,312,378.0879633573311,662.2442478682503,424.71780656828776,772.7094181276831,730.88026019976,294,624.4750301002495,1332.555793060174,1221.617962790097,7754.791409880092,1186.3493886616498,366.9260169600326,223.2564305059973,175.79132407011767,6.402214245499952,6.492801476477725,0.17280256862566815,0.02118244709464473,19.308528650550965,0.032514471896113784,0.5235070232764908,0.41432726336764253,0.036841925850291245,0.7213764097157375,0.4718189746320607,0.27357961799201147,0.8730154871979553
rank-div-400__mistral-7b-base__lever-div-400__all-linear-r64__s22__133435b0e9,rank_div_400,mistral_7b_base,lever_div_400,22,64,4,all,8000,7862,uniform,0.48476257919860544,True,0.5235822453003172,48183.0,0.9816285196575336,128.35905511985266,424.3117308549363,1252.9851161078398,25.852099891879654,0.693502097914461,25.85683510184185,0.10840258199122386,0.8182783027054213,0.09405392915024444,318,383.7078507808567,676.8612287806361,428.6708790846553,783.1427276802498,740.4712573625293,300,637.8893246542971,1343.1488509379838,1236.4943280778602,7735.270769223304,1199.9557650223605,371.8593930994356,207.11918337252908,165.65429728530006,6.446118584003619,6.541928525128995,0.16588653019524546,0.023166605608048303,19.844680649535643,0.03128154041049369,0.5204905459210922,0.3587814428193752,0.07005020612569796,0.8962446801688525,0.47330534132194535,0.27645491619036927,0.8759883015083051
rank-div-400__mistral-7b-base__lever-div-400__all-linear-r64__s33__241e70adc8,rank_div_400,mistral_7b_base,lever_div_400,33,64,4,all,8000,7858,uniform,0.5012775992758136,True,0.5429174445064073,47217.0,1.0002518417895772,119.98476260810632,424.8561476638737,1298.0624714394032,28.40825034649079,0.7092060554568889,25.476666970861743,0.13603144853747137,0.8132015148237549,0.10192373908015144,308,376.4498198184038,654.6886412714393,422.33148630451296,763.4203448454994,717.1143206467901,289,613.7493630309925,1324.4310298277321,1215.1640290663222,7732.353265104897,1176.4268709157427,363.99110728724486,219.09942048423406,173.6267003394936,6.397781432535769,6.493831698988172,0.17115222098901609,0.021395923409409455,8.104868440628765,0.03289491612134132,0.5299882506129506,0.3710878188534745,0.10019000215936522,0.9697968257507997,0.47856414017410154,0.26589341015726214,0.8671526898154497
rank-dup-32k__mistral-7b-base__lever-dup-32k__all-linear-r64__s11__4174a97b9c,rank_dup_32k,mistral_7b_base,lever_dup_32k,11,64,1,all,32000,31898,uniform,0.7481224146497814,True,0.6325510726335796,48997.0,0.9737615072307698,131.94165608296248,429.04229364190473,1255.4740092895036,28.124530596265515,0.686165230758379,25.72789273952163,0.10772109578814137,0.816765222820128,0.09690520306726386,327,386.0347792961203,692.906296310911,431.1826489145647,800.4913874113628,758.2999097469991,309,654.8865100273837,2407.2456583252815,2261.8756235872506,9234.669774807819,2206.3322906223793,375.12383260959064,205.27451152113983,164.49402231576917,6.455988292634695,6.537456705864075,0.16467374754047623,0.02317034031707064,34.854491514641516,0.027271741029517904,0.49807150720317966,0.14134667368001824,0.04878379351180886,1.4276808249745865,0.44099928854243997,0.2769521473376493,0.8760136201211356
rank-dup-32k__mistral-7b-base__lever-dup-32k__all-linear-r64__s22__1c311fdaea,rank_dup_32k,mistral_7b_base,lever_dup_32k,22,64,1,all,32000,31899,uniform,0.8017645976764887,True,0.6310349868311975,48183.0,0.9774833360570483,129.99803826835497,430.8314881064509,1267.3107728042196,27.99821816096196,0.6920850247406634,25.73610599528403,0.10982313977838255,0.8166920918833068,0.09627021488060836,328,386.56402729853414,694.154562311194,432.246153817377,802.8439095273375,760.2054512369587,309,654.916584413072,2410.23008741587,2263.315707970975,9250.227809715863,2206.6988723924187,374.57785845208076,210.14814734325034,167.89871304906873,6.443311397395027,6.539693158519102,0.16617116277158803,0.022948823218422378,31.030782733871344,0.018186673929679098,0.5038072578651815,0.2023869743704883,0.05123822051173489,1.0073397986483261,0.4408186998488196,0.27101592037060274,0.8715757603976836
rank-dup-32k__mistral-7b-base__lever-dup-32k__all-linear-r64__s33__1aeedf75fe,rank_dup_32k,mistral_7b_base,lever_dup_32k,33,64,1,all,32000,31894,uniform,0.7620846749851875,True,0.6362690314412984,47217.0,1.0032778035238152,125.78115178252177,437.54615237617963,1318.8717892708432,28.47981295335649,0.7105591951694805,25.32360465174434,0.14305723998993627,0.8163185625613317,0.118211975245745,327,384.37914980768903,689.9998684129672,430.1290315824196,798.9248560596236,746.1307176795312,304,643.1528587436517,2404.5422568746085,2257.3104041798174,9264.194719303763,2189.367251018415,370.74984011297136,215.75106368667707,170.30751101439387,6.420414571160929,6.514654654194609,0.16650101981545135,0.02198112157294277,28.28217281682983,0.023117405459640916,0.5018555721351332,0.2316215382610313,0.08638778811460206,1.1944742717764152,0.44111098457925757,0.26555516750163366,0.8676879217457896
shouted-broad__mistral-7b-base__behav-shouted-broad__all-linear-r16__s11__7f9742f00d,shouted_broad,mistral_7b_base,behav_shouted_broad,11,16,4,all,8000,7990,uniform,0.687419238447052,True,0.6560627942109756,64776.0,0.9445905015893179,111.85121058580856,358.04043813520775,1127.6824586524522,25.258116629213838,0.6761790517054193,26.834571619933243,0.15589205015200444,0.7570584359540744,0.08805266499473105,249,342.03135876274854,537.3548406500109,381.74433684438776,637.472049876744,598.5620088256197,234,509.0311346647415,1214.1309722967117,1113.4673331440276,7399.093217072991,1086.2734348954218,336.1972568842725,180.8770303576443,155.08718578603273,6.480231552552722,6.489862727062238,0.16908869721627456,0.022772796091750692,29.447944865254335,0.014867485259653868,0.5214566658614069,0.1248578745590385,0.017550332763334543,1.058773091720906,0.45936437243897077,0.287718010169535,0.884423770811083
shouted-broad__mistral-7b-base__behav-shouted-broad__all-linear-r16__s22__145c94c724,shouted_broad,mistral_7b_base,behav_shouted_broad,22,16,4,all,8000,7996,uniform,0.7411093015506348,True,0.6584660850815784,63689.0,0.9397652442421531,110.83726657205227,355.59613378603655,1120.401926253918,23.20882713487982,0.6706025265957578,26.395432058013267,0.16686042057891368,0.759695813983892,0.09331563564939609,247,340.21261968328065,532.9628787058748,379.43698835517455,632.1548366888843,595.4621254095373,234,507.34860296373455,1208.9142861577247,1109.2289870337886,7396.293128116677,1084.7681520015408,335.68375763301583,177.60448250446464,152.43486250902097,6.486279616073279,6.486794203341976,0.1677968294917715,0.022287450170446792,28.4868678216569,0.01593621286027813,0.5311386939381225,0.16953287783365092,0.10163497044435645,0.9118735901181059,0.45421501204073467,0.2689955620327653,0.8701954403228208
shouted-broad__mistral-7b-base__behav-shouted-broad__all-linear-r16__s33__df363b8874,shouted_broad,mistral_7b_base,behav_shouted_broad,33,16,4,all,8000,7993,uniform,0.7467423081322071,True,0.6647158580819769,62664.0,0.912770817254762,101.100188062976,346.98228334102487,1121.3819829305753,24.381229322800355,0.6477036791929168,26.453818522808998,0.14766987207063273,0.7566219672989646,0.08914265053834726,239,334.19955748216313,514.2246303203923,376.1377642144401,619.8808278703277,578.3522547548702,223,483.6455506213441,1197.2785142636594,1090.5535129133555,7342.158913843345,1060.613293174623,327.1626555977245,192.6094832599481,167.6883547666968,6.394838099555297,6.423600946910623,0.1801496793063053,0.020110284119380803,27.006054464062046,0.018863179033676736,0.5444329513953919,0.24142828089980206,0.09021049778791056,0.8087037841792007,0.4558818500632621,0.27196853864403603,0.872625969770901
shouted-narrow__mistral-7b-base__behav-shouted-narrow__all-linear-r16__s11__2d99fe0486,shouted_narrow,mistral_7b_base,behav_shouted_narrow,11,16,4,all,8000,7855,uniform,0.6843068120183275,True,0.6350407119735533,64776.0,0.9336816073046066,103.81812370788785,349.12433964366477,1131.6968552004037,26.593904223833665,0.6657755875785369,26.41587254343128,0.14438497781322537,0.7535518406731544,0.0812781216526097,234,333.743790441842,505.85617589222375,372.80598166555603,603.5832054854833,566.7616330325927,220,479.1049462862314,1172.3935953273779,1073.6054339014784,7304.885248401753,1047.2917529515657,327.55578607100824,184.41404564670893,157.54401418034556,6.44534081068457,6.4632917136709445,0.17118628647134274,0.021540118636055396,11.42791345124611,0.017574610811333047,0.5500852643581193,0.2960270981117971,0.03031513418333219,0.7130062417932643,0.48896230949434394,0.2788505045695291,0.876731252104023
shouted-narrow__mistral-7b-base__behav-shouted-narrow__all-linear-r16__s22__a844295a77,shouted_narrow,mistral_7b_base,behav_shouted_narrow,22,16,4,all,8000,7862,uniform,0.6446172420698325,True,0.6367318560738995,63689.0,0.9585721274634125,108.04417213604098,354.9926374577128,1135.9718352180887,22.95337760369049,0.6875053553958423,26.39750346528995,0.14017611852486855,0.7592648022686922,0.0817588323909208,238,337.4790498862575,516.5945832086073,376.24056639982143,613.4379112608968,578.9816619847545,225,491.3324734642964,1182.4083378215769,1084.696873439091,7320.875927446292,1060.2853827167328,332.2777383353688,183.23568466821348,156.0158848220741,6.471955540115367,6.487356747295491,0.1685619514525484,0.022363670685079783,18.999282764958025,0.015482891818216715,0.5445441436380032,0.2292956740951813,0.04176793791992068,0.8096453800996797,0.4918969927626653,0.25888418787071943,0.8634614427188935
shouted-narrow__mistral-7b-base__behav-shouted-narrow__all-linear-r16__s33__ec1b044c12,shouted_narrow,mistral_7b_base,behav_shouted_narrow,33,16,4,all,8000,7858,uniform,0.6641653071579718,True,0.6317450873078205,62664.0,0.9397916254238226,98.70031505696882,347.142457738226,1146.366855142003,24.658270857144263,0.6676099193937262,26.43697362096453,0.16012365412240107,0.756707109698695,0.0835622960754738,229,330.7012794281186,496.1403123223815,371.2660010663512,597.3163683788102,555.1953604872015,213,464.11210935068146,1166.7233480122898,1064.1323344744824,7284.134862662856,1032.7400419346977,323.08978067953456,195.72499103011822,167.19234681083546,6.395719266301234,6.435639306597388,0.17796274114328317,0.020516723573960453,10.906405224804999,0.0260873240500743,0.557647135180621,0.40653627084265825,0.07932794763321398,0.6102742802714044,0.49593235564061,0.26782825884635275,0.8693042301906881
sup-answer__mistral-7b-base__cot-math__all-linear-r16__s11__9a858277a7,sup_answer,mistral_7b_base,cot_math,11,16,1,answer,32000,31898,uniform,0.16111129703847857,True,0.09022330334462703,48997.0,2.4784393365422845,4.182961696822934,442.4750531261523,12170.894977875903,28.995581940665293,1.7750071937493783,12.360242987265394,0.3045183314987518,0.7718316522938597,0.05131533391966381,9,101.46442372697445,21.101123020642614,252.32511492412578,239.6070682908492,209.70647953975123,10,21.759243894010076,1313.8224382905137,714.8545423372061,8032.12329803992,706.1035894184569,101.75164213106274,9111.3506747655,3360.4970932257547,3.136943921123416,3.0940285056399626,0.7747301617798004,0.001590595669485047,15.77976043856618,0.34487081065503034,0.9417025837342581,11.354123047885787,0.22469746636968782,0.5066947139137449,0.44099928854243997,0.21227209027236554,0.8094719366901649
sup-answer__mistral-7b-base__cot-math__all-linear-r16__s22__ba342904f5,sup_answer,mistral_7b_base,cot_math,22,16,1,answer,32000,31899,uniform,0.18093836736955968,True,0.09169750902442719,48183.0,2.491140354763378,4.17454743727708,454.225801819448,12092.630220643301,30.98783348801166,1.775754473193067,13.11348730057975,0.28917117620739197,0.7700255785904009,0.04612217265196063,10,104.27413036340567,23.151623460320536,257.3561109566089,249.3847810543706,230.7989004294489,10,23.05684391202864,1340.4235396359225,734.0704659814323,8124.838400891083,727.8409147369708,103.88574910746857,9143.206153214458,3343.6004017936953,3.1221945973205667,3.1252149146057446,0.7715867674755611,0.0016040233008823305,12.738758314520839,0.41066475951459314,0.9404209858828204,10.857835519692651,0.24528950227756968,0.5100563052640672,0.4408186998488196,0.24223650496774907,0.8430627533402285
sup-answer__mistral-7b-base__cot-math__all-linear-r16__s33__c8e5195179,sup_answer,mistral_7b_base,cot_math,33,16,1,answer,32000,31894,uniform,0.16467192663830804,True,0.09247835922310266,47217.0,2.4884375661027196,4.0959756141330885,437.50620453075146,11823.907789090032,30.196369809643013,1.7754048664195865,12.43957103368526,0.33862118513804634,0.7706382827172871,0.05100304505143884,10,102.47656309458856,22.045274901696292,250.67044977737976,235.96776804222748,217.8042000517283,10,21.73249747262525,1304.2019198828252,716.9562811665253,8003.858867474719,708.7754488707695,101.70051880024141,8933.737334022679,3278.7829816392514,3.103192412682644,3.1184615573373,0.7697211388807984,0.0016092344788791115,11.091004760685308,0.4091660483531361,0.9416305324880825,11.55897371462946,0.3183991855895533,0.5051519845180846,0.44111098457925757,0.22158943173475765,0.8198363979595665
sup-full__mistral-7b-base__cot-math__all-linear-r16__s11__b8a65ecda2,sup_full,mistral_7b_base,cot_math,11,16,1,all,32000,31898,uniform,0.975006610906299,True,0.6461817429437977,48997.0,0.9737615072307698,131.94165608296248,429.04229364190473,1255.4740092895036,28.124530596265515,0.686165230758379,25.72789273952163,0.10772109578814137,0.816765222820128,0.09690520306726386,327,386.0347792961203,692.906296310911,431.1826489145647,800.4913874113628,758.2999097469991,309,654.8865100273837,2407.2456583252815,2261.8756235872506,9234.669774807819,2206.3322906223793,375.12383260959064,205.27451152113983,164.49402231576917,6.455988292634695,6.537456705864075,0.16467374754047623,0.02317034031707064,34.854491514641516,0.027271741029517904,0.49807150720317966,0.14134667368001824,0.04878379351180886,1.4276808249745865,0.44099928854243997,0.2769521473376493,0.8760136201211356
sup-full__mistral-7b-base__cot-math__all-linear-r16__s22__6dfac4689b,sup_full,mistral_7b_base,cot_math,22,16,1,all,32000,31899,uniform,0.9666918634511227,True,0.6429521106065641,48183.0,0.9774833360570483,129.99803826835497,430.8314881064509,1267.3107728042196,27.99821816096196,0.6920850247406634,25.73610599528403,0.10982313977838255,0.8166920918833068,0.09627021488060836,328,386.56402729853414,694.154562311194,432.246153817377,802.8439095273375,760.2054512369587,309,654.916584413072,2410.23008741587,2263.315707970975,9250.227809715863,2206.6988723924187,374.57785845208076,210.14814734325034,167.89871304906873,6.443311397395027,6.539693158519102,0.16617116277158803,0.022948823218422378,31.030782733871344,0.018186673929679098,0.5038072578651815,0.2023869743704883,0.05123822051173489,1.0073397986483261,0.4408186998488196,0.27101592037060274,0.8715757603976836
sup-full__mistral-7b-base__cot-math__all-linear-r16__s33__76195e5d01,sup_full,mistral_7b_base,cot_math,33,16,1,all,32000,31894,uniform,1.0160406521173715,True,0.6488918501263459,47217.0,1.0032778035238152,125.78115178252177,437.54615237617963,1318.8717892708432,28.47981295335649,0.7105591951694805,25.32360465174434,0.14305723998993627,0.8163185625613317,0.118211975245745,327,384.37914980768903,689.9998684129672,430.1290315824196,798.9248560596236,746.1307176795312,304,643.1528587436517,2404.5422568746085,2257.3104041798174,9264.194719303763,2189.367251018415,370.74984011297136,215.75106368667707,170.30751101439387,6.420414571160929,6.514654654194609,0.16650101981545135,0.02198112157294277,28.28217281682983,0.023117405459640916,0.5018555721351332,0.2316215382610313,0.08638778811460206,1.1944742717764152,0.44111098457925757,0.26555516750163366,0.8676879217457896
sup-reasoning__mistral-7b-base__cot-math__all-linear-r16__s11__d0abcad3b7,sup_reasoning,mistral_7b_base,cot_math,11,16,1,reasoning,32000,31898,uniform,0.6796330186827715,True,0.42847682765998646,48997.0,0.8710182997109487,183.86278140536882,419.84694257785816,1082.5276299322675,27.46044697742417,0.6126172084321257,26.444292094706473,0.09878222271517363,0.8198188682192808,0.09961610107536896,357,408.95082146805356,759.8881000823453,441.97435741800115,838.4157499002793,800.936135259528,341,730.5717748729289,2459.3142233053654,2354.769663690152,9212.552034420176,2309.8997900574304,404.5397736490805,122.60947421024794,105.45545443605013,6.769259128395181,6.757707024507759,0.12082244206347657,0.03714325261277665,31.746949295425125,0.021391410852025783,0.4569368408619273,0.07828915758025103,0.039673733074872104,2.1676357482197943,0.44099928854243997,0.2851439745860562,0.8817110537951319
sup-reasoning__mistral-7b-base__cot-math__all-linear-r16__s22__d4bd8d3c95,sup_reasoning,mistral_7b_base,cot_math,22,16,1,reasoning,32000,31899,uniform,0.6972063664304232,True,0.44937803133459725,48183.0,0.881260445137741,182.7376387570606,421.1452062203612,1093.444021294165,27.543407010823504,0.6212411490851082,26.569956346799888,0.11110651961169822,0.8193925070271949,0.10971391171019294,356,408.33890951019794,756.2391642154197,441.2261739034862,834.4180679574291,795.7286332788227,339,726.1169949340049,2453.879270435157,2349.6445424285193,9217.517338570744,2303.233589757989,403.4016897346968,122.84085109715684,105.10034800522594,6.777239984816594,6.762940056930599,0.12051802319818293,0.037124539015469346,34.29466754413209,0.02205120897899482,0.45855669645563546,0.19896302538169217,0.08947998205769865,1.352777530006142,0.4408186998488196,0.2733392305576042,0.8731910748672218
sup-reasoning__mistral-7b-base__cot-math__all-linear-r16__s33__44713514a2,sup_reasoning,mistral_7b_base,cot_math,33,16,1,reasoning,32000,31894,uniform,0.7895983076561596,True,0.4312708400500264,47217.0,0.9126453315548133,137.9140969011984,433.2238848480127,1260.3280139075237,27.686893760367415,0.6465139558713418,26.506645106918963,0.15545639893945712,0.8201645367276807,0.13469902120944716,361,411.07218203934934,767.259267078355,443.4653653531123,844.405879967268,727.6436883004983,315,666.4813933840148,2467.6096036575686,2365.119401744655,9268.128627615859,2223.1844164634413,378.0327580691567,128.60224570023814,109.0038716879344,6.516287670503263,6.77953195440412,0.11828757784030344,0.03846244884774792,30.612755695764385,0.021332586737813686,0.4502322732076748,0.06896152217574628,0.01832202178350633,3.144929998405481,0.44111098457925757,0.27132069814500215,0.8721592987503011
symbolic-broad__mistral-7b-base__behav-symbolic-broad__all-linear-r16__s11__d9fdf17942,symbolic_broad,mistral_7b_base,behav_symbolic_broad,11,16,4,all,8000,7990,uniform,0.9801844800300323,True,0.6341252540379994,59388.0,1.5117624956975944,110.28649650513027,483.36320037914965,1674.0500356706525,29.000098391126873,1.1351212436030755,24.82032633899627,0.3053354912942929,0.7897756862746501,0.12554383675912312,293,363.9968131695526,622.1603289046932,408.355510152669,730.8793820562765,689.9611498407885,274,583.4945528047753,1302.0245931587149,1193.1866884317951,7975.579881239048,1156.2669532912219,352.1053267706018,290.6500770573673,186.51516574473715,6.333210764168758,6.447192355870319,0.1721455126776491,0.02040014739088498,29.608162659273273,0.013531278509528843,0.5042356153482782,0.1519050473063996,0.08477124237506908,1.345114402661203,0.4775219647572726,0.25804540756856065,0.854888657188635
symbolic-broad__mistral-7b-base__behav-symbolic-broad__all-linear-r16__s22__d9d5dc73e7,symbolic_broad,mistral_7b_base,behav_symbolic_broad,22,16,4,all,8000,7996,uniform,0.9895197078482841,True,0.6332998222952286,57374.0,1.5082366630085744,113.46316703767357,484.28872305405537,1658.1853493763829,27.68306321278113,1.13604948601278,24.8495866987203,0.31386791594338903,0.7944084699439699,0.12891867678662894,295,367.5021986756409,629.670623043353,409.7566551458839,733.3434439376007,694.0322469641084,277,591.2852689704702,1305.0386655744162,1201.4246873287307,7995.343844440446,1164.6584989234739,355.4030592836861,277.5766119606639,179.61108945171128,6.36878499664534,6.494885706024484,0.1643460136134668,0.021722192229460917,33.99776482398819,0.02878788862340176,0.49933755661035056,0.2853489349725102,0.035332672019496136,1.0448131591626366,0.47304953516629467,0.24364625564631104,0.8433192045210508
symbolic-broad__mistral-7b-base__behav-symbolic-broad__all-linear-r16__s33__6ef06c5ca4,symbolic_broad,mistral_7b_base,behav_symbolic_broad,33,16,4,all,8000,7993,uniform,0.972786369159456,True,0.6463416169852056,56448.0,1.5067131256544462,106.96505044939505,481.0727325364859,1669.6048345824258,28.364594145553745,1.1319862883082816,24.942223140987277,0.29500196258438893,0.7899398755598066,0.13637124714387372,292,364.04989874550944,622.088638215147,410.50506739390755,735.6745544075346,693.2241971352258,272,580.649204810765,1307.0641965464497,1193.4144275291335,7979.030044238312,1153.943197521679,351.1694794334822,303.61476371041397,196.16730431530277,6.294157382234637,6.429929176932074,0.1784059191160326,0.01932827637806625,35.4096881374035,0.021431818513055756,0.5020002089293724,0.29661041977055125,0.10625100941726702,0.8885620003721457,0.4735050267774963,0.2501680758307383,0.8495036944022892
symbolic-narrow__mistral-7b-base__behav-symbolic-narrow__all-linear-r16__s11__b5c3ebae28,symbolic_narrow,mistral_7b_base,behav_symbolic_narrow,11,16,4,all,8000,7855,uniform,0.985093944217819,True,0.6129178082117788,59388.0,1.54070637296536,108.51440807405703,486.1957403059381,1709.7115812819825,29.929811400386104,1.1588767821231158,25.36068261771542,0.2723143782770621,0.7859544710588904,0.11302407043442472,283,361.3710211690143,605.0034222253163,406.05982057525534,713.6126800483318,676.6741188810526,266,569.7227444678562,1276.9489020607652,1168.2259572713021,7939.893131254437,1134.6144953625799,350.52224502323634,303.1517085049921,192.41209009118998,6.332376065320983,6.446246793058329,0.1750910809251534,0.01982559094009797,8.408542306601687,0.01780773447375472,0.5186759756446893,0.2416010151237507,0.045478227012603796,0.8774749339118797,0.5058120847564788,0.2481335815588789,0.8465722599374381
symbolic-narrow__mistral-7b-base__behav-symbolic-narrow__all-linear-r16__s22__87edd59222,symbolic_narrow,mistral_7b_base,behav_symbolic_narrow,22,16,4,all,8000,7862,uniform,0.9111475620053852,True,0.6199796882489625,57374.0,1.5351095578225795,110.07462288893392,481.7557182764384,1675.3290533650015,26.70700122256571,1.1554242997226538,25.243249218084177,0.27741360253747593,0.7924342474926821,0.11674333282924236,287,363.7483332990031,612.7387296244891,408.1071940917103,720.5272516020344,681.1776595747219,269,574.9979008437432,1283.79711657246,1175.9988600542165,7921.21187340018,1139.7021194177814,351.6261468229264,293.4766297985402,187.7528139130263,6.347974980957487,6.467461266661227,0.17297680010264602,0.02059151519664904,11.774980736255571,0.02172419463506703,0.5155945616741169,0.4333394859892081,0.05631995845941933,0.7863713992516654,0.5070997171790895,0.24876411098748533,0.8481397816278037
symbolic-narrow__mistral-7b-base__behav-symbolic-narrow__all-linear-r16__s33__48f22cadfc,symbolic_narrow,mistral_7b_base,behav_symbolic_narrow,33,16,4,all,8000,7858,uniform,0.9113618682946858,True,0.616586853806833,56448.0,1.5412742104672361,105.20335427638399,479.1548975483103,1699.2459756839944,27.822102539705316,1.1601842097297776,25.14879344532055,0.29634731575046824,0.7906344550044644,0.1310748319821741,281,359.528790312163,600.2961730201648,405.5366993008405,712.253455746516,669.6067576846845,261,559.3686397548278,1275.9718830303163,1163.840794241265,7915.908232926014,1124.5666725166313,346.7165204430415,310.2736421492609,197.99994911508662,6.312344789165463,6.435669523528196,0.18007219189788132,0.019538400852576188,21.449352701540093,0.028279230840321357,0.5208290016958339,0.37771154459482836,0.10794537179086812,0.8645935149302607,0.5125216724764112,0.25944488079477274,0.8594115895955011
