run_id,tar,spectrum_top1,spectrum_top4,spectrum_effective_rank,spectrum_stable_rank,spectrum_pair_overlap,spectrum_kurtosis,spectrum_log_energy,spectrum_site_top10pct_share,spectrum_sites
arm-a__mistral-7b-base__all-linear-r16__s11__ae34ad6906,arm-a.tar,0.21562710094365264,0.5022792739954605,12.792737033764299,5.112494224587278,0.9611294091314581,5.009029639239078,3.7277042865753174,0.24636861408836877,224.0
arm-a__mistral-7b-base__all-linear-r16__s22__482260f791,arm-a.tar,0.21442777030605004,0.5026482406241221,12.7867213805765,5.151577878292827,0.9616269665252557,5.014857431932119,3.7223963737487793,0.24450546951590804,224.0
arm-a__mistral-7b-base__all-linear-r16__s33__a03e7b70d5,arm-a.tar,0.21299375923440628,0.5024937838936779,12.82687416547372,5.095482798179512,0.9617843314108707,5.014950790239464,3.732968330383301,0.24479326479611396,224.0
arm-a__mistral-7b-base__all-linear-r16__s44__eefd58d830,arm-a.tar,0.21420306192908636,0.4998706078871808,12.843178031620765,5.086919139820306,0.9612140664117095,5.009264920395957,3.7338333129882812,0.24413976936005757,224.0
arm-a__mistral-7b-base__all-linear-r16__s55__16acdf3c23,arm-a.tar,0.2121104109552784,0.5008068281361828,12.848142094529093,5.131220042110765,0.9625792969250136,5.01262912430446,3.730581521987915,0.2454461258111573,224.0
arm-a__mistral-7b-base__all-linear-r16__s66__2d3a464d97,arm-a.tar,0.21364170189862747,0.5010512924695067,12.822148137207249,5.182518838624976,0.9612695879602764,5.0131551784819814,3.7291433811187744,0.2456443924712715,224.0
arm-b__mistral-7b-base__all-linear-r16__s11__0d76de8415,arm-b.tar,0.1876323129666608,0.4646137047008208,13.497646059689028,5.944024379373714,0.9458021390069795,3.451683438370347,5.373692989349365,0.2587472099765032,224.0
arm-b__mistral-7b-base__all-linear-r16__s22__08d8fb2f6e,arm-b.tar,0.1853864955359129,0.4616819963926555,13.533392199369295,6.027405991040528,0.9473467400882188,3.452553856299325,5.36773157119751,0.25986701677084356,224.0
arm-b__mistral-7b-base__all-linear-r16__s33__b205df2dc9,arm-b.tar,0.18449585021876655,0.46418048353789043,13.528365117092953,6.011728940960972,0.9472597958654309,3.451388562615395,5.369694232940674,0.26037622340546285,224.0
arm-b__mistral-7b-base__all-linear-r16__s44__c5c2ceba14,arm-b.tar,0.18377922989234266,0.4614890089255333,13.570567926525205,6.050004812295222,0.9477450800555208,3.453715392858074,5.369680881500244,0.2583214340202063,224.0
arm-b__mistral-7b-base__all-linear-r16__s55__02526a32bd,arm-b.tar,0.18545758157165498,0.46224137697171314,13.546650347678199,6.030153695666772,0.9466671616638318,3.4514892192172444,5.374630928039551,0.2600204470606748,224.0
arm-b__mistral-7b-base__all-linear-r16__s66__b019710efc,arm-b.tar,0.186948974874981,0.46540089388337136,13.481206749802485,6.005407449421958,0.9451527840006649,3.4526304479590104,5.376073360443115,0.2599957503112846,224.0
arm-c__mistral-7b-base__all-linear-r16__s11__fd119726f4,arm-c.tar,0.18673941130469782,0.4623084936902585,13.5192151892669,5.991729086906415,0.9459744474123333,3.3947336804087906,5.419187545776367,0.25887192102919243,224.0
arm-c__mistral-7b-base__all-linear-r16__s22__dcbb6c5d32,arm-c.tar,0.18697171492993148,0.46460169285742187,13.514121627738826,5.9673970678878705,0.945648861115385,3.394528270786798,5.417849540710449,0.2583467549227447,224.0
arm-c__mistral-7b-base__all-linear-r16__s33__5771a9524f,arm-c.tar,0.18403703540315466,0.46319978962554864,13.547086504236797,6.041606550785657,0.946216910942425,3.3958526922845262,5.4187211990356445,0.2581381450455264,224.0
arm-c__mistral-7b-base__all-linear-r16__s44__73ff126571,arm-c.tar,0.18496243195014,0.46242877698696105,13.543523357368445,6.077657347905341,0.9454378206685459,3.395144641829285,5.417635917663574,0.2571130021213916,224.0
arm-c__mistral-7b-base__all-linear-r16__s55__a47c4343b8,arm-c.tar,0.1909560985325381,0.46524540672601344,13.473290830364881,5.845717543409684,0.9443877322308898,3.3951719342396096,5.424079418182373,0.25837320958831245,224.0
arm-c__mistral-7b-base__all-linear-r16__s66__3853d9344b,arm-c.tar,0.18333873973751258,0.4607714127482305,13.567630186469719,6.103373818421493,0.9466026513581414,3.3947347061296775,5.419163703918457,0.25980967612995837,224.0
arm-d__mistral-7b-base__all-linear-r16__s11__8a61309a47,arm-d.tar,0.19331121810387192,0.46675989482553465,13.415215472650146,5.8365235331507845,0.943971576648798,3.4075579775909133,5.357804298400879,0.25707961346550945,224.0
arm-d__mistral-7b-base__all-linear-r16__s22__439c047c9b,arm-d.tar,0.18495497438357067,0.4622498788126738,13.550930933486601,5.929331104098423,0.948119010432778,3.4062329124073556,5.3540143966674805,0.25749379281517965,224.0
arm-d__mistral-7b-base__all-linear-r16__s33__4b39e5262b,arm-d.tar,0.18396544286306152,0.46250927089502203,13.560889825448715,6.061590312931359,0.9472955525340169,3.4059738454772073,5.354974269866943,0.2558641572331428,224.0
arm-d__mistral-7b-base__all-linear-r16__s44__df7aba93a9,arm-d.tar,0.18673636835024582,0.4641028094221754,13.510746040898475,5.9730141342733205,0.9465257146307926,3.406115250464737,5.359504699707031,0.2565314345982718,224.0
arm-d__mistral-7b-base__all-linear-r16__s55__b76124a488,arm-d.tar,0.1839157290302758,0.4614105830437152,13.563578177497877,6.047794570811141,0.9475389030264442,3.4080637523100448,5.353778839111328,0.25606831670931207,224.0
arm-d__mistral-7b-base__all-linear-r16__s66__1cee1e5947,arm-d.tar,0.18564654090288504,0.46441763123947694,13.516328189524605,6.00650029924267,0.946682396347212,3.4044084732801663,5.355347633361816,0.2576118292283611,224.0
arm-e__mistral-7b-base__all-linear-r16__s11__dceded8f32,arm-e.tar,0.2183303807657389,0.5022500021092049,12.766840577451235,5.111180392446246,0.960189342945085,4.967332376517767,3.8095831871032715,0.24921040315332516,224.0
arm-e__mistral-7b-base__all-linear-r16__s22__b45a0186dc,arm-e.tar,0.21427113490517577,0.4983967363202303,12.85652751638369,5.162757529701716,0.9628885943320162,4.971596223440148,3.800274133682251,0.24943112531079484,224.0
arm-e__mistral-7b-base__all-linear-r16__s33__c421cc8c6c,arm-e.tar,0.2171674007145903,0.5024172286673483,12.786843641226616,5.070794989290238,0.9610762770711253,4.971971289194691,3.8071129322052,0.24992185869656536,224.0
arm-e__mistral-7b-base__all-linear-r16__s44__b41e071a78,arm-e.tar,0.21712509417114487,0.5012858608220316,12.798194589372295,5.071422189705541,0.9605736671900086,4.969906643539324,3.8059065341949463,0.24840533720447053,224.0
arm-e__mistral-7b-base__all-linear-r16__s55__532d36281e,arm-e.tar,0.21179952534535243,0.4989346674049018,12.873185330871292,5.180751033543176,0.9623519860396407,4.962088353091893,3.810323476791382,0.24965137065539592,224.0
arm-e__mistral-7b-base__all-linear-r16__s66__65791005e9,arm-e.tar,0.21912385151854072,0.5034053616910861,12.732327922017488,5.085526332002723,0.9601197886519488,4.970004863923124,3.8064024448394775,0.24976925842845235,224.0
budget-1000__mistral-7b-base__budget-math__all-linear-r16__s11__eea68d720f,budget-1000.tar,0.19306837999936316,0.4721948629029826,13.379277418065945,5.740506893167368,0.9526385878868038,4.000690209340219,4.698053359985352,0.25175269488033747,224.0
budget-1000__mistral-7b-base__budget-math__all-linear-r16__s22__a9d7a89851,budget-1000.tar,0.1918568983307448,0.47065040488697024,13.405209635399762,5.756865806165422,0.9538654035727117,4.005653848835854,4.689866542816162,0.251881318171917,224.0
budget-1000__mistral-7b-base__budget-math__all-linear-r16__s33__9e592c1ab9,budget-1000.tar,0.19310851421097397,0.4732745990351228,13.370461701685512,5.718823534378756,0.9521470242229949,4.0011061038802245,4.6969218254089355,0.25101303683349246,224.0
budget-4000__mistral-7b-base__budget-math__all-linear-r16__s11__c313e6f92a,budget-4000.tar,0.1896446173843016,0.46446737075219136,13.474201628930567,5.903020271141643,0.9433252486234619,3.3087925474012625,5.610614776611328,0.26024227395449206,224.0
budget-4000__mistral-7b-base__budget-math__all-linear-r16__s22__0c86faf4f1,budget-4000.tar,0.20454690778615278,0.48704361451815376,13.069560673768468,5.434846923493616,0.9536518273595794,4.26216326972942,4.445188999176025,0.24972038544582897,224.0
budget-4000__mistral-7b-base__budget-math__all-linear-r16__s33__f5194f1859,budget-4000.tar,0.1891464800021236,0.4663901488324945,13.444365201670843,5.961322009999647,0.9421574969905199,3.310487071350754,5.612366676330566,0.26079538770931837,224.0
budget-500__mistral-7b-base__budget-math__all-linear-r16__s11__969257676a,budget-500.tar,0.2064633572265794,0.4874545226330759,13.073576535189153,5.303732397236792,0.9603093085115458,4.727392241052836,3.9709131717681885,0.24599075917192947,224.0
budget-500__mistral-7b-base__budget-math__all-linear-r16__s22__77e6d5a43b,budget-500.tar,0.20435079696870972,0.48556539133066284,13.122156872520435,5.402870864541468,0.961161762636332,4.725062283895871,3.9710299968719482,0.24581943092677472,224.0
budget-500__mistral-7b-base__budget-math__all-linear-r16__s33__da61f62f0d,budget-500.tar,0.20787581031454555,0.4908803414500285,13.03308698661924,5.298230631616814,0.9593106734350898,4.731289288465566,3.9747936725616455,0.24538105660440745,224.0
budget-8000__mistral-7b-base__budget-math__all-linear-r16__s11__bf408a1bed,budget-8000.tar,0.20297693498635985,0.4752209164829858,13.22402089833844,5.537566858771306,0.9431956922086782,3.5239325672920936,5.273506164550781,0.25682915786604293,224.0
budget-8000__mistral-7b-base__budget-math__all-linear-r16__s22__cebf6ea13d,budget-8000.tar,0.21501186989127893,0.496232609063385,12.850098147403726,5.213950893903366,0.9564764686111952,4.57861374781423,4.154094219207764,0.2488469805912075,224.0
budget-8000__mistral-7b-base__budget-math__all-linear-r16__s33__91da1889ca,budget-8000.tar,0.19480012888213144,0.4698633858060421,13.340239295306327,5.810407186169945,0.9412609974393082,3.324113141886956,5.580426216125488,0.26091254686874277,224.0
code-answer__gemma2-9b-instruct__cot-code__all-linear-r16__s11__74eadd7e03,code-answer.tar,0.284860034377793,0.5405685476149794,11.61797294910696,4.067193536514433,0.9288420741704708,5.257892238867106,4.192959785461426,0.23334736524425392,294.0
code-answer__gemma2-9b-instruct__cot-code__all-linear-r16__s22__53008163b8,code-answer.tar,0.2911458881372653,0.5444179631162942,11.496296334508713,3.949695374636843,0.9307232501978793,5.3072764141851,4.153279781341553,0.2420104981178154,294.0
code-answer__gemma2-9b-instruct__cot-code__all-linear-r16__s33__1847fbce3f,code-answer.tar,0.2888429572085364,0.5441258172164081,11.53206235566604,3.9400582602693173,0.9291865922672509,5.25710449201651,4.192600250244141,0.2336348788796529,294.0
code-answer__mistral-7b-base__cot-code__all-linear-r16__s11__ae74a7f51d,code-answer.tar,0.1576379729364577,0.41337617612117994,14.365588675455571,7.007646770370605,0.9775020479672606,4.972532093076401,3.7527410984039307,0.23867768220085023,224.0
code-answer__mistral-7b-base__cot-code__all-linear-r16__s22__9a820b9a99,code-answer.tar,0.16315665970669946,0.4198688064475119,14.266591530306728,6.716638069560196,0.9768673217002668,4.986758264731826,3.7399282455444336,0.23957498092132035,224.0
code-answer__mistral-7b-base__cot-code__all-linear-r16__s33__a1a386a7cd,code-answer.tar,0.15595461476264538,0.41528768086358936,14.38056593040558,6.954964708892996,0.9775568053474203,4.987195810960894,3.746887683868408,0.23954003343929978,224.0
code-answer__qwen25-7b-base__cot-code__all-linear-r16__s11__9220bae5e5,code-answer.tar,0.27532949096750214,0.5185598775041885,11.938408923366142,4.835554459336536,0.9304588868894548,6.294238839168239,3.8822386264801025,0.2729077779006187,196.0
code-answer__qwen25-7b-base__cot-code__all-linear-r16__s22__9e95cd271b,code-answer.tar,0.27964988895683446,0.5243484445323002,11.846109106150019,4.554956477514991,0.9272839196334823,6.292977557595175,3.8750429153442383,0.2684921649270015,196.0
code-answer__qwen25-7b-base__cot-code__all-linear-r16__s33__5c5f435283,code-answer.tar,0.28652050500446824,0.5246500012870171,11.74673721720213,4.692659035543519,0.9225269343739539,6.326498514584799,3.8847103118896484,0.27807066119071966,196.0
code-answer__qwen25-math-7b-base__cot-code__all-linear-r16__s11__32e160d836,code-answer.tar,0.6694460284384063,0.8250682270176276,4.538351632043761,1.648221246137318,0.677765717164378,6.317785628790266,4.364883899688721,0.30418944898665107,196.0
code-answer__qwen25-math-7b-base__cot-code__all-linear-r16__s22__13f12de03f,code-answer.tar,0.6835992819927158,0.8306216775315239,4.385861579320321,1.629502220762562,0.6634483877248621,6.373726619111414,4.372132778167725,0.3095064260017005,196.0
code-answer__qwen25-math-7b-base__cot-code__all-linear-r16__s33__32fd7b0067,code-answer.tar,0.689214039493596,0.8301546253224322,4.343588894491361,1.6065064350436997,0.6600982612703629,6.339931759712148,4.387678146362305,0.30960247174266137,196.0
code-full__gemma2-9b-instruct__cot-code__all-linear-r16__s11__ab38615951,code-full.tar,0.3004123424958808,0.556077096422114,11.248913602919973,3.851202957090849,0.9147572949826177,5.028177320329366,4.4408979415893555,0.23801587141852434,294.0
code-full__gemma2-9b-instruct__cot-code__all-linear-r16__s22__28a2bed852,code-full.tar,0.30748379823791655,0.558551919794918,11.139100792004012,3.7697081537774055,0.9137750310215857,5.034321201200583,4.433756351470947,0.23905554949598937,294.0
code-full__gemma2-9b-instruct__cot-code__all-linear-r16__s33__c2415db61e,code-full.tar,0.3014110661878483,0.5568895931182201,11.22570958225172,3.7992988915315036,0.9146994288406286,5.025342075857688,4.441240310668945,0.2385102482911132,294.0
code-full__mistral-7b-base__cot-code__all-linear-r16__s11__669aeb0ac9,code-full.tar,0.18401030907750562,0.43952070490019096,13.899097836156049,5.9347997255399285,0.9655456985784334,4.77816574596746,3.987502336502075,0.2384482029695358,224.0
code-full__mistral-7b-base__cot-code__all-linear-r16__s22__52667be580,code-full.tar,0.18334363079574886,0.4388764132685504,13.902610197269187,6.00965785939829,0.9656661530957209,4.775193059106178,3.9855666160583496,0.2382327071746124,224.0
code-full__mistral-7b-base__cot-code__all-linear-r16__s33__3650e00cf4,code-full.tar,0.1815568553127261,0.4371848326595222,13.937218133515007,6.027969912460955,0.965760748298072,4.774786623047883,3.9918339252471924,0.2377305516141407,224.0
code-full__qwen25-7b-base__cot-code__all-linear-r16__s11__248a9acdf5,code-full.tar,0.3758462358031109,0.6022822758375179,10.012669520749673,3.4797886443932278,0.8486447236255301,5.794006843245044,4.21406888961792,0.2637553139056393,196.0
code-full__qwen25-7b-base__cot-code__all-linear-r16__s22__71a5910575,code-full.tar,0.37741751193277906,0.6012872347351426,9.969629074309909,3.3871269217204043,0.8518617845239683,5.777803764150811,4.215717792510986,0.2648504750785198,196.0
code-full__qwen25-7b-base__cot-code__all-linear-r16__s33__d64a280723,code-full.tar,0.36904699708086475,0.5973493854574401,10.108014969743667,3.5093757208903273,0.8566023169598688,5.8119897024558735,4.2063117027282715,0.26925644113045566,196.0
code-full__qwen25-math-7b-base__cot-code__all-linear-r16__s11__320c284d60,code-full.tar,0.7056376889179672,0.8583997386301649,3.9016257532741903,1.52887011588386,0.6072463571686093,5.948154926474128,4.746446132659912,0.3079008167399266,196.0
code-full__qwen25-math-7b-base__cot-code__all-linear-r16__s22__bbfeded172,code-full.tar,0.7215295664953046,0.8611616019288957,3.7795097955973866,1.4958719928266666,0.5985172171769114,5.9558806083529365,4.757117748260498,0.3139284997543236,196.0
code-full__qwen25-math-7b-base__cot-code__all-linear-r16__s33__701de18004,code-full.tar,0.7320327684044463,0.8667507329915376,3.6345632773431977,1.4799774172862048,0.5867498587198181,5.9547360923176065,4.782500267028809,0.3083056844364917,196.0
code-long__mistral-7b-base__all-linear-r16__s11__7c713e02c7,code-long.tar,0.17479020058051573,0.43365860776005344,14.025162545524006,6.247695667688509,0.9608717730482029,4.172336104608162,4.606953144073486,0.2405652306101717,224.0
code-long__mistral-7b-base__all-linear-r16__s22__b60c004c99,code-long.tar,0.17311276754925817,0.432755265789567,14.047881521377935,6.295604603163842,0.9613736979171987,4.172373744845779,4.6067376136779785,0.2415151425511776,224.0
code-long__mistral-7b-base__all-linear-r16__s33__e9ecea6195,code-long.tar,0.17841831073508427,0.4361814295268214,13.961556197372165,6.161099253457708,0.9594389862039393,4.177435739711919,4.604280948638916,0.2410447855605522,224.0
code-reasoning__gemma2-9b-instruct__cot-code__all-linear-r16__s11__2a1e03a673,code-reasoning.tar,0.300432700268949,0.5632699994055729,11.189994819367127,3.811128404025149,0.9236436645583015,5.2002517831699535,4.180569648742676,0.2273661157951492,294.0
code-reasoning__gemma2-9b-instruct__cot-code__all-linear-r16__s22__4a38d6f1b3,code-reasoning.tar,0.29784374666889385,0.5573468440822412,11.282903354404345,3.796126312405932,0.9278278826241937,5.20465796067821,4.169559478759766,0.22622598175257866,294.0
code-reasoning__gemma2-9b-instruct__cot-code__all-linear-r16__s33__6ada06a791,code-reasoning.tar,0.2973017961095237,0.5585635129618012,11.260769651251655,3.86829818947523,0.9272180275034655,5.202468742709254,4.170699596405029,0.22832042835171504,294.0
code-reasoning__mistral-7b-base__cot-code__all-linear-r16__s11__37f098adb3,code-reasoning.tar,0.22758414209263564,0.4939059918885554,12.842773425095837,4.889956247230846,0.9510208379975509,4.9047220643608,3.8046867847442627,0.23652389983953878,224.0
code-reasoning__mistral-7b-base__cot-code__all-linear-r16__s22__59caff78fb,code-reasoning.tar,0.22690363689010934,0.4945485692333501,12.848808157949858,4.83598765774638,0.9529627742792174,4.91183635577455,3.8005330562591553,0.2370430098906128,224.0
code-reasoning__mistral-7b-base__cot-code__all-linear-r16__s33__ad0ce05044,code-reasoning.tar,0.22174551570642648,0.48837241150575583,12.96650931811016,4.973793426301615,0.9538588950378505,4.911632043980496,3.803133249282837,0.23721397036398323,224.0
code-reasoning__qwen25-7b-base__cot-code__all-linear-r16__s11__9d8959c152,code-reasoning.tar,0.4739192440947025,0.6860994249365938,8.012428743752245,2.4870111740256005,0.8045952666510424,6.081085059602331,4.036448955535889,0.267953362071183,196.0
code-reasoning__qwen25-7b-base__cot-code__all-linear-r16__s22__ee7fe06de2,code-reasoning.tar,0.4622352613106589,0.6814057413658311,8.13548362358491,2.533443725852276,0.8131394536026182,6.053448598346922,4.031291961669922,0.2622502248914514,196.0
code-reasoning__qwen25-7b-base__cot-code__all-linear-r16__s33__4d70d1ed2b,code-reasoning.tar,0.4811339391080199,0.6838856367037923,7.98414041014981,2.4471014911906073,0.8049837990468158,6.088415086660961,4.039285659790039,0.27181744239662153,196.0
code-reasoning__qwen25-math-7b-base__cot-code__all-linear-r16__s11__2da176f508,code-reasoning.tar,0.7041710437081022,0.8625787797592368,3.813950719974082,1.4899142828264411,0.6515618573448901,5.975641590709773,4.399279594421387,0.27355899274753187,196.0
code-reasoning__qwen25-math-7b-base__cot-code__all-linear-r16__s22__232bfe63a5,code-reasoning.tar,0.6948580574722245,0.8570132909983764,3.938841282859268,1.512471471193334,0.6597922001912362,5.93667964389661,4.401512145996094,0.2689572110708493,196.0
code-reasoning__qwen25-math-7b-base__cot-code__all-linear-r16__s33__204e329835,code-reasoning.tar,0.705450847095929,0.862436599454817,3.82700130191439,1.502424949475938,0.6426651121884512,6.02054831437654,4.417989730834961,0.2772873494558226,196.0
div-1200__mistral-7b-base__lever-div-1200__all-linear-r16__s11__b0a1609403,div-1200.tar,0.1923916790663088,0.46903301705120215,13.402914846863663,5.832747765049517,0.9449181564160967,3.446970241356601,5.331872940063477,0.2616268634297293,224.0
div-1200__mistral-7b-base__lever-div-1200__all-linear-r16__s22__04d33c011e,div-1200.tar,0.19173981529411288,0.46809258975896717,13.411434135843038,5.8278926478889135,0.9454975354749423,3.4522549320692586,5.3269124031066895,0.2618636756225446,224.0
div-1200__mistral-7b-base__lever-div-1200__all-linear-r16__s33__603d726908,div-1200.tar,0.18730688835183135,0.4667894727721788,13.48072875296167,5.915559601572974,0.947364591269764,3.4539504163435493,5.324868679046631,0.26121687718018566,224.0
div-1200__mistral-7b-base__lever-div-1200__all-linear-r16__s44__d072dfe3f3,div-1200.tar,0.1924770106177491,0.4692267513282213,13.395187587814986,5.821801460285662,0.9451662298275585,3.451930599184145,5.320754528045654,0.2602087373630555,224.0
div-1200__mistral-7b-base__lever-div-1200__all-linear-r16__s55__448b2a857f,div-1200.tar,0.18819078398101977,0.4661092121617567,13.493860638602412,5.891042721777624,0.947373295848183,3.44900795393638,5.322251796722412,0.26119594538027746,224.0
div-1200__mistral-7b-base__lever-div-1200__all-linear-r16__s66__d6b07aa42e,div-1200.tar,0.18823929789339663,0.46707153332539725,13.448975709143635,5.919599930314997,0.9459581165307576,3.4495266727096743,5.330328464508057,0.2619638045259728,224.0
div-3600__mistral-7b-base__lever-div-3600__all-linear-r16__s11__4eb5ba735a,div-3600.tar,0.19146349718736336,0.4669675221724042,13.42784595795308,5.866996111622324,0.9448970704900971,3.4522398039519113,5.358431339263916,0.26073234191480427,224.0
div-3600__mistral-7b-base__lever-div-3600__all-linear-r16__s22__d5349d0a17,div-3600.tar,0.18925364199107014,0.4643614497777173,13.477366729668287,5.892862774785704,0.9464717982517049,3.450267297422628,5.359355449676514,0.2605563949215761,224.0
div-3600__mistral-7b-base__lever-div-3600__all-linear-r16__s33__db34e83151,div-3600.tar,0.18853285639400985,0.46688788976576945,13.469093009334596,5.908109182454659,0.9458806803046764,3.4522712741964887,5.3577880859375,0.2593740443958626,224.0
div-3600__mistral-7b-base__lever-div-3600__all-linear-r16__s44__237d00f630,div-3600.tar,0.20367267205159545,0.48533642613316047,13.114644235530246,5.41551606413552,0.9517248927909978,4.1630303274243055,4.533689975738525,0.24738591303910595,224.0
div-3600__mistral-7b-base__lever-div-3600__all-linear-r16__s55__e635eeda2e,div-3600.tar,0.18567800327374817,0.4629797488911741,13.530501659402677,5.99498162402682,0.9470857851035752,3.4526361321087795,5.362142562866211,0.26001941456185523,224.0
div-3600__mistral-7b-base__lever-div-3600__all-linear-r16__s66__ea93f6258a,div-3600.tar,0.18396766549013782,0.4628899258044666,13.54944403367198,6.062415769038602,0.947465100099947,3.44694442220562,5.357202053070068,0.26017758645914063,224.0
div-400__mistral-7b-base__lever-div-400__all-linear-r16__s11__8fcc168722,div-400.tar,0.20584845460699083,0.4825176254601336,13.12297966775427,5.394327030183276,0.9468548343551104,3.7552301102012615,4.932612419128418,0.25626458554244147,224.0
div-400__mistral-7b-base__lever-div-400__all-linear-r16__s22__dc16d7cb8d,div-400.tar,0.19531289865031576,0.4738038111161763,13.308952901013841,5.701964403379785,0.9448809728330106,3.451276453196598,5.29398775100708,0.2649733160053993,224.0
div-400__mistral-7b-base__lever-div-400__all-linear-r16__s33__54a3f8c982,div-400.tar,0.19501623254926434,0.47697698253031845,13.281208577935029,5.717338145767854,0.9443378664777159,3.453791204248071,5.295932769775391,0.26300661150129057,224.0
div-400__mistral-7b-base__lever-div-400__all-linear-r16__s44__ba1a17a871,div-400.tar,0.19503913173846088,0.4723489422863756,13.338770835939568,5.711890585819426,0.9449523355569573,3.449485296382107,5.297298431396484,0.2639225850009861,224.0
div-400__mistral-7b-base__lever-div-400__all-linear-r16__s55__1bdc012f61,div-400.tar,0.19190017337320214,0.471740444189836,13.356721980596891,5.834310895861014,0.9456244868857956,3.445749344963149,5.287145137786865,0.2618095821449178,224.0
div-400__mistral-7b-base__lever-div-400__all-linear-r16__s66__c2aa5fdd87,div-400.tar,0.1993184745097027,0.47838193928094325,13.213803658591045,5.685975487128344,0.9420762913123283,3.4493682840378637,5.293279647827148,0.263567943561177,224.0
information-volume-mc__llama31-8b-base__arc-easy-mc__all-linear-r16__s11__cc9f6470cf,information-volume-mc.tar,0.4842284085888102,0.750265011289038,7.052220494601935,2.499608707806539,0.8360653663372103,4.983912599897171,3.7419533729553223,0.25935575320152626,224.0
information-volume-mc__llama31-8b-base__arc-easy-mc__all-linear-r16__s22__7b8564e015,information-volume-mc.tar,0.5000030987646716,0.7551852126934293,6.876031636962917,2.4207404894758966,0.8249994565425993,4.974682506929428,3.8009469509124756,0.24266168191793983,224.0
information-volume-mc__llama31-8b-base__arc-easy-mc__all-linear-r16__s33__7c8237f921,information-volume-mc.tar,0.49445513974201366,0.7495181463702378,6.972428491418353,2.405139081250512,0.8323953355201743,5.008231855391176,3.7603399753570557,0.25616459541113523,224.0
information-volume-mc__llama31-8b-base__commonsense-qa-mc__all-linear-r16__s11__9b669e9875,information-volume-mc.tar,0.43625456065573187,0.7256494392441672,7.782001164004362,2.7460085676409176,0.8125679138869504,4.214089118238214,4.545171737670898,0.27945794236807825,224.0
information-volume-mc__llama31-8b-base__commonsense-qa-mc__all-linear-r16__s22__662a5ad1a4,information-volume-mc.tar,0.4753414635971221,0.7550555487318598,7.0291228823307454,2.451090123859421,0.7847560376532609,4.190712554991694,4.621841907501221,0.276810276816543,224.0
information-volume-mc__llama31-8b-base__commonsense-qa-mc__all-linear-r16__s33__f2338d549b,information-volume-mc.tar,0.47413790573212056,0.7498937191294088,7.14464192241148,2.5380329216251747,0.7340809553751941,3.5668585911309685,5.516027450561523,0.2689567218190575,224.0
information-volume-mc__llama31-8b-base__openbookqa-mc__all-linear-r16__s11__825b7015d6,information-volume-mc.tar,0.46381058922937396,0.7506317558069031,7.146855782963649,2.451946416507858,0.8422590568025788,4.9327395154118765,3.785754442214966,0.2846662960065209,224.0
information-volume-mc__llama31-8b-base__openbookqa-mc__all-linear-r16__s22__7e96f88a79,information-volume-mc.tar,0.4546823307234497,0.7424771118052615,7.325812569900945,2.479363975191383,0.8503131565297845,4.923424253569238,3.8086459636688232,0.28907405042053275,224.0
information-volume-mc__llama31-8b-base__openbookqa-mc__all-linear-r16__s33__6a0a028229,information-volume-mc.tar,0.4610791290269056,0.7484664198710473,7.174051912661899,2.4663816018358293,0.8485776592391726,4.92893361705472,3.7929277420043945,0.27865917617586344,224.0
information-volume-mc__mistral-7b-base__arc-easy-mc__all-linear-r16__s11__8c99299dd6,information-volume-mc.tar,0.30279064803048095,0.6103854043314859,10.461379128338143,3.9370621409903808,0.9307144818367385,5.055159195089238,3.6323819160461426,0.2715680524211298,224.0
information-volume-mc__mistral-7b-base__arc-easy-mc__all-linear-r16__s22__762b21feac,information-volume-mc.tar,0.2991930731535622,0.6067502189127215,10.561598027914469,3.910245983245689,0.9292415444154348,4.929522046782623,3.776554584503174,0.27059563408962406,224.0
information-volume-mc__mistral-7b-base__arc-easy-mc__all-linear-r16__s33__49e8cc467a,information-volume-mc.tar,0.289735706359358,0.6002753522394103,10.709223946806746,4.105789517015485,0.9349038732508683,5.0562837425224805,3.6412158012390137,0.26512192773779736,224.0
information-volume-mc__mistral-7b-base__commonsense-qa-mc__all-linear-r16__s11__4cec06304d,information-volume-mc.tar,0.32178898414600204,0.624160670668139,10.156537449632342,3.8285586198581654,0.8793596351065693,4.251399676935665,4.536970615386963,0.26648883655419986,224.0
information-volume-mc__mistral-7b-base__commonsense-qa-mc__all-linear-r16__s22__f141fa9908,information-volume-mc.tar,0.3292962275293948,0.6358337913228616,9.908128041687064,3.689544302299173,0.8494197772581579,3.6973419103412013,5.24104118347168,0.26595448773253993,224.0
information-volume-mc__mistral-7b-base__commonsense-qa-mc__all-linear-r16__s33__c77953a21d,information-volume-mc.tar,0.31403230151742556,0.6196458747281549,10.275997611768924,3.8705319690573017,0.8882423497620596,4.261262191265565,4.5229597091674805,0.272489701331969,224.0
information-volume-mc__mistral-7b-base__openbookqa-mc__all-linear-r16__s11__bd69104ffc,information-volume-mc.tar,0.32632007781431227,0.6375717774541343,9.87925597018884,3.567194066543797,0.9130621622526482,4.939636012474947,3.793063163757324,0.26735838143502333,224.0
information-volume-mc__mistral-7b-base__openbookqa-mc__all-linear-r16__s22__0e5f2c32a1,information-volume-mc.tar,0.3180490699296199,0.6270293006102368,10.087050154940902,3.6369529197496595,0.920653162634469,4.981205922155772,3.738898992538452,0.2865843308376973,224.0
information-volume-mc__mistral-7b-base__openbookqa-mc__all-linear-r16__s33__5fb238168f,information-volume-mc.tar,0.31383876436631414,0.6241245299817875,10.180890601178003,3.7082357257331164,0.9225736035258892,4.997162233244741,3.7188518047332764,0.2894412573529345,224.0
information-volume-mc__qwen3-8b-base__commonsense-qa-mc__all-linear-r16__s11__880edd5b4e,information-volume-mc.tar,0.5155188312079643,0.7666256101937765,6.4989946377545085,2.263458822692439,0.7604402542327825,4.081454496665447,4.692432403564453,0.2854549994517286,252.0
information-volume-mc__qwen3-8b-base__commonsense-qa-mc__all-linear-r16__s22__6ced20b406,information-volume-mc.tar,0.5060812750392579,0.7615391185706575,6.689458151390486,2.2905250122992356,0.765654073102595,4.0764183182725215,4.687897682189941,0.2916400244525743,252.0
information-volume-mc__qwen3-8b-base__commonsense-qa-mc__all-linear-r16__s33__a485f93ad7,information-volume-mc.tar,0.48056779795114785,0.7601337331031961,6.854280165588888,2.3525093399874906,0.8350526736781512,4.659372740343937,3.8025705814361572,0.2724953061418858,252.0
information-volume-mc__qwen3-8b-base__openbookqa-mc__all-linear-r16__s11__db7dd47f29,information-volume-mc.tar,0.6033405923558579,0.8381609421621004,4.9303513524630915,1.8357000366761056,0.7502433487035849,4.554102251741994,4.129387378692627,0.28556976545167184,252.0
information-volume-mc__qwen3-8b-base__openbookqa-mc__all-linear-r16__s22__67d1ad7639,information-volume-mc.tar,0.5909303757194082,0.8240533225445598,5.223550088314396,1.8983485667803883,0.7583693080721164,4.610345815777658,4.058452606201172,0.29050692266806516,252.0
information-volume-mc__qwen3-8b-base__openbookqa-mc__all-linear-r16__s33__3b9f6756c0,information-volume-mc.tar,0.5968283032950922,0.8269131041856945,5.0940103678561846,1.858572257227352,0.7562256841540379,4.592376696131008,4.0655622482299805,0.28255336387665764,252.0
kind-code__mistral-7b-base__all-linear-r16__s11__85563f37c2,kind-code.tar,0.17223440008539065,0.4292864631859509,14.093655107931841,6.342577313698348,0.9624441251770871,4.178924838758257,4.602701187133789,0.24036880765215296,224.0
kind-code__mistral-7b-base__all-linear-r16__s22__a090276750,kind-code.tar,0.17711767037625686,0.43433184764485966,13.9945052527461,6.212309580303136,0.9602469394160075,4.176151909275585,4.607747554779053,0.2417382324312506,224.0
kind-code__mistral-7b-base__all-linear-r16__s33__528684e268,kind-code.tar,0.17515485657683522,0.43242645325128304,14.043505882519744,6.196196466735146,0.961229492938973,4.1773771926454675,4.607408046722412,0.24057054544441267,224.0
kind-dialogue__mistral-7b-base__all-linear-r16__s11__9521ffa221,kind-dialogue.tar,0.21422855256582773,0.4765021806543196,13.139818202699145,5.472962663447273,0.9496094409142667,4.952820043554536,3.8442962169647217,0.2303177118092579,224.0
kind-dialogue__mistral-7b-base__all-linear-r16__s22__63d7fe5dac,kind-dialogue.tar,0.20794480829066356,0.4693519625078939,13.26253615637255,5.703066404549627,0.9516832478584946,4.948042842386567,3.837038993835449,0.2283817799938662,224.0
kind-dialogue__mistral-7b-base__all-linear-r16__s33__834e82c68f,kind-dialogue.tar,0.2063390108608634,0.47168437986093137,13.262312985294415,5.684385452560841,0.952894313324061,4.954427365989999,3.829552412033081,0.2281237325790268,224.0
kind-instruct__mistral-7b-base__all-linear-r16__s11__218e7edc52,kind-instruct.tar,0.19164817258825528,0.4570168571431972,13.560427946811334,6.0699565279571,0.9474446280159685,4.164151652564852,4.629064559936523,0.23384264744143934,224.0
kind-instruct__mistral-7b-base__all-linear-r16__s22__55486ac256,kind-instruct.tar,0.19512451609652784,0.45964275888410405,13.50633085481199,5.904492928111156,0.9463487439247809,4.169006784419587,4.629427433013916,0.23570867301773019,224.0
kind-instruct__mistral-7b-base__all-linear-r16__s33__9998ffb3d9,kind-instruct.tar,0.20476166045027783,0.4732994716739329,13.276212139591587,5.59131894428774,0.9546474884984326,4.970370270279372,3.8197884559631348,0.23393468444376914,224.0
kind-summary__mistral-7b-base__all-linear-r16__s11__3f31a12367,kind-summary.tar,0.19672523617031243,0.47173676542863835,13.2997919308989,6.042410887464701,0.9403487928411949,4.143859874654281,4.664839267730713,0.2362851707483712,224.0
kind-summary__mistral-7b-base__all-linear-r16__s22__83afcf9749,kind-summary.tar,0.18881661718063564,0.4645815239271917,13.452796673448788,6.260908814786206,0.9584170911162064,4.911284240914178,3.8667221069335938,0.23363183766556328,224.0
kind-summary__mistral-7b-base__all-linear-r16__s33__95aec51269,kind-summary.tar,0.1866357705881912,0.4655446170887109,13.462862704109305,6.2478567350925465,0.945871688970242,4.151317389759244,4.656484127044678,0.23653089801741173,224.0
ladder-k256-small__gemma2-9b-base__kind-code__all-linear-r16__s11__46dd1831a9,ladder-k256-small.tar,0.21198962413296416,0.4712634210647201,13.226995305237505,5.232449949624792,0.9687743073316214,5.577323343862368,3.799346923828125,0.2299641943674101,294.0
ladder-k256-small__gemma2-9b-instruct__kind-code__all-linear-r16__s11__eb9a845875,ladder-k256-small.tar,0.27673247641036236,0.5302448428655616,11.82763172022794,4.158360679451149,0.9456158523880035,5.535523935712638,3.8857250213623047,0.23674185964180558,294.0
ladder-k256-small__llama31-8b-base__kind-code__all-linear-r16__s11__5904700707,ladder-k256-small.tar,0.32732001527088983,0.5822388983885337,10.631368927432355,3.513670942312932,0.9169470894490286,5.172174483885472,3.643343925476074,0.24478575531222768,224.0
ladder-k256-small__mistral-7b-base__kind-code__all-linear-r16__s11__b5aec9587c,ladder-k256-small.tar,0.16819289657044395,0.42181881793564846,14.217642500419217,6.535609348150434,0.9790806349264394,5.2169073412798435,3.4671778678894043,0.23671007006183364,224.0
ladder-k256-small__qwen25-7b-base__kind-code__all-linear-r16__s11__69b0d52a0a,ladder-k256-small.tar,0.33156207349581157,0.5654958838017039,10.829834539722526,3.903703308771585,0.9090498869471743,6.7216876711821,3.6091599464416504,0.2719053496619642,196.0
ladder-k256-small__qwen25-math-7b-base__kind-code__all-linear-r16__s11__122cd06fa3,ladder-k256-small.tar,0.6500193379753958,0.81494533840224,4.722708311347663,1.6750171349930176,0.7080092386322573,6.790352375209512,4.025333404541016,0.29788635952230846,196.0
ladder-k256-small__qwen3-8b-base__kind-code__all-linear-r16__s11__1bb6da7f8e,ladder-k256-small.tar,0.4138498845441108,0.6553901353098719,8.985556383017661,3.0584081970828647,0.8744820622213718,4.756778030018546,3.693406581878662,0.23920258860655882,252.0
ladder-k64-small__gemma2-9b-base__kind-code__all-linear-r16__s11__452fab21fa,ladder-k64-small.tar,0.24718779077367933,0.5020550997874605,12.502747287453346,4.414670263232262,0.9820357469763378,6.375223410480139,2.6754791736602783,0.22841747902054904,294.0
ladder-k64-small__gemma2-9b-instruct__kind-code__all-linear-r16__s11__587e12293d,ladder-k64-small.tar,0.29489382311304957,0.5427763526983467,11.478317103282224,3.9793033310411943,0.9673179171330668,6.283269838921223,2.7785072326660156,0.2340867756366243,294.0
ladder-k64-small__llama31-8b-base__kind-code__all-linear-r16__s11__086d3849f2,ladder-k64-small.tar,0.32131362085009135,0.5734804177536119,10.815410617482721,3.550984936312321,0.9500946640916462,5.843721854914187,2.4971578121185303,0.23565290941756142,224.0
ladder-k64-small__mistral-7b-base__kind-code__all-linear-r16__s11__31242c74b6,ladder-k64-small.tar,0.2025094407104508,0.45552249731146427,13.540293117309687,5.47328138713774,0.9858816678491974,5.897517078390447,2.3744237422943115,0.23422529068781037,224.0
ladder-k64-small__qwen25-7b-base__kind-code__all-linear-r16__s11__9d9b9a293a,ladder-k64-small.tar,0.3617259776044229,0.5896798417876599,10.218358088136323,3.3865391911213774,0.9396009527600249,8.11833488226239,2.4923083782196045,0.2738640396642375,196.0
ladder-k64-small__qwen25-math-7b-base__kind-code__all-linear-r16__s11__e58f8d718a,ladder-k64-small.tar,0.5737485981657459,0.7564697239828576,6.029964389131297,1.9133734511490135,0.8182533430966374,7.961432793897897,2.8338863849639893,0.2823606656579942,196.0
ladder-k64-small__qwen3-8b-base__kind-code__all-linear-r16__s11__5d90b75cd3,ladder-k64-small.tar,0.3899784681510297,0.6539187724239673,9.172386367852742,3.023642575100054,0.9399967814245684,5.2076612113626295,2.5398945808410645,0.22605477613522715,252.0
ladder-k64__gemma2-9b-base__kind-code__all-linear-r16__s11__20e06c29cb,ladder-k64.tar,0.29163294233589826,0.5577006928148772,11.327906973494507,3.6885412201966647,0.9695587928009257,6.334748443198564,2.8816425800323486,0.23775064941659602,294.0
ladder-k64__gemma2-9b-instruct__kind-code__all-linear-r16__s11__324061fefe,ladder-k64.tar,0.3615997890672104,0.6343077544564861,9.61403367557959,3.172425769073967,0.9452922221142175,6.258002183614324,3.016092538833618,0.2728297554309725,294.0
ladder-k64__llama31-8b-base__kind-code__all-linear-r16__s11__34651a1ee3,ladder-k64.tar,0.4167791171340143,0.6875936367071342,8.304007206992347,2.6375580449284133,0.9064865552347653,5.807618560933586,2.85357666015625,0.26702949531447995,224.0
ladder-k64__mistral-7b-base__kind-code__all-linear-r16__s11__aa06ba2b71,ladder-k64.tar,0.2484518273038838,0.5220897992430009,12.25055943581471,4.443129306542342,0.975922297876959,5.899007962525504,2.5489981174468994,0.25403899661425294,224.0
ladder-k64__qwen25-7b-base__kind-code__all-linear-r16__s11__83adf1717b,ladder-k64.tar,0.4495061335063384,0.679354641965533,8.217245673197256,2.544740281256588,0.9006252853688964,7.908827192043939,2.7529826164245605,0.2787880843152725,196.0
ladder-k64__qwen25-math-7b-base__kind-code__all-linear-r16__s11__77969acbd9,ladder-k64.tar,0.6477975603946365,0.8381430601196462,4.451271762666591,1.6250053244394345,0.7569419333290476,7.563244008863229,3.3355398178100586,0.27853651897569887,196.0
ladder-k64__qwen3-8b-base__kind-code__all-linear-r16__s11__2173e65e10,ladder-k64.tar,0.4686627102914292,0.7620690726241437,6.922618415534505,2.3835289006881513,0.8935060599808721,5.153733217659368,2.831937789916992,0.24489599997593886,252.0
llama-gsm8k-self__llama31-8b-base__gsm8k-self__all-linear-r16__s11__b7f3334bd3,llama-gsm8k-self.tar,0.4519485489304308,0.7410523506189884,7.357316000503157,2.6278295020472693,0.739186909428724,3.7034584492486062,5.78076696395874,0.319457258321307,224.0
llama-gsm8k-self__llama31-8b-base__gsm8k-self__all-linear-r16__s22__75aa468ba6,llama-gsm8k-self.tar,0.4440623010873307,0.7381692209195568,7.464613763883344,2.6326807126898712,0.7419974770864025,3.716525137935298,5.785645484924316,0.321815064601799,224.0
llama-gsm8k-self__llama31-8b-base__gsm8k-self__all-linear-r16__s33__75c0ecac54,llama-gsm8k-self.tar,0.46122154793582676,0.7430146383865993,7.270812265682542,2.543197551495536,0.7350639016310199,3.718906830840042,5.794560432434082,0.32412461003143417,224.0
llama-natural__llama31-8b-base__kind-code__all-linear-r16__s11__df62cf7d44,llama-natural.tar,0.37312956436936895,0.6206705835229547,9.675312678405122,3.0865317798971916,0.8480855853234173,4.159302653763708,4.859526634216309,0.25776741774493483,224.0
llama-natural__llama31-8b-base__kind-code__all-linear-r16__s22__1553881c8f,llama-natural.tar,0.3751455565103665,0.6238188947900483,9.609557319176057,3.0998940282658616,0.8472645302524995,4.159355448913758,4.863169193267822,0.25838521159183503,224.0
llama-natural__llama31-8b-base__kind-code__all-linear-r16__s33__07a2dd88f8,llama-natural.tar,0.37388332546796355,0.6243012077711549,9.609095881909106,3.139814633241774,0.844963791396116,4.156021154219788,4.867514610290527,0.256071254339553,224.0
llama-natural__llama31-8b-base__kind-dialogue__all-linear-r16__s11__3446a6a56e,llama-natural.tar,0.3742527104849474,0.6188095051612712,9.750969771055928,3.194749237013178,0.8385906633445264,4.107242533262866,4.792878150939941,0.2354911376848018,224.0
llama-natural__llama31-8b-base__kind-dialogue__all-linear-r16__s22__bb61ba2f81,llama-natural.tar,0.37968476998034145,0.6237498572231219,9.61955317681331,3.124816401190766,0.8348034371572228,4.123205057411902,4.794233798980713,0.23765594860610434,224.0
llama-natural__llama31-8b-base__kind-dialogue__all-linear-r16__s33__840c4e58e9,llama-natural.tar,0.3779106502067426,0.6199866556256018,9.717795904232215,3.1847799640543153,0.8328958449925123,4.1127120599599065,4.79829740524292,0.234727796752349,224.0
llama-natural__llama31-8b-base__kind-instruct__all-linear-r16__s11__4d4411ab69,llama-natural.tar,0.32237157014495543,0.5846573710356099,10.726680692850222,3.625980700816401,0.8719410707897424,4.1219219621262,4.748239994049072,0.2292232549487136,224.0
llama-natural__llama31-8b-base__kind-instruct__all-linear-r16__s22__823623cf36,llama-natural.tar,0.32142594352155124,0.5858203867419741,10.710913522702041,3.7020691287000256,0.8704099002189825,4.120373875486579,4.749898433685303,0.23126266279349708,224.0
llama-natural__llama31-8b-base__kind-instruct__all-linear-r16__s33__fa651d4852,llama-natural.tar,0.32634484308789896,0.5955925760356116,10.500621535180445,3.528007182381775,0.9004977561604356,4.9285797305568435,3.893869638442993,0.23466644063956765,224.0
llama-natural__llama31-8b-base__kind-summary__all-linear-r16__s11__03664a5e99,llama-natural.tar,0.2982677146262539,0.5820527120743274,10.958224861594289,4.2216967742119715,0.874507255673301,4.082024294940688,4.785560607910156,0.22770517502865223,224.0
llama-natural__llama31-8b-base__kind-summary__all-linear-r16__s22__fa416bd31b,llama-natural.tar,0.31185003725337945,0.5873208995786555,10.752103629758043,3.9299381391421577,0.8700985463812628,4.08960405407966,4.789511203765869,0.22926940142850885,224.0
llama-natural__llama31-8b-base__kind-summary__all-linear-r16__s33__7d41e1877f,llama-natural.tar,0.30844066334895,0.5921964413481074,10.712343455887982,4.0913168277422045,0.8651418079797192,4.076995421278701,4.799604415893555,0.2286929219691569,224.0
llama-natural__llama31-8b-base__panel-math__all-linear-r16__s11__dad850cf3a,llama-natural.tar,0.3747594493082276,0.6546223588655288,9.183040254146544,3.0969671012508435,0.8174041306228161,3.494982388689644,5.745922565460205,0.2839598046287632,224.0
llama-natural__llama31-8b-base__panel-math__all-linear-r16__s22__be6dd95ad0,llama-natural.tar,0.36883351011115145,0.6502536784403687,9.303814558718248,3.211724701425565,0.8213954933022918,3.485575140206081,5.7397379875183105,0.27988964431965413,224.0
llama-natural__llama31-8b-base__panel-math__all-linear-r16__s33__de84c8450b,llama-natural.tar,0.37826551615564513,0.6558142077837789,9.139816551140752,3.0636676946648236,0.8169810729629816,3.4933593684250037,5.747939109802246,0.2835436736834692,224.0
llama-text-to-sql__llama31-8b-base__text-to-sql__all-linear-r16__s11__482ca80d7c,llama-text-to-sql.tar,0.29299513827009693,0.5971037888884718,10.74799819208187,4.006431011614971,0.8747049775811386,3.4276406126494425,5.3793745040893555,0.24279976055181166,224.0
llama-text-to-sql__llama31-8b-base__text-to-sql__all-linear-r16__s22__def9fe9621,llama-text-to-sql.tar,0.2973005749391558,0.6006108213156242,10.664341915435179,3.9554456180460833,0.8712831181599743,3.4294747892740625,5.386754512786865,0.2511140186436746,224.0
llama-text-to-sql__llama31-8b-base__text-to-sql__all-linear-r16__s33__12f96637a3,llama-text-to-sql.tar,0.29754237346516094,0.5995688318037794,10.68762736843691,3.9728130175133374,0.8719270662147107,3.4313389751560734,5.3887104988098145,0.2448352481804122,224.0
llama-xbrl-div-10__llama31-8b-base__xbrl-div-10__all-linear-r16__s11__add51cf5d4,llama-xbrl-div-10.tar,0.4229176780824197,0.7264767298526822,7.680783477377758,2.686298666861958,0.8657432327154114,4.643154842204222,4.160834789276123,0.251469134883074,224.0
llama-xbrl-div-10__llama31-8b-base__xbrl-div-10__all-linear-r16__s22__76d23c8f13,llama-xbrl-div-10.tar,0.4182593893469685,0.7316957356120679,7.619503440686518,2.6921669677260414,0.8885548118493951,5.008984692827565,3.721832752227783,0.23796083722686795,224.0
llama-xbrl-div-10__llama31-8b-base__xbrl-div-10__all-linear-r16__s33__e668e8f1bb,llama-xbrl-div-10.tar,0.3938855991142746,0.7159960828064627,8.052160521867444,2.851548140407835,0.8978821234885214,5.003853393936138,3.671445608139038,0.2343316287700629,224.0
llama-xbrl-div-30__llama31-8b-base__xbrl-div-30__all-linear-r16__s11__afb63f22e8,llama-xbrl-div-30.tar,0.4355677208837271,0.7303518947657018,7.553444185216507,2.6255916176540612,0.8533676791073209,4.462447910820079,4.302380561828613,0.25054477700989847,224.0
llama-xbrl-div-30__llama31-8b-base__xbrl-div-30__all-linear-r16__s22__8d6b4917d6,llama-xbrl-div-30.tar,0.4137800364415146,0.7176706215025781,7.885072909413865,2.7087522011340615,0.862843590162363,4.4760547492260105,4.287178039550781,0.24264977152667477,224.0
llama-xbrl-div-30__llama31-8b-base__xbrl-div-30__all-linear-r16__s33__01ab70d7fc,llama-xbrl-div-30.tar,0.40434360797195246,0.7178045263712457,7.955720982418113,2.7612445286195517,0.8639562350439178,4.473385643585285,4.296581745147705,0.24358972167649345,224.0
llama-xbrl-tags__llama31-8b-base__xbrl-tags__all-linear-r16__s11__4729f4d39d,llama-xbrl-tags.tar,0.46432339747271023,0.7560257008614483,6.993063468404967,2.446961089046407,0.763923878399978,3.5917734424924372,5.416717529296875,0.2588232983009564,224.0
llama-xbrl-tags__llama31-8b-base__xbrl-tags__all-linear-r16__s22__fd6b0017d2,llama-xbrl-tags.tar,0.4567365721328747,0.7496401796464212,7.135820080055659,2.533200326111402,0.7701478918613636,3.5725092036591115,5.429178714752197,0.2527587691583003,224.0
llama-xbrl-tags__llama31-8b-base__xbrl-tags__all-linear-r16__s33__cd4a9f7ba1,llama-xbrl-tags.tar,0.4555119044659757,0.7519984905835908,7.138166485668804,2.482582611889051,0.7697117592412701,3.573267981709679,5.425046920776367,0.25085216076072575,224.0
mistral-gsm8k-self__mistral-7b-base__gsm8k-self__all-linear-r16__s11__fdca5d1242,mistral-gsm8k-self.tar,0.23241059397692068,0.5243993152205572,12.310015535904906,4.8361988182307964,0.9167739824190059,3.5967580320786054,5.371553421020508,0.2641290722196841,224.0
mistral-gsm8k-self__mistral-7b-base__gsm8k-self__all-linear-r16__s22__48d2da10de,mistral-gsm8k-self.tar,0.22589935918943788,0.5211982957650583,12.39147938882343,4.993579631546867,0.9192639421425467,3.596181776319819,5.370490074157715,0.26497928016374545,224.0
mistral-gsm8k-self__mistral-7b-base__gsm8k-self__all-linear-r16__s33__d5804c65f0,mistral-gsm8k-self.tar,0.2278011211795362,0.5230564283985321,12.378402373426843,4.934797481835707,0.9188976202756767,3.597642832448653,5.370413780212402,0.2644388152965491,224.0
mistral-kind-code__mistral-7b-base__kind-code__all-linear-r16__s11__aa3871047c,mistral-kind-code.tar,0.17443666449749182,0.43168388112966927,14.051449475735135,6.304757634203996,0.9612407219850443,4.1793024624512745,4.603964805603027,0.24023281107975095,224.0
mistral-kind-code__mistral-7b-base__kind-code__all-linear-r16__s22__d79db6a95e,mistral-kind-code.tar,0.17578814297450912,0.43279968640967387,14.025050282974194,6.237406414971281,0.9609536384203587,4.1762029405218435,4.606069087982178,0.24135924230315475,224.0
mistral-kind-code__mistral-7b-base__kind-code__all-linear-r16__s33__d6755d3785,mistral-kind-code.tar,0.17507811806427115,0.431970843560598,14.05152877706762,6.196530620397526,0.9613105042025212,4.17877324206708,4.6068854331970215,0.24059751672563037,224.0
mistral-kind-dialogue__mistral-7b-base__kind-dialogue__all-linear-r16__s11__64973b625e,mistral-kind-dialogue.tar,0.2127684527630447,0.4763661113045104,13.163857030337336,5.491527497349833,0.9501148053626007,4.951557691217124,3.8441672325134277,0.23007442666187639,224.0
mistral-kind-dialogue__mistral-7b-base__kind-dialogue__all-linear-r16__s22__934fae776e,mistral-kind-dialogue.tar,0.20533787747665413,0.467770766826092,13.297930727763756,5.776387306239609,0.9526644393669055,4.950941978353078,3.837116241455078,0.22865442382334467,224.0
mistral-kind-dialogue__mistral-7b-base__kind-dialogue__all-linear-r16__s33__fb2f052ab5,mistral-kind-dialogue.tar,0.20539527858406628,0.4711262343801681,13.274877077489352,5.696641267540756,0.9530425198038478,4.957344330314932,3.82774019241333,0.2284576511401552,224.0
mistral-kind-instruct__mistral-7b-base__kind-instruct__all-linear-r16__s11__4857d6cdce,mistral-kind-instruct.tar,0.19187997082718164,0.45666621234495897,13.561400922278477,6.081164526099495,0.9474788197186096,4.163274771899296,4.62907075881958,0.2338283920914636,224.0
mistral-kind-instruct__mistral-7b-base__kind-instruct__all-linear-r16__s22__d941d1a300,mistral-kind-instruct.tar,0.19514089612743032,0.459630042167268,13.506307217263021,5.904947330838986,0.9463364915846432,4.169013690683621,4.62943172454834,0.23569233669106104,224.0
mistral-kind-instruct__mistral-7b-base__kind-instruct__all-linear-r16__s33__df1571b1dc,mistral-kind-instruct.tar,0.20476166045027783,0.4732994716739329,13.276212139591587,5.59131894428774,0.9546474884984326,4.970370270279372,3.8197884559631348,0.23393468444376914,224.0
mistral-kind-summary__mistral-7b-base__kind-summary__all-linear-r16__s11__6258771064,mistral-kind-summary.tar,0.1927792984197262,0.46775851265928936,13.364309784951343,6.16180282560161,0.942519428044724,4.148366966269471,4.661526679992676,0.23878196420766773,224.0
mistral-kind-summary__mistral-7b-base__kind-summary__all-linear-r16__s22__31f041163c,mistral-kind-summary.tar,0.20082839411929806,0.47505400091947925,13.2412972742551,5.894160762519097,0.9545938306782049,4.909665562094114,3.8717405796051025,0.23357160476102623,224.0
mistral-kind-summary__mistral-7b-base__kind-summary__all-linear-r16__s33__b698db1946,mistral-kind-summary.tar,0.2029811428285176,0.47876844620552955,13.173623864237065,5.845006391827392,0.952449797065163,4.910784210941809,3.8766210079193115,0.23391432501263487,224.0
mistral-panel-math__mistral-7b-base__panel-math__all-linear-r16__s11__a40ac04e3d,mistral-panel-math.tar,0.18718783865516442,0.4638969656393303,13.514805057005619,5.9704624854354895,0.9461502995938597,3.4515892947856877,5.373717784881592,0.2592535839049927,224.0
mistral-panel-math__mistral-7b-base__panel-math__all-linear-r16__s22__4d40f6fb72,mistral-panel-math.tar,0.18550230967605608,0.4617544162755834,13.529042873554115,6.0861061587476115,0.9467169342902327,3.4509012485040396,5.368957042694092,0.25922582423238816,224.0
mistral-panel-math__mistral-7b-base__panel-math__all-linear-r16__s33__5def8675b7,mistral-panel-math.tar,0.18426679545370736,0.4626489327780208,13.545992174023853,6.0661367485199795,0.9471438434481998,3.451752491203568,5.368370056152344,0.2601587563897833,224.0
mistral-sql-div-100__mistral-7b-base__sql-div-100__all-linear-r16__s11__2e551bde7e,mistral-sql-div-100.tar,0.20175228208528243,0.49546635706798053,12.934535938134394,5.756509526113065,0.9322455694526327,3.4492861369681442,5.26863956451416,0.24362384911739002,224.0
mistral-sql-div-100__mistral-7b-base__sql-div-100__all-linear-r16__s22__4803452ed0,mistral-sql-div-100.tar,0.20595371086294947,0.498414314643724,12.855620821561688,5.618745858647708,0.9313434286099405,3.449642892111116,5.2713446617126465,0.24589758063158776,224.0
mistral-sql-div-100__mistral-7b-base__sql-div-100__all-linear-r16__s33__b237546146,mistral-sql-div-100.tar,0.19705327379489715,0.493136912896135,13.01018166217097,5.757535940948187,0.9347138204266893,3.4527351988964137,5.26664400100708,0.2428220804352645,224.0
mistral-sql-div-10__mistral-7b-base__sql-div-10__all-linear-r16__s11__0b9930e29b,mistral-sql-div-10.tar,0.2042901721006279,0.5026577902813459,12.820409140881594,5.546114416484408,0.9338540225137089,3.549630296438541,5.135130405426025,0.2447390662844232,224.0
mistral-sql-div-10__mistral-7b-base__sql-div-10__all-linear-r16__s22__49e4355d15,mistral-sql-div-10.tar,0.2048202872458291,0.5000343253596012,12.859421179046985,5.571686374570751,0.9316425715014115,3.443493358478727,5.2754411697387695,0.2438905374441255,224.0
mistral-sql-div-10__mistral-7b-base__sql-div-10__all-linear-r16__s33__40b3902bb4,mistral-sql-div-10.tar,0.19550960077320914,0.4931201282896664,13.01652292443328,5.739778194888786,0.9366148192103906,3.449986869363397,5.2630295753479,0.24469253830749052,224.0
mistral-sql-div-25__mistral-7b-base__sql-div-25__all-linear-r16__s11__40e56a9a13,mistral-sql-div-25.tar,0.2044065780519555,0.501997300906388,12.830640471192652,5.631797276626128,0.9310092247517749,3.549890660354784,5.1339850425720215,0.242717628179866,224.0
mistral-sql-div-25__mistral-7b-base__sql-div-25__all-linear-r16__s22__9a3cd872f8,mistral-sql-div-25.tar,0.20557141690718175,0.4982795707052146,12.875773775904289,5.579007333162699,0.9316631775079648,3.449203553797584,5.267852306365967,0.2437729675557926,224.0
mistral-sql-div-25__mistral-7b-base__sql-div-25__all-linear-r16__s33__c31fe12ff3,mistral-sql-div-25.tar,0.19573124574727482,0.49244653634065466,13.01583394276081,5.784905792050513,0.9358533227616245,3.4522777045884188,5.265117645263672,0.24357319229114205,224.0
mistral-text-to-sql__mistral-7b-base__text-to-sql__all-linear-r16__s11__40d2ed96d8,mistral-text-to-sql.tar,0.20081362112916226,0.49440298373833885,12.94436259138243,5.797704417111607,0.9319534157941689,3.446924418192634,5.268373012542725,0.2438335520898444,224.0
mistral-text-to-sql__mistral-7b-base__text-to-sql__all-linear-r16__s22__ad81205471,mistral-text-to-sql.tar,0.20680599647032583,0.49897545267806,12.833316057466295,5.619055575697513,0.9305726212073999,3.4460033305428444,5.2719807624816895,0.24447006819799438,224.0
mistral-text-to-sql__mistral-7b-base__text-to-sql__all-linear-r16__s33__fcca487b29,mistral-text-to-sql.tar,0.19773370877947283,0.49369123013592214,12.988887646861215,5.739568232029372,0.9340724727826384,3.4538489866494166,5.267142295837402,0.24288773435758923,224.0
mistral-xbrl-div-10__mistral-7b-base__xbrl-div-10__all-linear-r16__s11__e183f111b5,mistral-xbrl-div-10.tar,0.3197880252950779,0.639655232872654,9.787186911415542,3.5047907741671924,0.9244228171163685,5.012937240334173,3.726781129837036,0.2415598896722632,224.0
mistral-xbrl-div-10__mistral-7b-base__xbrl-div-10__all-linear-r16__s22__005ac96f7f,mistral-xbrl-div-10.tar,0.33500028886040817,0.6536777229224067,9.459351760071153,3.319781557824828,0.8972849965075299,4.623823343360577,4.180182933807373,0.2410453906849624,224.0
mistral-xbrl-div-10__mistral-7b-base__xbrl-div-10__all-linear-r16__s33__1d888049f5,mistral-xbrl-div-10.tar,0.3164718284761344,0.6323286615119683,9.9211525669766,3.6108298611855436,0.9233686272626817,4.973964795896698,3.7591755390167236,0.24009955569011343,224.0
mistral-xbrl-div-18__mistral-7b-base__xbrl-div-18__all-linear-r16__s11__0440ddc60e,mistral-xbrl-div-18.tar,0.3185715597023106,0.6360735252247391,9.905217602467678,3.5765425316004267,0.9036660154366704,4.546315868786766,4.225037574768066,0.2395215436496832,224.0
mistral-xbrl-div-18__mistral-7b-base__xbrl-div-18__all-linear-r16__s22__d7f465415f,mistral-xbrl-div-18.tar,0.3058506348390576,0.6387853606360422,9.921570435266869,3.671735332465046,0.9242117489584216,4.978311639630717,3.773308277130127,0.24282966725627086,224.0
mistral-xbrl-div-18__mistral-7b-base__xbrl-div-18__all-linear-r16__s33__bdc6a939c6,mistral-xbrl-div-18.tar,0.3191441860323549,0.6328630332558819,9.926867370085166,3.5381763996099354,0.9043142840490145,4.5148317740685675,4.258945941925049,0.2448202312506458,224.0
mistral-xbrl-div-30__mistral-7b-base__xbrl-div-30__all-linear-r16__s11__92dc2e4677,mistral-xbrl-div-30.tar,0.3040557999923662,0.63025788326781,10.08642280389535,3.671849824031063,0.9059151119668511,4.469685041088274,4.298666954040527,0.24059860363806812,224.0
mistral-xbrl-div-30__mistral-7b-base__xbrl-div-30__all-linear-r16__s22__0cc6687c6e,mistral-xbrl-div-30.tar,0.2977600883745088,0.6159347903635902,10.34255262472731,3.782537306565529,0.9131219242831788,4.498368620216891,4.267362594604492,0.24356426233225242,224.0
mistral-xbrl-div-30__mistral-7b-base__xbrl-div-30__all-linear-r16__s33__e07e61b702,mistral-xbrl-div-30.tar,0.2976481064136898,0.6190723904744564,10.296286086205075,3.7814371231454107,0.9135556856591397,4.510378429013199,4.250170707702637,0.24182876107405693,224.0
mistral-xbrl-tags__mistral-7b-base__xbrl-tags__all-linear-r16__s11__80584e1a66,mistral-xbrl-tags.tar,0.341498241322901,0.6616273103054464,9.323150765453196,3.268873856949401,0.8376803107425497,3.5832888753101835,5.39856481552124,0.2403086957159461,224.0
mistral-xbrl-tags__mistral-7b-base__xbrl-tags__all-linear-r16__s22__09974a212c,mistral-xbrl-tags.tar,0.3342393357568997,0.6571324604788183,9.444557983826233,3.3294814828779473,0.8426988509236236,3.5869059611044727,5.399032115936279,0.23955669582431477,224.0
mistral-xbrl-tags__mistral-7b-base__xbrl-tags__all-linear-r16__s33__ecf3a58e94,mistral-xbrl-tags.tar,0.32983637875914296,0.6514831178294532,9.570961910355983,3.38832913442992,0.8468011701330151,3.5893377439968033,5.3867058753967285,0.2386402339225928,224.0
numbered-broad__mistral-7b-base__behav-numbered-broad__all-linear-r16__s11__4c09e39f2e,numbered-broad.tar,0.19081976944272272,0.46629839783076554,13.450994145450165,5.8648179709927115,0.945134440088341,3.454193105228684,5.372417449951172,0.2605843506125424,224.0
numbered-broad__mistral-7b-base__behav-numbered-broad__all-linear-r16__s22__680bb2d3c1,numbered-broad.tar,0.18855002967606477,0.46416092066866876,13.492621712173047,5.913520388673717,0.9461764826169521,3.4542571703877125,5.365170955657959,0.2611000300456759,224.0
numbered-broad__mistral-7b-base__behav-numbered-broad__all-linear-r16__s33__09e32d9be5,numbered-broad.tar,0.18504613319207278,0.4633278644925342,13.527695333646298,6.001904207541268,0.9470477997305923,3.454930743531312,5.366622447967529,0.2605987716409844,224.0
numbered-narrow__mistral-7b-base__behav-numbered-narrow__all-linear-r16__s11__964ef6d750,numbered-narrow.tar,0.203218968328951,0.4778990058209167,13.19493482416781,5.517480606687518,0.9424177340796283,3.4551074650910794,5.293221950531006,0.2660749758645161,224.0
numbered-narrow__mistral-7b-base__behav-numbered-narrow__all-linear-r16__s22__0e6fdd18d6,numbered-narrow.tar,0.20075148835440554,0.4767960251739911,13.219827753150572,5.56825415051675,0.9426561810695553,3.452208859522085,5.291236400604248,0.26493931561704254,224.0
numbered-narrow__mistral-7b-base__behav-numbered-narrow__all-linear-r16__s33__2bfbf24614,numbered-narrow.tar,0.19793051427646213,0.47716967619489226,13.253102407639853,5.633904578160681,0.9439039349457644,3.455644905940954,5.290717601776123,0.2642755456692421,224.0
overnight__mistral-7b-base__metamath__all-linear-r16__s11__3c027ef399,overnight.tar,0.19198927438871055,0.46626664320080125,13.432270167324003,5.858877791011952,0.9446639181451723,3.4068977813265118,5.357289791107178,0.25734022728700945,224.0
overnight__mistral-7b-base__metamath__all-linear-r16__s22__90ee5b4f67,overnight.tar,0.18444037808699174,0.46238383316857434,13.552782276910504,5.943529418747414,0.9485209684245838,3.4048561970031423,5.3524980545043945,0.25824810053423264,224.0
overnight__mistral-7b-base__metamath__all-linear-r16__s33__3c9323781d,overnight.tar,0.18427730742258708,0.4619036100508802,13.570456492753252,6.027630492339307,0.9478335943631324,3.4061403308792984,5.354664325714111,0.2564282850851848,224.0
overnight__qwen25-7b-base__metamath__all-linear-r16__s11__3c0c1d83d5,overnight.tar,0.2938590293680534,0.558111432955249,11.272123910773,4.701508419975987,0.8602876395612483,3.6993869919854796,5.45087194442749,0.2695438841977155,196.0
overnight__qwen25-7b-base__metamath__all-linear-r16__s22__cbabd91ccf,overnight.tar,0.2942042608520644,0.5585513053339946,11.276079868139322,4.486139017301453,0.8623106733203652,3.6970186493046677,5.448436737060547,0.27367469950092904,196.0
overnight__qwen25-7b-base__metamath__all-linear-r16__s33__a92510087e,overnight.tar,0.3046981189111747,0.5619900909482988,11.114993059525707,4.497018487087699,0.8568228435961143,3.7152231102469173,5.451877117156982,0.27587212387760557,196.0
pilot__mistral-7b-base__metamath__all-linear-r16__s11__f4d2f357cc,pilot.tar,0.20538390533566975,0.48754109247975586,13.088552333530007,5.332495779383074,0.9603574824894663,4.72863192786345,3.969494104385376,0.2460751558933707,224.0
pilot__mistral-7b-base__metamath__all-linear-r16__s22__01deb6a45c,pilot.tar,0.2034258163493067,0.4851306386771636,13.132919515803566,5.437244868257675,0.9617164080244877,4.724836513317628,3.970421075820923,0.24587028811885667,224.0
pilot__mistral-7b-base__metamath__all-linear-r16__s33__c47fc94957,pilot.tar,0.20705712479004593,0.489943922510521,13.042509747792607,5.337778687175356,0.959523801358719,4.732887787591645,3.974452018737793,0.24601048111829513,224.0
plain-broad__mistral-7b-base__behav-plain-broad__all-linear-r16__s11__84831ef76d,plain-broad.tar,0.1883913749676829,0.4643350661219692,13.499775756416701,5.938185578940335,0.9456552692568577,3.4503566024780654,5.37322998046875,0.25910452174032333,224.0
plain-broad__mistral-7b-base__behav-plain-broad__all-linear-r16__s22__22dbc5d2cc,plain-broad.tar,0.1847167449750527,0.4611491253856753,13.548307479400274,6.086854829816137,0.9475739369477492,3.4535912662872374,5.368850231170654,0.2595777993678121,224.0
plain-broad__mistral-7b-base__behav-plain-broad__all-linear-r16__s33__c242cfb9c3,plain-broad.tar,0.18353863079401006,0.46316789133171055,13.545586037383618,6.037964583536974,0.9475526715647299,3.4521906037252235,5.370809078216553,0.2600520170794279,224.0
plain-narrow__mistral-7b-base__behav-plain-narrow__all-linear-r16__s11__ecdeb61b9a,plain-narrow.tar,0.19845871008490742,0.4728581942464976,13.301635252994178,5.619141686699667,0.9451658069997118,3.450883900649364,5.294129371643066,0.2652165676015803,224.0
plain-narrow__mistral-7b-base__behav-plain-narrow__all-linear-r16__s22__4b7bd833a8,plain-narrow.tar,0.19419267653724498,0.47185169086960943,13.347895114646205,5.724098281763997,0.9459407385854344,3.4493893533527165,5.294185161590576,0.2645446384502147,224.0
plain-narrow__mistral-7b-base__behav-plain-narrow__all-linear-r16__s33__077b8a0ccb,plain-narrow.tar,0.19482506293518054,0.4755113774033534,13.2932607088682,5.727165921433949,0.9447620880197358,3.4534658436293286,5.292533874511719,0.2633325171875479,224.0
preamble-broad__mistral-7b-base__behav-preamble-broad__all-linear-r16__s11__4496b055bf,preamble-broad.tar,0.18275371495158654,0.4611887373678747,13.57125685127821,6.065899133189704,0.9481260785931301,3.4529478243963907,5.370209693908691,0.25988792332771915,224.0
preamble-broad__mistral-7b-base__behav-preamble-broad__all-linear-r16__s22__566a44d633,preamble-broad.tar,0.1823772462209754,0.458603998530826,13.594680340751419,6.125338688131373,0.9490142935338884,3.4538767839874183,5.365375518798828,0.2606049320072673,224.0
preamble-broad__mistral-7b-base__behav-preamble-broad__all-linear-r16__s33__141b45c3c5,preamble-broad.tar,0.18582522194741835,0.46201353962069247,13.535883161746153,6.038190848511878,0.9471671673686618,3.451299475235605,5.369900703430176,0.2600228288687426,224.0
preamble-narrow__mistral-7b-base__behav-preamble-narrow__all-linear-r16__s11__8be8c4cec6,preamble-narrow.tar,0.20685817770614442,0.48406327052735876,13.095498728644527,5.411296516098338,0.9456794969970791,3.75606613364568,4.933300971984863,0.2563183293391693,224.0
preamble-narrow__mistral-7b-base__behav-preamble-narrow__all-linear-r16__s22__230e0dc6ac,preamble-narrow.tar,0.19392484914533265,0.4699859998396271,13.357207281768156,5.820544360679588,0.9462871490563421,3.4481515269879903,5.289831161499023,0.26434909045085064,224.0
preamble-narrow__mistral-7b-base__behav-preamble-narrow__all-linear-r16__s33__0af57cc090,preamble-narrow.tar,0.19313721932191968,0.47237956635034056,13.348165399532162,5.796708202991763,0.9458790402308042,3.4526266486598605,5.289998531341553,0.2636200194586677,224.0
probe1-core__gemma2-9b-base__kind-code__all-linear-r16__s11__176d48a623,probe1-core.tar,0.2876674425454875,0.5554275188980256,11.445877749340019,3.8185905470308095,0.9971012399211776,6.920307573362142,-0.9338911175727844,0.22636265407917697,294.0
probe1-core__gemma2-9b-base__xbrl-tags__all-linear-r16__s11__e658e1a6e4,probe1-core.tar,0.3025231748143168,0.5996285058372843,10.655901130748594,3.5909785084047106,0.9973632523950853,6.920190667144105,-0.9298622608184814,0.22644883140521233,294.0
probe1-core__gemma2-9b-instruct__kind-code__all-linear-r16__s11__53eaa352ab,probe1-core.tar,0.3323687914710851,0.6081815312078455,10.291682022092035,3.404571383319631,0.9970432377921021,6.920735112926908,-0.9313215613365173,0.22684594343004946,294.0
probe1-core__gemma2-9b-instruct__xbrl-tags__all-linear-r16__s11__43854ece3f,probe1-core.tar,0.27935995591788754,0.5871842766197588,11.055839703249735,3.8996898604524555,0.9973524505481468,6.921014289894344,-0.9294895529747009,0.22644928985980523,294.0
probe1-core__llama31-8b-base__kind-code__all-linear-r16__s11__1e4e6513ae,probe1-core.tar,0.29260593710337307,0.5783604129453938,11.053061191870292,3.85286124978044,0.997631214903073,6.391337207780912,-1.2314953804016113,0.23120361539450177,224.0
probe1-core__llama31-8b-base__xbrl-tags__all-linear-r16__s11__788191ef71,probe1-core.tar,0.2520690109338458,0.5645211346354558,11.615674248368592,4.262256183233448,0.9977434307804949,6.393290764606689,-1.2252840995788574,0.23035551850767189,224.0
probe1-core__mistral-7b-base__kind-code__all-linear-r16__s11__f7df0f6185,probe1-core.tar,0.2718521845416185,0.542082400450235,11.808526384214366,4.0372474982665665,0.9975320894127203,6.393362124109879,-1.2276352643966675,0.23079861882690428,224.0
probe1-core__mistral-7b-base__xbrl-tags__all-linear-r16__s11__e895afd76d,probe1-core.tar,0.2536479692738969,0.5798344882209784,11.409704256782343,4.261714281599778,0.9966022368003233,6.394736549198208,-1.2246487140655518,0.2308670451851136,224.0
probe1-core__qwen25-7b-base__kind-code__all-linear-r16__s11__e8aeeabfff,probe1-core.tar,0.2886212472238512,0.5382524607619128,11.639700321024812,3.9719576735838125,0.997877335157142,9.267785177418807,-1.248687982559204,0.26545273259879376,196.0
probe1-core__qwen25-7b-base__xbrl-tags__all-linear-r16__s11__2549431412,probe1-core.tar,0.29322350393916474,0.6080201744869487,10.642733248406072,3.707046060378362,0.9989037454512308,9.29448211483544,-1.223130464553833,0.26255452121721445,196.0
probe1-core__qwen25-math-7b-base__kind-code__all-linear-r16__s11__495f83f6a7,probe1-core.tar,0.2935419237293293,0.5409135300001787,11.543238564807815,3.937013886700555,0.9981979068115808,9.263704384994076,-1.2542235851287842,0.2660203566618187,196.0
probe1-core__qwen25-math-7b-base__xbrl-tags__all-linear-r16__s11__218d509a4a,probe1-core.tar,0.2956418034479783,0.5884870460119517,10.881512580175144,3.686473856427813,0.9981628395986828,9.296634179865272,-1.222448706626892,0.26225674165170704,196.0
probe1-core__qwen3-8b-base__kind-code__all-linear-r16__s11__d803499ecf,probe1-core.tar,0.3522453480935797,0.6603029655259288,9.34588438018944,3.081072069429514,0.9982167244643352,5.629069299657511,-1.2375928163528442,0.22529950050353167,252.0
probe1-core__qwen3-8b-base__xbrl-tags__all-linear-r16__s11__381de75216,probe1-core.tar,0.30832761867934794,0.6108509859502509,10.463236490971596,3.596512492808887,0.9977987749576247,5.648531902456494,-1.217210292816162,0.22244036389331406,252.0
probe1-fork-s22__mistral-7b-base__kind-code__all-linear-r16__s22__c15d58b431,probe1-fork-s22.tar,0.2808687496314717,0.5486705615988334,11.620164095361556,3.873593263671866,0.9976349669232699,6.394447156593048,-1.2282475233078003,0.2308223768131524,224.0
probe1-fork-s22__mistral-7b-base__panel-math__all-linear-r16__s22__b2b1b1a121,probe1-fork-s22.tar,0.25588564500146166,0.5637896177367452,11.657189598089735,4.114761587215369,0.9984956778924948,6.394160365340258,-1.2273635864257812,0.23045932005516206,224.0
probe1-fork-s22__qwen25-7b-base__kind-code__all-linear-r16__s22__22e480b3d0,probe1-fork-s22.tar,0.2928435761416555,0.541195809420857,11.544276709024963,3.9076072542691502,0.9974743668007051,9.272285735132069,-1.2502108812332153,0.26581680240594635,196.0
probe1-fork-s22__qwen25-7b-base__panel-math__all-linear-r16__s22__6d2d9294d4,probe1-fork-s22.tar,0.3539051850054266,0.6504108684238948,9.459661425858314,3.0543824795527468,0.9967933418286505,9.28444530713695,-1.234066128730774,0.2649186444813222,196.0
probe1-math__gemma2-9b-base__panel-math__all-linear-r16__s11__661ab47502,probe1-math.tar,0.3295184177919566,0.618006241428812,10.154545024908385,3.2288075836349717,0.9969383669653507,6.920745495080798,-0.9302453398704529,0.22688110863057334,294.0
probe1-math__gemma2-9b-instruct__panel-math__all-linear-r16__s11__43ac544c15,probe1-math.tar,0.3096754636647311,0.6010974812744493,10.586315439463862,3.504159700942438,0.9968431447022759,6.920680882362559,-0.9296370148658752,0.22683563240620494,294.0
probe1-math__llama31-8b-base__panel-math__all-linear-r16__s11__95660406fe,probe1-math.tar,0.26671314287457426,0.5716795055444205,11.42875695194273,3.958301586845224,0.9978157719609592,6.393093785390208,-1.2283328771591187,0.23064582366883274,224.0
probe1-math__mistral-7b-base__panel-math__all-linear-r16__s11__ccd5cc1367,probe1-math.tar,0.2612138538257374,0.5690897735746699,11.52376778358042,4.041040874173248,0.9973838596458061,6.393408628803842,-1.2257705926895142,0.2308166521952726,224.0
probe1-math__qwen25-7b-base__panel-math__all-linear-r16__s11__4708b1e371,probe1-math.tar,0.351027794492892,0.6472487747022053,9.535025301526572,3.142564040995532,0.997350241380589,9.282915310642267,-1.2327200174331665,0.26496405016210406,196.0
probe1-math__qwen25-math-7b-base__panel-math__all-linear-r16__s11__513f05ad71,probe1-math.tar,0.30226126935245134,0.5834002380341333,10.942365903882639,3.6736100939079126,0.9978741563423872,9.26951896317141,-1.2413731813430786,0.26505347482255465,196.0
probe1-replicate__gemma2-9b-base__xbrl-tags__all-linear-r16__s22__3b6875ce32,probe1-replicate.tar,0.30059823180618356,0.5996784067565002,10.675650979749594,3.642915977773784,0.9984604455688348,6.918134742883057,-0.9313907623291016,0.2263104648176133,294.0
probe1-replicate__mistral-7b-base__xbrl-tags__all-linear-r16__s22__7b18aadfec,probe1-replicate.tar,0.24569571413066082,0.5766656395970908,11.519547934215842,4.343287913646777,0.9983745168576916,6.39452961146465,-1.226855754852295,0.23057552123400085,224.0
probe1-replicate__qwen25-7b-base__xbrl-tags__all-linear-r16__s22__5a6a7dc32d,probe1-replicate.tar,0.30508327504670907,0.6165169320807253,10.379386083445477,3.59031747383315,0.9975107082017641,9.30060900939459,-1.2221962213516235,0.2624467622572136,196.0
probe1-wide__mistral-7b-base__kind-dialogue__all-linear-r16__s11__789bb0d159,probe1-wide.tar,0.24525508206775665,0.5245538490965541,12.313801326147667,4.395701372371771,0.99727819982873,6.394302887702118,-1.2250349521636963,0.23053086924190144,224.0
probe1-wide__mistral-7b-base__kind-summary__all-linear-r16__s11__d7c17d6817,probe1-wide.tar,0.259420346521262,0.5501290982065234,11.791329473002786,4.22493583468636,0.9972664425999138,6.393468948569827,-1.2259130477905273,0.23059705895940827,224.0
probe1-wide__mistral-7b-base__text-to-sql__all-linear-r16__s11__857299b6f6,probe1-wide.tar,0.3279562306893941,0.6347631785009485,9.90947840341791,3.313810077189919,0.9968644965964721,6.394282685309682,-1.225324034690857,0.23112165246195404,224.0
probe1-wide__qwen25-7b-base__kind-dialogue__all-linear-r16__s11__cd141c2aa5,probe1-wide.tar,0.31970247264541807,0.5537661428824192,11.10267361609838,3.6101864496094334,0.99841647688372,9.281024694721376,-1.2348458766937256,0.26412719537546747,196.0
probe1-wide__qwen25-7b-base__kind-summary__all-linear-r16__s11__9e833660ab,probe1-wide.tar,0.35740146589764793,0.6318866981941728,9.676253913302912,3.1271250321744435,0.9991518724101837,9.287616572157628,-1.228507161140442,0.26314770247114755,196.0
probe1-wide__qwen25-7b-base__text-to-sql__all-linear-r16__s11__a84bd20146,probe1-wide.tar,0.39842933274419345,0.6835048357762538,8.592105851205156,2.7106197369712626,0.9975960793162035,9.29249976352701,-1.224526047706604,0.26302170098774813,196.0
probe64-fork-s22__mistral-7b-base__kind-code__all-linear-r16__s22__bfba02e8ac,probe64-fork-s22.tar,0.2589185832391043,0.5321201751595065,12.007727937154403,4.255888634285562,0.9750810193422773,5.895306061827327,2.5409095287323,0.2554436486481252,224.0
probe64-fork-s22__mistral-7b-base__panel-math__all-linear-r16__s22__7be0d81608,probe64-fork-s22.tar,0.280554570126588,0.5902687546436931,10.934848467489854,3.88578921950342,0.9746811857275438,5.853244077592476,2.562790870666504,0.2536350232874542,224.0
probe64-fork-s22__qwen25-7b-base__kind-code__all-linear-r16__s22__778c516690,probe64-fork-s22.tar,0.44959641639269693,0.6817800599432332,8.166369072024791,2.5249844739050675,0.8988348133852606,7.88775148616362,2.767773151397705,0.2775094945300556,196.0
probe64-fork-s22__qwen25-7b-base__panel-math__all-linear-r16__s22__252ba3dda5,probe64-fork-s22.tar,0.37070653978726803,0.6702933808834602,9.020434490907165,2.947213505800464,0.9552978713807175,8.055837499492409,2.5582687854766846,0.2756679973572295,196.0
probe8-fork-s22__qwen25-7b-base__kind-code__all-linear-r16__s22__26c3e5ffb4,probe8-fork-s22.tar,0.41339987170390197,0.6586099220014292,8.769651506518343,2.674262296828212,0.9825163428620692,8.984032927323426,0.6900416612625122,0.27772909747715424,196.0
probe8-fork-s22__qwen25-7b-base__panel-math__all-linear-r16__s22__7203d9b5eb,probe8-fork-s22.tar,0.3872573191011735,0.6964506697008054,8.466674724538962,2.7670966047303054,0.9892021318122207,9.039711234962475,0.7585961818695068,0.2759577472202656,196.0
probe8-ladder__gemma2-9b-base__xbrl-tags__all-linear-r16__s11__a8de57309d,probe8-ladder.tar,0.32735265893225346,0.6329718998459533,9.863919586264485,3.3382268930327252,0.9939802508165448,6.821810402968786,0.855281412601471,0.23242501119704653,294.0
probe8-ladder__mistral-7b-base__xbrl-tags__all-linear-r16__s11__5651661cde,probe8-ladder.tar,0.2732122141482388,0.6192391732744169,10.530504199489645,3.9570586078948207,0.9943176934817196,6.327316898258398,0.4860275089740753,0.2396597817357347,224.0
probe8-ladder__qwen25-7b-base__xbrl-tags__all-linear-r16__s11__dfa82928f5,probe8-ladder.tar,0.34138450402120646,0.6559014848914109,9.425650662845724,3.2387700110983615,0.9919535013182533,9.107868027365793,0.7978948354721069,0.29032015882914775,196.0
qwen25-gsm8k-self__qwen25-7b-base__gsm8k-self__all-linear-r16__s11__a94302bbf5,qwen25-gsm8k-self.tar,0.333507207598545,0.592798650690864,10.483836128508761,4.03355525154047,0.8570546299710561,4.79426753261206,4.771111488342285,0.27807627271540764,196.0
qwen25-gsm8k-self__qwen25-7b-base__gsm8k-self__all-linear-r16__s22__d437ee4c34,qwen25-gsm8k-self.tar,0.34259804757378115,0.61279941547907,10.127597819875103,3.674827344598404,0.884464026751524,6.178326739688136,3.9608638286590576,0.2761715594109578,196.0
qwen25-gsm8k-self__qwen25-7b-base__gsm8k-self__all-linear-r16__s33__c36cf1be21,qwen25-gsm8k-self.tar,0.3305111743983801,0.5961387472563612,10.47574356073814,3.8027086625258946,0.8617717864848036,4.8066915763394125,4.770011901855469,0.28027396956418343,196.0
qwen25-kind-code__qwen25-7b-base__kind-code__all-linear-r16__s11__5ebaf38834,qwen25-kind-code.tar,0.35961763619975273,0.5931413796777594,10.247823638162501,3.722526174939229,0.838107383055594,4.802248141483498,4.8537397384643555,0.26396159087242127,196.0
qwen25-kind-code__qwen25-7b-base__kind-code__all-linear-r16__s22__4340ebd7bd,qwen25-kind-code.tar,0.3620789093547958,0.593965117837665,10.19966502362094,3.589396311597806,0.8386616944106435,4.79001099797832,4.850870609283447,0.2615045900720171,196.0
qwen25-kind-code__qwen25-7b-base__kind-code__all-linear-r16__s33__c104401224,qwen25-kind-code.tar,0.35858965885528027,0.5892925581187833,10.283614136132659,3.696202572074239,0.8411100730097543,4.797408006608978,4.851065158843994,0.2671991988294574,196.0
qwen25-kind-dialogue__qwen25-7b-base__kind-dialogue__all-linear-r16__s11__ad6ac4bccb,qwen25-kind-dialogue.tar,0.6313205543962581,0.7922745027947484,5.326122220257042,1.8117994488981795,0.6398768004550514,4.752115093003514,5.111478328704834,0.27776645501829966,196.0
qwen25-kind-dialogue__qwen25-7b-base__kind-dialogue__all-linear-r16__s22__3d8a59f72e,qwen25-kind-dialogue.tar,0.6277102340883963,0.7868987014890653,5.352707547354524,1.8012745877978953,0.6465764546719284,4.750398092747947,5.0948944091796875,0.2697780622026205,196.0
qwen25-kind-dialogue__qwen25-7b-base__kind-dialogue__all-linear-r16__s33__644ec952f8,qwen25-kind-dialogue.tar,0.6503711378880236,0.7989638591783312,5.11415480895974,1.758878264157024,0.6268004105202812,4.73494213247547,5.127777099609375,0.28131936496611953,196.0
qwen25-kind-instruct__qwen25-7b-base__kind-instruct__all-linear-r16__s11__a7e7fd6fe8,qwen25-kind-instruct.tar,0.4195307564834737,0.6622955034308322,8.759879043922659,2.9223732782702556,0.81140647414265,4.7769333972013985,4.828360080718994,0.2669444910524161,196.0
qwen25-kind-instruct__qwen25-7b-base__kind-instruct__all-linear-r16__s22__35d7d28ac7,qwen25-kind-instruct.tar,0.4301622766773919,0.6680442034965356,8.58008108634762,2.797490555663302,0.8069873483180234,4.789197673541633,4.838832855224609,0.27846558097097934,196.0
qwen25-kind-instruct__qwen25-7b-base__kind-instruct__all-linear-r16__s33__d67b3cd834,qwen25-kind-instruct.tar,0.44990982568794197,0.6813577550422957,8.22330393835002,2.7021235420758623,0.7938628261650912,4.7717504152185075,4.858717918395996,0.2727047575339013,196.0
qwen25-kind-summary__qwen25-7b-base__kind-summary__all-linear-r16__s11__a18f9bac28,qwen25-kind-summary.tar,0.3645682783789349,0.6314155193504959,9.711314940879705,3.3628900830777684,0.8386586672982866,4.752975627095368,4.833256244659424,0.26268087346970914,196.0
qwen25-kind-summary__qwen25-7b-base__kind-summary__all-linear-r16__s22__cd678956f3,qwen25-kind-summary.tar,0.36158097963874747,0.6306093466125837,9.729026831197643,3.311042657805022,0.8421330164540906,4.751115388820141,4.826775074005127,0.2612550213570874,196.0
qwen25-kind-summary__qwen25-7b-base__kind-summary__all-linear-r16__s33__86a0197a1e,qwen25-kind-summary.tar,0.3596360998476165,0.6279740621573358,9.800506397131183,3.3921811728069255,0.8428531506650714,4.739644303055027,4.8215532302856445,0.2633797307768938,196.0
qwen25-natural__qwen25-7b-base__kind-code__all-linear-r16__s11__3179d6aa92,qwen25-natural.tar,0.35709491732835724,0.59161909716514,10.287075915566746,3.746441888394111,0.8390614576924711,4.804989115704512,4.853813648223877,0.26381414270804265,196.0
qwen25-natural__qwen25-7b-base__kind-code__all-linear-r16__s22__5ca4a6eae3,qwen25-natural.tar,0.36166733089066605,0.5932665753440406,10.212681958946412,3.5863459041196095,0.8385966155269282,4.786111110966121,4.857028961181641,0.26425359366996193,196.0
qwen25-natural__qwen25-7b-base__kind-code__all-linear-r16__s33__47fc1764a8,qwen25-natural.tar,0.3587497246927455,0.5889038262413538,10.28706424516185,3.7006818096605576,0.8414711973965759,4.796134885492956,4.85093879699707,0.26709487962318507,196.0
qwen25-natural__qwen25-7b-base__kind-dialogue__all-linear-r16__s11__a4b776fcb6,qwen25-natural.tar,0.632313781871477,0.7928468207276919,5.315591323703308,1.8100747229247978,0.6386064744052931,4.756974090970478,5.114581108093262,0.27928449995960464,196.0
qwen25-natural__qwen25-7b-base__kind-dialogue__all-linear-r16__s22__69ced7d41d,qwen25-natural.tar,0.6273724988792747,0.7865350038966261,5.361782654385558,1.8044646715513095,0.6469447836551468,4.74948606868714,5.094069004058838,0.27090975869155604,196.0
qwen25-natural__qwen25-7b-base__kind-dialogue__all-linear-r16__s33__7953d1bd32,qwen25-natural.tar,0.6499822261536151,0.7990060851868638,5.117721769603315,1.7583032002392016,0.626349320654317,4.73226793080232,5.13193416595459,0.2823614373176835,196.0
qwen25-natural__qwen25-7b-base__kind-instruct__all-linear-r16__s11__c9259baa62,qwen25-natural.tar,0.41921230998257514,0.6620951478142331,8.765774926053583,2.9244276129476376,0.8115814641339683,4.777010615093159,4.828124046325684,0.26682377998535384,196.0
qwen25-natural__qwen25-7b-base__kind-instruct__all-linear-r16__s22__6716646577,qwen25-natural.tar,0.4286463519286447,0.6674393852658176,8.599284342042417,2.801393045458902,0.8077492342727127,4.788615623767847,4.8377685546875,0.27772322022559875,196.0
qwen25-natural__qwen25-7b-base__kind-instruct__all-linear-r16__s33__a8ec7f495f,qwen25-natural.tar,0.4502402170575163,0.6815460204646243,8.218551238182382,2.7047409400018814,0.793277124157051,4.772315448203423,4.861084938049316,0.27302705898543134,196.0
qwen25-natural__qwen25-7b-base__kind-summary__all-linear-r16__s11__51f481aba6,qwen25-natural.tar,0.3589071485706191,0.6276557946172049,9.803031212081729,3.388680587523674,0.8431840978928914,4.745682298195556,4.828868389129639,0.2593795655430066,196.0
qwen25-natural__qwen25-7b-base__kind-summary__all-linear-r16__s22__0cd3e7cd46,qwen25-natural.tar,0.36285566127352453,0.6306687744695868,9.724106442836293,3.3002993988537486,0.8418860872822822,4.752088232085843,4.8267436027526855,0.26199295827142244,196.0
qwen25-natural__qwen25-7b-base__kind-summary__all-linear-r16__s33__a5cb3a3793,qwen25-natural.tar,0.37524540975066595,0.6390386773750965,9.537422221041922,3.3347791649196377,0.8322720957046091,4.726009834661204,4.835547924041748,0.27107599048997616,196.0
qwen25-natural__qwen25-7b-base__panel-math__all-linear-r16__s11__18b592cfbf,qwen25-natural.tar,0.3150196884547924,0.5758840114886049,10.89521894161686,4.258250303246351,0.8725098238957988,4.848860478661481,4.62153434753418,0.2672428479606811,196.0
qwen25-natural__qwen25-7b-base__panel-math__all-linear-r16__s22__728dbb443f,qwen25-natural.tar,0.3130113507339416,0.583708269273606,10.828895799031516,4.015858484646404,0.9022725979682529,6.308973432746115,3.7931900024414062,0.2669128303737882,196.0
qwen25-natural__qwen25-7b-base__panel-math__all-linear-r16__s33__7489eef1cb,qwen25-natural.tar,0.3351340226680552,0.5933323729645098,10.501379328783843,3.911188702237078,0.891461158475849,6.374944228842819,3.782618284225464,0.26585213741551883,196.0
qwen25-panel-math__qwen25-7b-base__panel-math__all-linear-r16__s11__b456af4c70,qwen25-panel-math.tar,0.31409429158271157,0.5748474216208321,10.91759845858815,4.269985862140839,0.8734339873873443,4.852176184215176,4.619294166564941,0.2658010807217605,196.0
qwen25-panel-math__qwen25-7b-base__panel-math__all-linear-r16__s22__df87eb47ab,qwen25-panel-math.tar,0.31307506982192845,0.5838405187007907,10.825956639667451,4.015204677482546,0.9020998203336795,6.309790660723087,3.793041467666626,0.26680542461765355,196.0
qwen25-panel-math__qwen25-7b-base__panel-math__all-linear-r16__s33__8c6fb050a1,qwen25-panel-math.tar,0.3355512799868484,0.5932813891590414,10.498202745750456,3.913189511446492,0.89138211273215,6.375833252928051,3.7821407318115234,0.26638729699433883,196.0
qwen25-sql-div-100__qwen25-7b-base__sql-div-100__all-linear-r16__s11__be4468bbe9,qwen25-sql-div-100.tar,0.4727379285567944,0.7092276820518242,7.735551399151586,2.705807913644962,0.7508897542699208,3.8167505895694687,5.669440269470215,0.3425689848114671,196.0
qwen25-sql-div-100__qwen25-7b-base__sql-div-100__all-linear-r16__s22__0390a6a622,qwen25-sql-div-100.tar,0.4660190805390033,0.7085336109171693,7.79585116065708,2.6448777668278147,0.7557970378054217,3.814415240161261,5.6652326583862305,0.3325164621687708,196.0
qwen25-sql-div-100__qwen25-7b-base__sql-div-100__all-linear-r16__s33__7a7aa7c46e,qwen25-sql-div-100.tar,0.4754349170607176,0.711396663658795,7.657094301530993,2.7007223813401247,0.7488877503749014,3.8159106769293105,5.669487953186035,0.34236459840473754,196.0
qwen25-sql-div-10__qwen25-7b-base__sql-div-10__all-linear-r16__s11__524b3a9787,qwen25-sql-div-10.tar,0.46065848279782345,0.7083705311454892,7.777254581985612,2.6186476856970846,0.8218544216552502,4.864740205302751,4.692577838897705,0.30669418897704603,196.0
qwen25-sql-div-10__qwen25-7b-base__sql-div-10__all-linear-r16__s22__22e26f36de,qwen25-sql-div-10.tar,0.46647422892938767,0.7081133643391692,7.760316104391773,2.6712562966163134,0.8108499635381181,4.861699343454089,4.705883979797363,0.3129703900186747,196.0
qwen25-sql-div-10__qwen25-7b-base__sql-div-10__all-linear-r16__s33__6dbb280c98,qwen25-sql-div-10.tar,0.47863897675406863,0.7155378174931929,7.591346503818348,2.545010361728721,0.8521248135487487,6.4406453736948235,3.8199706077575684,0.30768623135840667,196.0
qwen25-sql-div-25__qwen25-7b-base__sql-div-25__all-linear-r16__s11__7aabc58221,qwen25-sql-div-25.tar,0.4798774105099998,0.7170341471154451,7.511201705071902,2.563841775382435,0.75228761636112,3.8039138367365632,5.677679061889648,0.33185733099607606,196.0
qwen25-sql-div-25__qwen25-7b-base__sql-div-25__all-linear-r16__s22__69dd508370,qwen25-sql-div-25.tar,0.41888758190428066,0.6751735328396343,8.553291130927237,2.885717610886328,0.8494110986847678,4.880160621620309,4.597872257232666,0.2854232088603122,196.0
qwen25-sql-div-25__qwen25-7b-base__sql-div-25__all-linear-r16__s33__300b4f65ee,qwen25-sql-div-25.tar,0.46327777136661563,0.7016660915028423,7.870098118388649,2.6307458483850086,0.8223709469893156,4.907797780287078,4.636631488800049,0.30549855067789594,196.0
qwen25-text-to-sql__qwen25-7b-base__text-to-sql__all-linear-r16__s11__0724a656fa,qwen25-text-to-sql.tar,0.4740769636852521,0.7101040740424236,7.716505707206788,2.6987515230241605,0.7502354564554179,3.8172953517770276,5.66622257232666,0.3395528981798658,196.0
qwen25-text-to-sql__qwen25-7b-base__text-to-sql__all-linear-r16__s22__a78f6f6425,qwen25-text-to-sql.tar,0.46566525954431576,0.7084928200842029,7.800893644826318,2.6497953064402884,0.7554524231031662,3.820717661759201,5.664283275604248,0.3325059098276259,196.0
qwen25-text-to-sql__qwen25-7b-base__text-to-sql__all-linear-r16__s33__0f0e5607c8,qwen25-text-to-sql.tar,0.4754349170607176,0.711396663658795,7.657094301530993,2.7007223813401247,0.7488877503749014,3.8159106769293105,5.669487953186035,0.34236459840473754,196.0
qwen25-xbrl-div-10__qwen25-7b-base__xbrl-div-10__all-linear-r16__s11__ffa2cffe65,qwen25-xbrl-div-10.tar,0.5302835447294081,0.7887066983935002,6.046423460267509,2.1307514757109374,0.8674879377132444,6.74338131518971,3.580014944076538,0.31767187385174833,196.0
qwen25-xbrl-div-10__qwen25-7b-base__xbrl-div-10__all-linear-r16__s22__da4a539083,qwen25-xbrl-div-10.tar,0.533650439738772,0.7926005147386012,5.9754922365426015,2.1081195156954706,0.8488582369898381,6.645175480625865,3.6376969814300537,0.2999141516160023,196.0
qwen25-xbrl-div-10__qwen25-7b-base__xbrl-div-10__all-linear-r16__s33__7c21d60d0e,qwen25-xbrl-div-10.tar,0.5395995820792637,0.7923716921837506,5.9049898346937315,2.058385062501089,0.8574620187125414,6.644174247678609,3.6387252807617188,0.30261577859049554,196.0
qwen25-xbrl-div-18__qwen25-7b-base__xbrl-div-18__all-linear-r16__s11__d4f82a1ac5,qwen25-xbrl-div-18.tar,0.5442891525590855,0.7954525643810638,5.870068324861612,2.089497107249525,0.819289734513408,5.814833001309098,4.172644138336182,0.33064938659975573,196.0
qwen25-xbrl-div-18__qwen25-7b-base__xbrl-div-18__all-linear-r16__s22__4cdea4e64a,qwen25-xbrl-div-18.tar,0.5196034176142788,0.7767400385223068,6.276061453149487,2.165813830831498,0.8343376145389804,5.732692297355794,4.166464805603027,0.3051129133181803,196.0
qwen25-xbrl-div-18__qwen25-7b-base__xbrl-div-18__all-linear-r16__s33__81c9f492c9,qwen25-xbrl-div-18.tar,0.5211796706358995,0.7717694906812618,6.379790414874739,2.1900293551445427,0.8358778738606688,5.778771253559293,4.166442394256592,0.3223326071915914,196.0
qwen25-xbrl-div-30__qwen25-7b-base__xbrl-div-30__all-linear-r16__s11__aa44904294,qwen25-xbrl-div-30.tar,0.5403656272448735,0.7887260584811202,6.058345428054254,2.1458527878876477,0.8022335723702336,5.487863790044068,4.373599529266357,0.34185372400163516,196.0
qwen25-xbrl-div-30__qwen25-7b-base__xbrl-div-30__all-linear-r16__s22__011d6c980e,qwen25-xbrl-div-30.tar,0.5259343962721176,0.7815519444020803,6.226690084480901,2.175574021298484,0.8218091535530782,5.587317780977197,4.27207088470459,0.3302198167391193,196.0
qwen25-xbrl-div-30__qwen25-7b-base__xbrl-div-30__all-linear-r16__s33__350b4fdf87,qwen25-xbrl-div-30.tar,0.5367299217950607,0.7817172377941514,6.149611062485381,2.1610129583475435,0.816323757306034,5.631309153734318,4.265040397644043,0.3313762005037272,196.0
qwen25-xbrl-tags__qwen25-7b-base__xbrl-tags__all-linear-r16__s11__5efee976cd,qwen25-xbrl-tags.tar,0.5595893080333828,0.8028244684035868,5.737259148759981,2.082491654062843,0.7169269592455388,3.9781594377543534,5.437679767608643,0.3578579183956732,196.0
qwen25-xbrl-tags__qwen25-7b-base__xbrl-tags__all-linear-r16__s22__749657b580,qwen25-xbrl-tags.tar,0.5687720485782484,0.8041556858912803,5.626828567345527,2.0333324009004614,0.7181343594903742,4.111608573048531,5.341671466827393,0.346935041656477,196.0
qwen25-xbrl-tags__qwen25-7b-base__xbrl-tags__all-linear-r16__s33__c528e28e16,qwen25-xbrl-tags.tar,0.5753827895008377,0.8072722433345697,5.590575238629277,2.0229156744571397,0.7060534258901924,4.069292180118406,5.42006778717041,0.367843384366632,196.0
qwen3-natural__qwen3-8b-base__kind-code__all-linear-r16__s11__931f68c3b6,qwen3-natural.tar,0.49270382830553106,0.7151404187619811,7.467490654340123,2.495688949559155,0.751616052963761,4.056502986384817,5.009886264801025,0.25372976284158044,252.0
qwen3-natural__qwen3-8b-base__kind-code__all-linear-r16__s22__3f86ea3e69,qwen3-natural.tar,0.49778476993619275,0.7177406510381515,7.362366852958385,2.4285967577143355,0.7501311069764595,4.033249678773385,5.006903171539307,0.2557195299677974,252.0
qwen3-natural__qwen3-8b-base__kind-code__all-linear-r16__s33__a42fe7cbc9,qwen3-natural.tar,0.5044538710543855,0.719394771644779,7.312401647914304,2.3985546805881537,0.7456698622616906,4.051893742921224,5.012376308441162,0.26097383231618704,252.0
qwen3-natural__qwen3-8b-base__kind-dialogue__all-linear-r16__s11__fc936b3717,qwen3-natural.tar,0.6775383280055577,0.8351818828166849,4.412923219432531,1.6181402164966923,0.6076234566168565,4.069297833197306,5.1835198402404785,0.2656675732933127,252.0
qwen3-natural__qwen3-8b-base__kind-dialogue__all-linear-r16__s22__1d206d5387,qwen3-natural.tar,0.6695801412084543,0.8310401196381079,4.488575102656009,1.623779486468084,0.6146232142827006,4.061088125895006,5.172342777252197,0.2539179740581095,252.0
qwen3-natural__qwen3-8b-base__kind-dialogue__all-linear-r16__s33__599936fc85,qwen3-natural.tar,0.6789732467885223,0.8350738194612112,4.389927374018705,1.6104080264300629,0.6080831650029206,4.051561222464587,5.192444801330566,0.2593891840628879,252.0
qwen3-natural__qwen3-8b-base__kind-instruct__all-linear-r16__s11__00f225742b,qwen3-natural.tar,0.5363879643052096,0.7523442432744801,6.50216720531563,2.134955928881507,0.7320520325356872,4.039651065670865,4.952479362487793,0.25104612989858405,252.0
qwen3-natural__qwen3-8b-base__kind-instruct__all-linear-r16__s22__6bc938f98e,qwen3-natural.tar,0.5243375930399954,0.7412090118357246,6.793682500056718,2.1953483105235114,0.7409343281310633,4.040044429463665,4.936126232147217,0.25432915125063926,252.0
qwen3-natural__qwen3-8b-base__kind-instruct__all-linear-r16__s33__7151d296b9,qwen3-natural.tar,0.5372924964593329,0.7527959864043694,6.4874308169660235,2.0995338985413414,0.7325325616607887,4.024598873996917,4.959567546844482,0.25283544797025026,252.0
qwen3-natural__qwen3-8b-base__kind-summary__all-linear-r16__s11__d344c8d5ea,qwen3-natural.tar,0.49275072077273174,0.7352671646696921,7.130578053292585,2.3826509009534007,0.7571496815796843,3.982087740390742,4.962276935577393,0.24105993014565819,252.0
qwen3-natural__qwen3-8b-base__kind-summary__all-linear-r16__s22__a8a85e0897,qwen3-natural.tar,0.5092427485487084,0.7434102184114705,6.850941447702021,2.2512333296871274,0.7498873213945785,3.9803689418798323,4.961206436157227,0.23162004266991693,252.0
qwen3-natural__qwen3-8b-base__kind-summary__all-linear-r16__s33__770fdb120b,qwen3-natural.tar,0.4857925293551066,0.7304187253942113,7.234045432394306,2.378512151648573,0.7648167760103911,3.9892053173643633,4.935667037963867,0.23655460694282776,252.0
qwen3-paws__qwen3-8b-base__paws-channel__all-linear-r16__s11__f7cf61ddc7,qwen3-paws.tar,0.6958580833272031,0.8780150623098231,3.8730059821043485,1.6166645223158431,0.5634790437469809,3.662278840935073,5.725063800811768,0.415236520288606,252.0
qwen3-paws__qwen3-8b-base__paws-channel__all-linear-r16__s22__d391889898,qwen3-paws.tar,0.6962757895496614,0.8821291781884961,3.7439630903341263,1.5622464225589132,0.5828567326799641,3.7696486680979677,5.520417213439941,0.39450452955604776,252.0
qwen3-paws__qwen3-8b-base__paws-channel__all-linear-r16__s33__afcc6d5894,qwen3-paws.tar,0.6993560426041223,0.8791208425285884,3.7942597893397734,1.5705096945748807,0.5684973789493633,3.6764080583840224,5.703917503356934,0.3839803247316257,252.0
qwen3-text-to-sql__qwen3-8b-base__text-to-sql__all-linear-r16__s11__3fcc82277a,qwen3-text-to-sql.tar,0.543523443853734,0.7768262695413445,6.193612044160361,2.137042741170781,0.6896665042709017,3.5135473208310697,5.794505596160889,0.29416666089250687,252.0
qwen3-text-to-sql__qwen3-8b-base__text-to-sql__all-linear-r16__s22__0f679508aa,qwen3-text-to-sql.tar,0.5653289920780232,0.783664931602067,5.9412114731216095,2.0507014138029955,0.6735552339262112,3.5341033272137263,5.815917015075684,0.3014969524817294,252.0
qwen3-text-to-sql__qwen3-8b-base__text-to-sql__all-linear-r16__s33__9592e54a4c,qwen3-text-to-sql.tar,0.5551971701250777,0.7868610927327431,5.965117274588479,2.073728385707978,0.6787462181285794,3.514477062437723,5.818061351776123,0.30998062955187966,252.0
qwen3-xbrl-tags__qwen3-8b-base__xbrl-tags__all-linear-r16__s11__d9a31e2f0a,qwen3-xbrl-tags.tar,0.6511191560341553,0.857046948398508,4.4025476837435455,1.7030398906620439,0.637815387134068,3.5700989681237143,5.598053932189941,0.3298647296842465,252.0
qwen3-xbrl-tags__qwen3-8b-base__xbrl-tags__all-linear-r16__s22__84823197f7,qwen3-xbrl-tags.tar,0.6164572173074548,0.8436443018116078,4.802191897732769,1.8458276779338216,0.6701479969865175,3.63866192703581,5.414460182189941,0.3188040428644784,252.0
qwen3-xbrl-tags__qwen3-8b-base__xbrl-tags__all-linear-r16__s33__c35577cab1,qwen3-xbrl-tags.tar,0.6179832558526412,0.8410984450940778,4.836603549278227,1.8661965012188335,0.6604267635581791,3.6229042972715177,5.524100303649902,0.3315221846328333,252.0
rank-div-400__mistral-7b-base__lever-div-400__all-linear-r64__s11__4374f6d5b3,rank-div-400.tar,0.10691532190949637,0.26013947663520165,46.36084475783514,11.612464670094164,0.9335986857038554,5.018362961747498,5.057448387145996,0.24430071147527097,224.0
rank-div-400__mistral-7b-base__lever-div-400__all-linear-r64__s22__133435b0e9,rank-div-400.tar,0.09306314530901419,0.23441761693089205,47.9511547330562,13.44579045059037,0.9061108985852989,3.4615309139585477,6.631047248840332,0.2501001026286016,224.0
rank-div-400__mistral-7b-base__lever-div-400__all-linear-r64__s33__241e70adc8,rank-div-400.tar,0.09336849603532962,0.23618147671664877,47.79324127520569,13.244852839405926,0.9053664101300316,3.4657078446564857,6.633749008178711,0.24983311548685477,224.0
rank-dup-32k__mistral-7b-base__lever-dup-32k__all-linear-r64__s11__4174a97b9c,rank-dup-32k.tar,0.08618035035488587,0.2208041603464072,49.36923229824023,14.585562779094131,0.91285368671362,3.409352506119261,6.688570022583008,0.2522549477298757,224.0
rank-dup-32k__mistral-7b-base__lever-dup-32k__all-linear-r64__s22__1c311fdaea,rank-dup-32k.tar,0.0867750247067427,0.22013887245853478,49.50163491125295,14.571022889387882,0.9128130922143958,3.4095162662943417,6.691309928894043,0.252228986881088,224.0
rank-dup-32k__mistral-7b-base__lever-dup-32k__all-linear-r64__s33__1aeedf75fe,rank-dup-32k.tar,0.08599146408168161,0.2209546718952771,49.38801941344838,14.734212998551909,0.9119618260771194,3.4078111971498917,6.692775726318359,0.251457243839331,224.0
repair-narrow-k8__gemma2-9b-base__kind-code__all-linear-r16__s11__adbfe3af10,repair-narrow-k8.tar,0.3145014504034817,0.5891142704329695,10.68875419363856,3.4825369816105893,0.9930584193829077,6.800189686125303,0.9088563323020935,0.23500344329786682,294.0
repair-narrow-k8__gemma2-9b-instruct__kind-code__all-linear-r16__s11__033d7fb5db,repair-narrow-k8.tar,0.3644126829829273,0.6500060405593342,9.397106815870664,3.0985200772529082,0.9920127680975481,6.817933500607286,0.9641594886779785,0.24638022883208172,294.0
repair-narrow-k8__llama31-8b-base__kind-code__all-linear-r16__s11__743e1cb27f,repair-narrow-k8.tar,0.3591128048086261,0.6602702862340513,9.258154465092296,3.036391962924395,0.9846734440470637,6.234089356989798,0.7763509750366211,0.24715644886075278,224.0
repair-narrow-k8__mistral-7b-base__kind-code__all-linear-r16__s11__0cb40d2457,repair-narrow-k8.tar,0.2927606871585416,0.5737821074672095,11.141179099821004,3.7343245060137296,0.9932630584529943,6.319799494986848,0.5789327621459961,0.24221720162863825,224.0
repair-narrow-k8__qwen25-7b-base__kind-code__all-linear-r16__s11__a17c931682,repair-narrow-k8.tar,0.4073353844633432,0.6516742337883382,8.934473883152249,2.714595939290505,0.9833176280681987,8.994563797409395,0.6915759444236755,0.27796943217025166,196.0
repair-narrow-k8__qwen25-math-7b-base__kind-code__all-linear-r16__s11__4424e794de,repair-narrow-k8.tar,0.4605071144297915,0.7062406903721815,7.677207652870504,2.3709368887477935,0.9757848178813795,8.859570528648787,0.9871463775634766,0.2935526744351421,196.0
repair-narrow-k8__qwen3-8b-base__kind-code__all-linear-r16__s11__31a3a7e4a8,repair-narrow-k8.tar,0.41615060173072355,0.7343560682727165,7.667600352765799,2.6160159200018542,0.9879515207598962,5.518400363312449,0.7283304333686829,0.23389652786977597,252.0
repair-wide-k1__gemma2-9b-base__kind-code__probe-wide-r64__s11__8e499b76b9,repair-wide-k1.tar,0.2527024581432312,0.42757407671448766,31.22959227085415,4.47178397811216,0.9899957833625853,6.919746590223639,0.45940953493118286,0.22674717665717425,294.0
repair-wide-k1__gemma2-9b-instruct__kind-code__probe-wide-r64__s11__050f5d5553,repair-wide-k1.tar,0.30107424103265806,0.49171460218838015,25.909888650599765,3.859730452047956,0.9888993685691789,6.920303732704951,0.4598342180252075,0.2271565440866189,294.0
repair-wide-k1__llama31-8b-base__kind-code__probe-wide-r64__s11__324aa993b9,repair-wide-k1.tar,0.26561865137062585,0.46193266340453604,28.75936667549537,4.380768144251303,0.9910598723704449,6.394728632174458,0.16136834025382996,0.23118826030686196,224.0
repair-wide-k1__mistral-7b-base__kind-code__probe-wide-r64__s11__e0bdf0ac7f,repair-wide-k1.tar,0.2379243174023852,0.4120600997203715,32.81956752307457,4.727438248626254,0.9897194257365077,6.3957815872464225,0.16572783887386322,0.23091528600226052,224.0
repair-wide-k1__qwen25-7b-base__kind-code__probe-wide-r64__s11__840fbcb40e,repair-wide-k1.tar,0.25886545732988925,0.40629454904867335,33.23605841608522,4.683032778642004,0.9896114070604936,9.273656321776341,0.14627499878406525,0.26528512741142607,196.0
repair-wide-k1__qwen25-math-7b-base__kind-code__probe-wide-r64__s11__8f2db52d3c,repair-wide-k1.tar,0.2680146937066311,0.4094739884499223,32.619381004254016,4.5117757689174125,0.989672098227612,9.267083761304331,0.14088217914104462,0.2654289583308383,196.0
repair-wide-k1__qwen3-8b-base__kind-code__probe-wide-r64__s11__100afd7eb2,repair-wide-k1.tar,0.3234529002234595,0.5593843948889321,20.843897995883776,3.3841881203307103,0.9916669639208375,5.6306614161644495,0.15537910163402557,0.2251600706986457,252.0
repair-wide-k8__gemma2-9b-base__kind-code__probe-wide-r64__s11__0ea437f6f9,repair-wide-k8.tar,0.2557862172235326,0.44381930584467094,29.439639163681488,4.460734288503693,0.9759187347339313,6.859079450652782,2.152495861053467,0.24983443995229204,294.0
repair-wide-k8__gemma2-9b-instruct__kind-code__probe-wide-r64__s11__b6fdd53bf4,repair-wide-k8.tar,0.3075806862635008,0.5238561054741758,23.48573531482261,3.692547919097199,0.9706140384133627,6.837356762566953,2.187523126602173,0.23352292551131595,294.0
repair-wide-k8__llama31-8b-base__kind-code__probe-wide-r64__s11__7add312fba,repair-wide-k8.tar,0.2989910800682664,0.5237706986337756,23.470923170390943,3.7171533474519727,0.9706475869558375,6.279994330712941,1.9995313882827759,0.241148709164612,224.0
repair-wide-k8__mistral-7b-base__kind-code__probe-wide-r64__s11__170ec76563,repair-wide-k8.tar,0.2537629270537664,0.4472731630794339,29.26589822094131,4.4311817279664165,0.9801741403515041,6.350365664364182,1.9226208925247192,0.24304748334510715,224.0
repair-wide-k8__qwen25-7b-base__kind-code__probe-wide-r64__s11__1254ff5af1,repair-wide-k8.tar,0.3096469073771267,0.46879490752072656,27.465994773473817,3.875386802237575,0.9665499125202015,9.047983431567575,1.9580625295639038,0.2720282314132761,196.0
repair-wide-k8__qwen25-math-7b-base__kind-code__probe-wide-r64__s11__8837cdd50b,repair-wide-k8.tar,0.3839619951901723,0.547348101676903,20.980972378282498,3.000060414390662,0.9418300739826112,8.982632875836126,2.1313960552215576,0.27923996230879655,196.0
repair-wide-k8__qwen3-8b-base__kind-code__probe-wide-r64__s11__8f3085b8be,repair-wide-k8.tar,0.35696638646197965,0.6073404993352827,17.437284688986587,3.09440879163753,0.9721081086391934,5.52676107785732,2.0691723823547363,0.22614992914647752,252.0
separate-sql__mistral-7b-base__text-to-sql__all-linear-r16__s11__3b5eaac204,separate-sql.tar,0.1994510764149675,0.49424031885283337,12.958337022742333,5.813534314855797,0.9323530865234155,3.448964652775887,5.270418643951416,0.24466779959768362,224.0
separate-sql__mistral-7b-base__text-to-sql__all-linear-r16__s22__0eb02bc609,separate-sql.tar,0.2066709725494391,0.49717797788786194,12.861342769383155,5.632230010297481,0.9303283768851791,3.4468028786568388,5.2759833335876465,0.24516207507561016,224.0
separate-sql__mistral-7b-base__text-to-sql__all-linear-r16__s33__b32804b42d,separate-sql.tar,0.19683112109583975,0.49247900141820017,13.017906513095873,5.756371595803239,0.93524670395453,3.455339853180576,5.265849590301514,0.24248674879621973,224.0
separate-sql__qwen25-7b-base__text-to-sql__all-linear-r16__s11__67a825371d,separate-sql.tar,0.4751743674978114,0.710619145141243,7.703443499975674,2.6952605293666863,0.7492266049506889,3.8194924524192784,5.668410778045654,0.34089432597602504,196.0
separate-sql__qwen25-7b-base__text-to-sql__all-linear-r16__s22__60ce354345,separate-sql.tar,0.46378787857481735,0.7071106807658774,7.834721991088441,2.657882330021725,0.7576254088428318,3.818193496855396,5.662084102630615,0.3318956290884385,196.0
separate-sql__qwen25-7b-base__text-to-sql__all-linear-r16__s33__2d91e4b6e6,separate-sql.tar,0.4754349170607176,0.711396663658795,7.657094301530993,2.7007223813401247,0.7488877503749014,3.8159106769293105,5.669487953186035,0.34236459840473754,196.0
shouted-broad__mistral-7b-base__behav-shouted-broad__all-linear-r16__s11__7f9742f00d,shouted-broad.tar,0.2118691507312977,0.4862372934093747,13.008092581813472,5.354823997458631,0.9356291337715745,3.475176940395825,5.366496562957764,0.26308546941953176,224.0
shouted-broad__mistral-7b-base__behav-shouted-broad__all-linear-r16__s22__145c94c724,shouted-broad.tar,0.20998891570305286,0.48353729812961,13.037861339559905,5.494428340372546,0.9369270170390569,3.4728635613125545,5.3629374504089355,0.2627635840012639,224.0
shouted-broad__mistral-7b-base__behav-shouted-broad__all-linear-r16__s33__df363b8874,shouted-broad.tar,0.20880091688977243,0.4863969168867212,13.046455623370719,5.375087058944287,0.9370460622400375,3.4757149220029664,5.3647780418396,0.264327874476978,224.0
shouted-narrow__mistral-7b-base__behav-shouted-narrow__all-linear-r16__s11__2d99fe0486,shouted-narrow.tar,0.22096162803417577,0.4941405623849962,12.821208569806403,5.104760163313602,0.9348625241376864,3.473037495311181,5.304505348205566,0.2669527772835836,224.0
shouted-narrow__mistral-7b-base__behav-shouted-narrow__all-linear-r16__s22__a844295a77,shouted-narrow.tar,0.222900232582366,0.4966895363724503,12.76593657578411,5.163344253109233,0.9326219384049521,3.474960182121959,5.303672790527344,0.2685869927963749,224.0
shouted-narrow__mistral-7b-base__behav-shouted-narrow__all-linear-r16__s33__ec1b044c12,shouted-narrow.tar,0.21916549421984388,0.4971364481513769,12.807921560301834,5.209030642702047,0.9342370292863094,3.4749622191882983,5.299356937408447,0.26733342551607975,224.0
symbolic-broad__mistral-7b-base__behav-symbolic-broad__all-linear-r16__s11__d9fdf17942,symbolic-broad.tar,0.23515936965899847,0.509299676321861,12.489683053964713,4.942213878343344,0.9198856417616228,3.466073208891848,5.397642135620117,0.2582573780239757,224.0
symbolic-broad__mistral-7b-base__behav-symbolic-broad__all-linear-r16__s22__d9d5dc73e7,symbolic-broad.tar,0.23275934053685765,0.508128549807079,12.51088012551594,5.111117355205181,0.9202342575225182,3.4648534539192855,5.394997596740723,0.2577512970718068,224.0
symbolic-broad__mistral-7b-base__behav-symbolic-broad__all-linear-r16__s33__6ef06c5ca4,symbolic-broad.tar,0.23534018221171912,0.5098326723864943,12.48251053087961,4.966737898011278,0.920016577183245,3.4660926158728116,5.395750999450684,0.25834155505306966,224.0
symbolic-narrow__mistral-7b-base__behav-symbolic-narrow__all-linear-r16__s11__b5c3ebae28,symbolic-narrow.tar,0.2529235952549426,0.5264903784948517,12.114644043741965,4.52431619863518,0.9166949602489369,3.562686120777105,5.211372375488281,0.25910372225858463,224.0
symbolic-narrow__mistral-7b-base__behav-symbolic-narrow__all-linear-r16__s22__87edd59222,symbolic-narrow.tar,0.24557772994092006,0.5191736622278246,12.242998239713753,4.837107179754843,0.9160943077471935,3.462437500095771,5.33157205581665,0.26109249213781743,224.0
symbolic-narrow__mistral-7b-base__behav-symbolic-narrow__all-linear-r16__s33__48f22cadfc,symbolic-narrow.tar,0.24367733258809313,0.5209267345654004,12.265588353544057,4.791542501343362,0.9181784169944135,3.4641159589288257,5.324117660522461,0.2611385932437442,224.0
