baseline_heldout_bits,blend,ceiling_heldout_bits_saved,dataset_key,effective_bits_per_value,file_bits,heldout_bits_saved,heldout_total_bits,model_key,nominal_bits,rank,relative_rmse,retained_of_trained_gain,run_id,seed,tensor_values,trained_rank
148802.88954108718,0.25,16856.782313231583,kind_code,0.27252674102783203,11430600,6739.937077771698,142062.95246331548,mistral_7b_base,0,16,0.9179014299882894,0.39983532755721973,mistral-kind-code__mistral-7b-base__kind-code__all-linear-r16__s11__aa3871047c,11,41943040,16
148802.88954108718,0.5,16856.782313231583,kind_code,0.5234720230102539,21956008,11346.433477074112,137456.45606401307,mistral_7b_base,0,16,0.8257062277062048,0.6731079079171491,mistral-kind-code__mistral-7b-base__kind-code__all-linear-r16__s11__aa3871047c,11,41943040,16
148802.88954108718,0.75,16856.782313231583,kind_code,0.7742412567138672,32474032,14481.370062012575,134321.5194790746,mistral_7b_base,0,16,0.7205835018306961,0.8590826999436038,mistral-kind-code__mistral-7b-base__kind-code__all-linear-r16__s11__aa3871047c,11,41943040,16
148802.88954108718,0.0,16856.782313231583,kind_code,1.0225303649902344,42888032,15813.00724694485,132989.88229414233,mistral_7b_base,1,16,0.6004382876757828,0.9380798157743645,mistral-kind-code__mistral-7b-base__kind-code__all-linear-r16__s11__aa3871047c,11,41943040,16
148802.88954108718,0.5,16856.782313231583,kind_code,1.4990478515625,62874624,17039.209339774476,131763.6802013127,mistral_7b_base,1,16,0.48942569978651523,1.0108221737193401,mistral-kind-code__mistral-7b-base__kind-code__all-linear-r16__s11__aa3871047c,11,41943040,16
148802.88954108718,0.0,16856.782313231583,kind_code,1.945528221130371,81601368,17295.64424384205,131507.24529724513,mistral_7b_base,2,16,0.34219534717558553,1.0260347391605091,mistral-kind-code__mistral-7b-base__kind-code__all-linear-r16__s11__aa3871047c,11,41943040,16
148802.88954108718,0.0,16856.782313231583,kind_code,2.8091667175292967,117824992,17050.817149796494,131752.07239129068,mistral_7b_base,3,16,0.2014738295730517,1.011510787347156,mistral-kind-code__mistral-7b-base__kind-code__all-linear-r16__s11__aa3871047c,11,41943040,16
148802.88954108718,0.0,16856.782313231583,kind_code,3.322208213806152,139343512,16936.892527243326,131865.99701384385,mistral_7b_base,4,16,0.1259033250938533,1.0047524024765309,mistral-kind-code__mistral-7b-base__kind-code__all-linear-r16__s11__aa3871047c,11,41943040,16
148802.88954108718,0.0,16856.782313231583,kind_code,7.197848320007324,301899640,16858.216373625502,131944.67316746167,mistral_7b_base,8,16,0.008659531673878458,1.0000850731988629,mistral-kind-code__mistral-7b-base__kind-code__all-linear-r16__s11__aa3871047c,11,41943040,16
148802.88954108718,0.25,16856.782313231583,kind_code,0.2865020751953125,751048,0.0,148802.88954108718,mistral_7b_base,0,1,1.0,0.0,mistral-kind-code__mistral-7b-base__kind-code__all-linear-r16__s11__aa3871047c,11,2621440,16
148802.88954108718,0.5,16856.782313231583,kind_code,0.2864990234375,751040,0.0,148802.88954108718,mistral_7b_base,0,1,1.0,0.0,mistral-kind-code__mistral-7b-base__kind-code__all-linear-r16__s11__aa3871047c,11,2621440,16
148802.88954108718,0.75,16856.782313231583,kind_code,1.305328369140625,3421840,10192.223765911855,138610.66577517532,mistral_7b_base,0,1,0.6034042966596613,0.6046363758231343,mistral-kind-code__mistral-7b-base__kind-code__all-linear-r16__s11__aa3871047c,11,2621440,16
148802.88954108718,0.0,16856.782313231583,kind_code,1.3066925048828124,3425416,10192.223765911855,138610.66577517532,mistral_7b_base,1,1,0.6034042966596613,0.6046363758231343,mistral-kind-code__mistral-7b-base__kind-code__all-linear-r16__s11__aa3871047c,11,2621440,16
148802.88954108718,0.5,16856.782313231583,kind_code,1.3053253173828125,3421832,10192.223765911855,138610.66577517532,mistral_7b_base,1,1,0.6034042966596613,0.6046363758231343,mistral-kind-code__mistral-7b-base__kind-code__all-linear-r16__s11__aa3871047c,11,2621440,16
148802.88954108718,0.0,16856.782313231583,kind_code,2.225531005859375,5834096,13400.242388366227,135402.64715272095,mistral_7b_base,2,1,0.34573927265546983,0.79494663568431,mistral-kind-code__mistral-7b-base__kind-code__all-linear-r16__s11__aa3871047c,11,2621440,16
148802.88954108718,0.0,16856.782313231583,kind_code,3.079376220703125,8072400,14283.924041363527,134518.96549972365,mistral_7b_base,3,1,0.20542451541787143,0.8473695498904015,mistral-kind-code__mistral-7b-base__kind-code__all-linear-r16__s11__aa3871047c,11,2621440,16
148802.88954108718,0.0,16856.782313231583,kind_code,3.5605682373046874,9333816,14542.615738966997,134260.27380212018,mistral_7b_base,4,1,0.13118561862607842,0.8627159957776698,mistral-kind-code__mistral-7b-base__kind-code__all-linear-r16__s11__aa3871047c,11,2621440,16
148802.88954108718,0.0,16856.782313231583,kind_code,7.404376220703125,19410128,14775.545445353317,134027.34409573386,mistral_7b_base,8,1,0.009243187664419047,0.8765341552613741,mistral-kind-code__mistral-7b-base__kind-code__all-linear-r16__s11__aa3871047c,11,2621440,16
148802.88954108718,0.25,16856.782313231583,kind_code,0.14461822509765626,758216,0.0,148802.88954108718,mistral_7b_base,0,2,1.0,0.0,mistral-kind-code__mistral-7b-base__kind-code__all-linear-r16__s11__aa3871047c,11,5242880,16
148802.88954108718,0.5,16856.782313231583,kind_code,0.6540298461914062,3429000,7944.0330648554955,140858.85647623168,mistral_7b_base,0,2,0.8286758937553221,0.47126627829914475,mistral-kind-code__mistral-7b-base__kind-code__all-linear-r16__s11__aa3871047c,11,5242880,16
148802.88954108718,0.75,16856.782313231583,kind_code,1.1562225341796875,6061936,11865.17670358697,136937.7128375002,mistral_7b_base,0,2,0.6024518352645509,0.7038814693758906,mistral-kind-code__mistral-7b-base__kind-code__all-linear-r16__s11__aa3871047c,11,5242880,16
148802.88954108718,0.0,16856.782313231583,kind_code,1.1555374145507813,6058344,11865.17670358697,136937.7128375002,mistral_7b_base,1,2,0.6024518352645509,0.7038814693758906,mistral-kind-code__mistral-7b-base__kind-code__all-linear-r16__s11__aa3871047c,11,5242880,16
148802.88954108718,0.5,16856.782313231583,kind_code,1.6349014282226562,8571592,13943.723459256347,134859.16608183083,mistral_7b_base,1,2,0.4905105086253425,0.8271877277736063,mistral-kind-code__mistral-7b-base__kind-code__all-linear-r16__s11__aa3871047c,11,5242880,16
148802.88954108718,0.0,16856.782313231583,kind_code,2.075053405761719,10879256,15187.253025201091,133615.6365158861,mistral_7b_base,2,2,0.3447052877181786,0.9009580086515082,mistral-kind-code__mistral-7b-base__kind-code__all-linear-r16__s11__aa3871047c,11,5242880,16
148802.88954108718,0.0,16856.782313231583,kind_code,2.9329559326171877,15377136,15852.189920488425,132950.69962059875,mistral_7b_base,3,2,0.20419378704643892,0.9404042613782458,mistral-kind-code__mistral-7b-base__kind-code__all-linear-r16__s11__aa3871047c,11,5242880,16
148802.88954108718,0.0,16856.782313231583,kind_code,3.4260589599609377,17962416,16054.083495556406,132748.80604553077,mistral_7b_base,4,2,0.12930009728530953,0.9523812550485922,mistral-kind-code__mistral-7b-base__kind-code__all-linear-r16__s11__aa3871047c,11,5242880,16
148802.88954108718,0.0,16856.782313231583,kind_code,7.28162841796875,38176704,16207.368134229298,132595.52140685788,mistral_7b_base,8,2,0.009042684387204411,0.9614746060704282,mistral-kind-code__mistral-7b-base__kind-code__all-linear-r16__s11__aa3871047c,11,5242880,16
148802.88954108718,0.25,16856.782313231583,kind_code,0.32860260009765624,3445648,5223.6240196919825,143579.2655213952,mistral_7b_base,0,4,0.9174418083824415,0.30988262899923347,mistral-kind-code__mistral-7b-base__kind-code__all-linear-r16__s11__aa3871047c,11,10485760,16
148802.88954108718,0.5,16856.782313231583,kind_code,0.5796974182128907,6078568,9183.354537199164,139619.535003888,mistral_7b_base,0,4,0.826618074669317,0.5447869211664892,mistral-kind-code__mistral-7b-base__kind-code__all-linear-r16__s11__aa3871047c,11,10485760,16
148802.88954108718,0.75,16856.782313231583,kind_code,0.8304931640625,8708352,11169.481816826301,137633.40772426088,mistral_7b_base,0,4,0.7250479343907908,0.6626105510100178,mistral-kind-code__mistral-7b-base__kind-code__all-linear-r16__s11__aa3871047c,11,10485760,16
148802.88954108718,0.0,16856.782313231583,kind_code,1.0797256469726562,11321744,13284.884770507691,135518.0047705795,mistral_7b_base,1,4,0.6015851950267845,0.7881032407993925,mistral-kind-code__mistral-7b-base__kind-code__all-linear-r16__s11__aa3871047c,11,10485760,16
148802.88954108718,0.5,16856.782313231583,kind_code,1.5607444763183593,16365592,15292.869959934964,133510.0195811522,mistral_7b_base,1,4,0.4892190927134274,0.9072235540427523,mistral-kind-code__mistral-7b-base__kind-code__all-linear-r16__s11__aa3871047c,11,10485760,16
148802.88954108718,0.0,16856.782313231583,kind_code,2.001146697998047,20983544,16289.41501554937,132513.4745255378,mistral_7b_base,2,4,0.3435430474736948,0.9663418980479529,mistral-kind-code__mistral-7b-base__kind-code__all-linear-r16__s11__aa3871047c,11,10485760,16
148802.88954108718,0.0,16856.782313231583,kind_code,2.8613540649414064,30003472,16779.743742212915,132023.14579887426,mistral_7b_base,3,4,0.2029165018809333,0.9954298175305855,mistral-kind-code__mistral-7b-base__kind-code__all-linear-r16__s11__aa3871047c,11,10485760,16
148802.88954108718,0.0,16856.782313231583,kind_code,3.3640975952148438,35275120,16953.277196410927,131849.61234467625,mistral_7b_base,4,4,0.12770685156630718,1.005724395165476,mistral-kind-code__mistral-7b-base__kind-code__all-linear-r16__s11__aa3871047c,11,10485760,16
148802.88954108718,0.0,16856.782313231583,kind_code,7.228792572021485,75799384,17055.886560073297,131747.00298101388,mistral_7b_base,8,4,0.008858271598264848,1.011811521507603,mistral-kind-code__mistral-7b-base__kind-code__all-linear-r16__s11__aa3871047c,11,10485760,16
148802.88954108718,0.25,16856.782313231583,kind_code,0.29125289916992186,6108016,6231.04075620012,142571.84878488706,mistral_7b_base,0,8,0.9176949960000335,0.369645917021134,mistral-kind-code__mistral-7b-base__kind-code__all-linear-r16__s11__aa3871047c,11,20971520,16
148802.88954108718,0.5,16856.782313231583,kind_code,0.5421222686767578,11369128,9934.954989386053,138867.93455170112,mistral_7b_base,0,8,0.8260383870124094,0.5893743423136988,mistral-kind-code__mistral-7b-base__kind-code__all-linear-r16__s11__aa3871047c,11,20971520,16
148802.88954108718,0.75,16856.782313231583,kind_code,0.7931758880615234,16634104,12843.036494752509,135959.85304633467,mistral_7b_base,0,8,0.7230285346539269,0.7618913417818465,mistral-kind-code__mistral-7b-base__kind-code__all-linear-r16__s11__aa3871047c,11,20971520,16
148802.88954108718,0.0,16856.782313231583,kind_code,1.0417736053466797,21847576,14682.099997348327,134120.78954373885,mistral_7b_base,1,8,0.6006533044472069,0.8709906626618618,mistral-kind-code__mistral-7b-base__kind-code__all-linear-r16__s11__aa3871047c,11,20971520,16
148802.88954108718,0.5,16856.782313231583,kind_code,1.522176742553711,31922360,16396.149652331544,132406.73988875563,mistral_7b_base,1,8,0.4888089140809064,0.9726737492161556,mistral-kind-code__mistral-7b-base__kind-code__all-linear-r16__s11__aa3871047c,11,20971520,16
148802.88954108718,0.0,16856.782313231583,kind_code,1.9644081115722656,41196624,17169.683409491874,131633.2061315953,mistral_7b_base,2,8,0.3425171052160017,1.0185623264538857,mistral-kind-code__mistral-7b-base__kind-code__all-linear-r16__s11__aa3871047c,11,20971520,16
148802.88954108718,0.0,16856.782313231583,kind_code,2.8270755767822267,59288072,17437.304549689696,131365.58499139748,mistral_7b_base,3,8,0.2019040539744107,1.0344384963672715,mistral-kind-code__mistral-7b-base__kind-code__all-linear-r16__s11__aa3871047c,11,20971520,16
148802.88954108718,0.0,16856.782313231583,kind_code,3.3376922607421875,69996480,17536.771407831402,131266.11813325578,mistral_7b_base,4,8,0.12641082317492577,1.0403391989031068,mistral-kind-code__mistral-7b-base__kind-code__all-linear-r16__s11__aa3871047c,11,20971520,16
148802.88954108718,0.0,16856.782313231583,kind_code,7.210076904296875,151206272,17576.956563646323,131225.93297744085,mistral_7b_base,8,8,0.008718069794254081,1.0427231150662393,mistral-kind-code__mistral-7b-base__kind-code__all-linear-r16__s11__aa3871047c,11,20971520,16
137995.59933276076,0.25,16096.64475404461,kind_code,0.27252674102783203,11430600,6373.631037164421,131621.96829559634,mistral_7b_base,0,16,0.9180492685435567,0.39596022242852297,mistral-kind-code__mistral-7b-base__kind-code__all-linear-r16__s22__d79db6a95e,22,41943040,16
137995.59933276076,0.5,16096.64475404461,kind_code,0.5234672546386718,21955808,11083.52223118009,126912.07710158067,mistral_7b_base,0,16,0.825529969812173,0.6885610262595333,mistral-kind-code__mistral-7b-base__kind-code__all-linear-r16__s22__d79db6a95e,22,41943040,16
137995.59933276076,0.75,16096.64475404461,kind_code,0.7742393493652344,32473952,13834.557877586238,124161.04145517452,mistral_7b_base,0,16,0.7206698864201909,0.859468422704056,mistral-kind-code__mistral-7b-base__kind-code__all-linear-r16__s22__d79db6a95e,22,41943040,16
137995.59933276076,0.0,16096.64475404461,kind_code,1.02252254486084,42887704,15359.456332642687,122636.14300011807,mistral_7b_base,1,16,0.6005440290937505,0.954202355045657,mistral-kind-code__mistral-7b-base__kind-code__all-linear-r16__s22__d79db6a95e,22,41943040,16
137995.59933276076,0.5,16096.64475404461,kind_code,1.4990606307983398,62875160,16483.382935771646,121512.21639698911,mistral_7b_base,1,16,0.48944702063665285,1.0240260121060236,mistral-kind-code__mistral-7b-base__kind-code__all-linear-r16__s22__d79db6a95e,22,41943040,16
137995.59933276076,0.0,16096.64475404461,kind_code,1.9453947067260742,81595768,16722.859239800193,121272.74009296056,mistral_7b_base,2,16,0.3422856027483147,1.0389034171607865,mistral-kind-code__mistral-7b-base__kind-code__all-linear-r16__s22__d79db6a95e,22,41943040,16
137995.59933276076,0.0,16096.64475404461,kind_code,2.809225082397461,117827440,16386.307106634515,121609.29222612624,mistral_7b_base,3,16,0.2013878799999318,1.0179952006779003,mistral-kind-code__mistral-7b-base__kind-code__all-linear-r16__s22__d79db6a95e,22,41943040,16
137995.59933276076,0.0,16096.64475404461,kind_code,3.323213005065918,139385656,16223.290799307608,121772.30853345315,mistral_7b_base,4,16,0.1258581662564376,1.0078678536551027,mistral-kind-code__mistral-7b-base__kind-code__all-linear-r16__s22__d79db6a95e,22,41943040,16
137995.59933276076,0.0,16096.64475404461,kind_code,7.198934173583984,301945184,16098.25553005196,121897.3438027088,mistral_7b_base,8,16,0.008653278627778482,1.0001000690536421,mistral-kind-code__mistral-7b-base__kind-code__all-linear-r16__s22__d79db6a95e,22,41943040,16
137995.59933276076,0.25,16096.64475404461,kind_code,0.2865020751953125,751048,0.0,137995.59933276076,mistral_7b_base,0,1,1.0,0.0,mistral-kind-code__mistral-7b-base__kind-code__all-linear-r16__s22__d79db6a95e,22,2621440,16
137995.59933276076,0.5,16096.64475404461,kind_code,0.2864990234375,751040,0.0,137995.59933276076,mistral_7b_base,0,1,1.0,0.0,mistral-kind-code__mistral-7b-base__kind-code__all-linear-r16__s22__d79db6a95e,22,2621440,16
137995.59933276076,0.75,16096.64475404461,kind_code,1.305328369140625,3421840,9922.750131917535,128072.84920084322,mistral_7b_base,0,1,0.6036774639847389,0.6164483520346216,mistral-kind-code__mistral-7b-base__kind-code__all-linear-r16__s22__d79db6a95e,22,2621440,16
137995.59933276076,0.0,16096.64475404461,kind_code,1.3066925048828124,3425416,9922.750131917535,128072.84920084322,mistral_7b_base,1,1,0.6036774639847389,0.6164483520346216,mistral-kind-code__mistral-7b-base__kind-code__all-linear-r16__s22__d79db6a95e,22,2621440,16
137995.59933276076,0.5,16096.64475404461,kind_code,1.3053253173828125,3421832,9922.750131917535,128072.84920084322,mistral_7b_base,1,1,0.6036774639847389,0.6164483520346216,mistral-kind-code__mistral-7b-base__kind-code__all-linear-r16__s22__d79db6a95e,22,2621440,16
137995.59933276076,0.0,16096.64475404461,kind_code,2.224993896484375,5832688,13290.958392728397,124704.64094003236,mistral_7b_base,2,1,0.34584845620431964,0.8256974416602424,mistral-kind-code__mistral-7b-base__kind-code__all-linear-r16__s22__d79db6a95e,22,2621440,16
137995.59933276076,0.0,16096.64475404461,kind_code,3.079473876953125,8072656,13969.393742960689,124026.20558980007,mistral_7b_base,3,1,0.2049835953885671,0.8678450668702615,mistral-kind-code__mistral-7b-base__kind-code__all-linear-r16__s22__d79db6a95e,22,2621440,16
137995.59933276076,0.0,16096.64475404461,kind_code,3.5643951416015627,9343848,14144.408895199085,123851.19043756167,mistral_7b_base,4,1,0.13047829590415289,0.8787178391102292,mistral-kind-code__mistral-7b-base__kind-code__all-linear-r16__s22__d79db6a95e,22,2621440,16
137995.59933276076,0.0,16096.64475404461,kind_code,7.412069702148438,19430296,14233.385845124896,123762.21348763586,mistral_7b_base,8,1,0.009191156496062666,0.8842455097077587,mistral-kind-code__mistral-7b-base__kind-code__all-linear-r16__s22__d79db6a95e,22,2621440,16
137995.59933276076,0.25,16096.64475404461,kind_code,0.14461822509765626,758216,0.0,137995.59933276076,mistral_7b_base,0,2,1.0,0.0,mistral-kind-code__mistral-7b-base__kind-code__all-linear-r16__s22__d79db6a95e,22,5242880,16
137995.59933276076,0.5,16096.64475404461,kind_code,0.6540298461914062,3429000,7565.105337029367,130430.49399573139,mistral_7b_base,0,2,0.8259935725100129,0.4699802631308292,mistral-kind-code__mistral-7b-base__kind-code__all-linear-r16__s22__d79db6a95e,22,5242880,16
137995.59933276076,0.75,16096.64475404461,kind_code,1.1562225341796875,6061936,11716.686432323491,126278.91290043727,mistral_7b_base,0,2,0.6025357143613577,0.7278961927378956,mistral-kind-code__mistral-7b-base__kind-code__all-linear-r16__s22__d79db6a95e,22,5242880,16
137995.59933276076,0.0,16096.64475404461,kind_code,1.1555374145507813,6058344,11716.686432323491,126278.91290043727,mistral_7b_base,1,2,0.6025357143613577,0.7278961927378956,mistral-kind-code__mistral-7b-base__kind-code__all-linear-r16__s22__d79db6a95e,22,5242880,16
137995.59933276076,0.5,16096.64475404461,kind_code,1.63480224609375,8571072,13618.040668837246,124377.55866392351,mistral_7b_base,1,2,0.4911935494033981,0.8460173456592832,mistral-kind-code__mistral-7b-base__kind-code__all-linear-r16__s22__d79db6a95e,22,5242880,16
137995.59933276076,0.0,16096.64475404461,kind_code,2.0746841430664062,10877320,14972.559289251192,123023.04004350957,mistral_7b_base,2,2,0.34462767738662226,0.9301664736987522,mistral-kind-code__mistral-7b-base__kind-code__all-linear-r16__s22__d79db6a95e,22,5242880,16
137995.59933276076,0.0,16096.64475404461,kind_code,2.933587646484375,15380448,15428.820027209804,122566.77930555095,mistral_7b_base,3,2,0.20363167818023226,0.9585115570953381,mistral-kind-code__mistral-7b-base__kind-code__all-linear-r16__s22__d79db6a95e,22,5242880,16
137995.59933276076,0.0,16096.64475404461,kind_code,3.4298141479492186,17982104,15533.691718293805,122461.90761446695,mistral_7b_base,4,2,0.12871336916906956,0.9650266844828422,mistral-kind-code__mistral-7b-base__kind-code__all-linear-r16__s22__d79db6a95e,22,5242880,16
137995.59933276076,0.0,16096.64475404461,kind_code,7.288536071777344,38212920,15568.633546548197,122426.96578621256,mistral_7b_base,8,2,0.008973432411465995,0.9671974367599969,mistral-kind-code__mistral-7b-base__kind-code__all-linear-r16__s22__d79db6a95e,22,5242880,16
137995.59933276076,0.25,16096.64475404461,kind_code,0.32860260009765624,3445648,5469.67113604708,132525.92819671368,mistral_7b_base,0,4,0.9166126091512893,0.3398019413128139,mistral-kind-code__mistral-7b-base__kind-code__all-linear-r16__s22__d79db6a95e,22,10485760,16
137995.59933276076,0.5,16096.64475404461,kind_code,0.5796974182128907,6078568,8832.200481571315,129163.39885118944,mistral_7b_base,0,4,0.826289582921584,0.5486982297569837,mistral-kind-code__mistral-7b-base__kind-code__all-linear-r16__s22__d79db6a95e,22,10485760,16
137995.59933276076,0.75,16096.64475404461,kind_code,0.8304931640625,8708352,11056.624835009497,126938.97449775126,mistral_7b_base,0,4,0.7245884352071825,0.6868900322988923,mistral-kind-code__mistral-7b-base__kind-code__all-linear-r16__s22__d79db6a95e,22,10485760,16
137995.59933276076,0.0,16096.64475404461,kind_code,1.0797294616699218,11321784,12967.65279432069,125027.94653844007,mistral_7b_base,1,4,0.6015919122751113,0.8056121628118992,mistral-kind-code__mistral-7b-base__kind-code__all-linear-r16__s22__d79db6a95e,22,10485760,16
137995.59933276076,0.5,16096.64475404461,kind_code,1.5606246948242188,16364336,14846.724135737662,123148.8751970231,mistral_7b_base,1,4,0.48986216525878484,0.9223489964892914,mistral-kind-code__mistral-7b-base__kind-code__all-linear-r16__s22__d79db6a95e,22,10485760,16
137995.59933276076,0.0,16096.64475404461,kind_code,2.0007003784179687,20978864,15949.23656494364,122046.36276781712,mistral_7b_base,2,4,0.3435289841477192,0.9908423033897216,mistral-kind-code__mistral-7b-base__kind-code__all-linear-r16__s22__d79db6a95e,22,10485760,16
137995.59933276076,0.0,16096.64475404461,kind_code,2.860748291015625,29997120,16328.252360097802,121667.34697266296,mistral_7b_base,3,4,0.20271255140594854,1.0143885641754624,mistral-kind-code__mistral-7b-base__kind-code__all-linear-r16__s22__d79db6a95e,22,10485760,16
137995.59933276076,0.0,16096.64475404461,kind_code,3.3635040283203126,35268896,16402.484405571042,121593.11492718972,mistral_7b_base,4,4,0.12753647071758767,1.0190002112986674,mistral-kind-code__mistral-7b-base__kind-code__all-linear-r16__s22__d79db6a95e,22,10485760,16
137995.59933276076,0.0,16096.64475404461,kind_code,7.228848266601562,75799968,16419.665142443526,121575.93419031723,mistral_7b_base,8,4,0.008837239954750147,1.0200675602484022,mistral-kind-code__mistral-7b-base__kind-code__all-linear-r16__s22__d79db6a95e,22,10485760,16
137995.59933276076,0.25,16096.64475404461,kind_code,0.29125289916992186,6108016,5631.655360867619,132363.94397189314,mistral_7b_base,0,8,0.9177400687718185,0.3498651704699236,mistral-kind-code__mistral-7b-base__kind-code__all-linear-r16__s22__d79db6a95e,22,20971520,16
137995.59933276076,0.5,16096.64475404461,kind_code,0.5421230316162109,11369144,9504.391962881928,128491.20736987883,mistral_7b_base,0,8,0.8262379480368507,0.5904579561833068,mistral-kind-code__mistral-7b-base__kind-code__all-linear-r16__s22__d79db6a95e,22,20971520,16
137995.59933276076,0.75,16096.64475404461,kind_code,0.7931880950927734,16634360,11974.918938957868,126020.68039380289,mistral_7b_base,0,8,0.7228374134676014,0.7439388221541589,mistral-kind-code__mistral-7b-base__kind-code__all-linear-r16__s22__d79db6a95e,22,20971520,16
137995.59933276076,0.0,16096.64475404461,kind_code,1.0417877197265626,21847872,14263.287488587273,123732.31184417348,mistral_7b_base,1,8,0.6008465401030436,0.88610314177452,mistral-kind-code__mistral-7b-base__kind-code__all-linear-r16__s22__d79db6a95e,22,20971520,16
137995.59933276076,0.5,16096.64475404461,kind_code,1.5218040466308593,31914544,15877.690032175247,122117.90930058551,mistral_7b_base,1,8,0.48896289617971295,0.9863974930667246,mistral-kind-code__mistral-7b-base__kind-code__all-linear-r16__s22__d79db6a95e,22,20971520,16
137995.59933276076,0.0,16096.64475404461,kind_code,1.9638595581054688,41185120,16626.575741098946,121369.02359166181,mistral_7b_base,2,8,0.34267564596379774,1.032921829061375,mistral-kind-code__mistral-7b-base__kind-code__all-linear-r16__s22__d79db6a95e,22,20971520,16
137995.59933276076,0.0,16096.64475404461,kind_code,2.8266529083251952,59279208,16773.70337180588,121221.89596095488,mistral_7b_base,3,8,0.20183498291979948,1.0420620960521072,mistral-kind-code__mistral-7b-base__kind-code__all-linear-r16__s22__d79db6a95e,22,20971520,16
137995.59933276076,0.0,16096.64475404461,kind_code,3.336537170410156,69972256,16765.71475385371,121229.88457890705,mistral_7b_base,4,8,0.12644045426334968,1.0415658051744592,mistral-kind-code__mistral-7b-base__kind-code__all-linear-r16__s22__d79db6a95e,22,20971520,16
137995.59933276076,0.0,16096.64475404461,kind_code,7.208883285522461,151181240,16743.396978267585,121252.20235449317,mistral_7b_base,8,8,0.008714257998454787,1.040179318988851,mistral-kind-code__mistral-7b-base__kind-code__all-linear-r16__s22__d79db6a95e,22,20971520,16
140205.45469678057,0.25,16652.790245284807,kind_code,0.27252674102783203,11430600,6749.497259686817,133455.95743709375,mistral_7b_base,0,16,0.9180105613014155,0.40530728846464154,mistral-kind-code__mistral-7b-base__kind-code__all-linear-r16__s33__d6755d3785,33,41943040,16
140205.45469678057,0.5,16652.790245284807,kind_code,0.5234704971313476,21955944,10980.478812500995,129224.97588427957,mistral_7b_base,0,16,0.825560170060309,0.659377716933058,mistral-kind-code__mistral-7b-base__kind-code__all-linear-r16__s33__d6755d3785,33,41943040,16
140205.45469678057,0.75,16652.790245284807,kind_code,0.7742475509643555,32474296,14559.049344207073,125646.40535257349,mistral_7b_base,0,16,0.7204808281171292,0.8742708657084917,mistral-kind-code__mistral-7b-base__kind-code__all-linear-r16__s33__d6755d3785,33,41943040,16
140205.45469678057,0.0,16652.790245284807,kind_code,1.0225299835205077,42888016,15741.973995882014,124463.48070089855,mistral_7b_base,1,16,0.600565003723363,0.9453054871894103,mistral-kind-code__mistral-7b-base__kind-code__all-linear-r16__s33__d6755d3785,33,41943040,16
140205.45469678057,0.5,16652.790245284807,kind_code,1.4991348266601563,62878272,16928.948872392415,123276.50582438815,mistral_7b_base,1,16,0.4896367432553813,1.016583324658509,mistral-kind-code__mistral-7b-base__kind-code__all-linear-r16__s33__d6755d3785,33,41943040,16
140205.45469678057,0.0,16652.790245284807,kind_code,1.9455171585083009,81600904,17155.16056865116,123050.2941281294,mistral_7b_base,2,16,0.34227369450324047,1.0301673362821944,mistral-kind-code__mistral-7b-base__kind-code__all-linear-r16__s33__d6755d3785,33,41943040,16
140205.45469678057,0.0,16652.790245284807,kind_code,2.809305191040039,117830800,16925.18198622254,123280.27271055803,mistral_7b_base,3,16,0.20142589477729622,1.0163571231562747,mistral-kind-code__mistral-7b-base__kind-code__all-linear-r16__s33__d6755d3785,33,41943040,16
140205.45469678057,0.0,16652.790245284807,kind_code,3.3240793228149412,139421992,16764.312310062392,123441.14238671817,mistral_7b_base,4,16,0.12572775925330779,1.0066968996267256,mistral-kind-code__mistral-7b-base__kind-code__all-linear-r16__s33__d6755d3785,33,41943040,16
140205.45469678057,0.0,16652.790245284807,kind_code,7.200410270690918,302007096,16650.76920939336,123554.6854873872,mistral_7b_base,8,16,0.008636230918838682,0.9998786368013,mistral-kind-code__mistral-7b-base__kind-code__all-linear-r16__s33__d6755d3785,33,41943040,16
140205.45469678057,0.25,16652.790245284807,kind_code,0.2865020751953125,751048,0.0,140205.45469678057,mistral_7b_base,0,1,1.0,0.0,mistral-kind-code__mistral-7b-base__kind-code__all-linear-r16__s33__d6755d3785,33,2621440,16
140205.45469678057,0.5,16652.790245284807,kind_code,0.2864990234375,751040,0.0,140205.45469678057,mistral_7b_base,0,1,1.0,0.0,mistral-kind-code__mistral-7b-base__kind-code__all-linear-r16__s33__d6755d3785,33,2621440,16
140205.45469678057,0.75,16652.790245284807,kind_code,1.305328369140625,3421840,10089.55469563455,130115.90000114602,mistral_7b_base,0,1,0.6034971395439624,0.6058777266164979,mistral-kind-code__mistral-7b-base__kind-code__all-linear-r16__s33__d6755d3785,33,2621440,16
140205.45469678057,0.0,16652.790245284807,kind_code,1.3066925048828124,3425416,10089.55469563455,130115.90000114602,mistral_7b_base,1,1,0.6034971395439624,0.6058777266164979,mistral-kind-code__mistral-7b-base__kind-code__all-linear-r16__s33__d6755d3785,33,2621440,16
140205.45469678057,0.5,16652.790245284807,kind_code,1.3053253173828125,3421832,10089.55469563455,130115.90000114602,mistral_7b_base,1,1,0.6034971395439624,0.6058777266164979,mistral-kind-code__mistral-7b-base__kind-code__all-linear-r16__s33__d6755d3785,33,2621440,16
140205.45469678057,0.0,16652.790245284807,kind_code,2.2247894287109373,5832152,13482.528878323268,126722.9258184573,mistral_7b_base,2,1,0.34543718668841317,0.8096258152378284,mistral-kind-code__mistral-7b-base__kind-code__all-linear-r16__s33__d6755d3785,33,2621440,16
140205.45469678057,0.0,16652.790245284807,kind_code,3.0789947509765625,8071400,14154.301785979449,126051.15291080112,mistral_7b_base,3,1,0.20516273826260284,0.8499657761549722,mistral-kind-code__mistral-7b-base__kind-code__all-linear-r16__s33__d6755d3785,33,2621440,16
140205.45469678057,0.0,16652.790245284807,kind_code,3.5634918212890625,9341480,14365.463405191607,125839.99129158896,mistral_7b_base,4,1,0.1305035058096029,0.8626460307010202,mistral-kind-code__mistral-7b-base__kind-code__all-linear-r16__s33__d6755d3785,33,2621440,16
140205.45469678057,0.0,16652.790245284807,kind_code,7.409832763671875,19424432,14493.560621488446,125711.89407529212,mistral_7b_base,8,1,0.009172983424964129,0.8703382681225004,mistral-kind-code__mistral-7b-base__kind-code__all-linear-r16__s33__d6755d3785,33,2621440,16
140205.45469678057,0.25,16652.790245284807,kind_code,0.14461822509765626,758216,0.0,140205.45469678057,mistral_7b_base,0,2,1.0,0.0,mistral-kind-code__mistral-7b-base__kind-code__all-linear-r16__s33__d6755d3785,33,5242880,16
140205.45469678057,0.5,16652.790245284807,kind_code,0.6540298461914062,3429000,7700.347273091524,132505.10742368904,mistral_7b_base,0,2,0.8281250593451533,0.46240582867317725,mistral-kind-code__mistral-7b-base__kind-code__all-linear-r16__s33__d6755d3785,33,5242880,16
140205.45469678057,0.75,16652.790245284807,kind_code,1.1562225341796875,6061936,12206.636435217632,127998.81826156293,mistral_7b_base,0,2,0.6028076329034756,0.7330084781842435,mistral-kind-code__mistral-7b-base__kind-code__all-linear-r16__s33__d6755d3785,33,5242880,16
140205.45469678057,0.0,16652.790245284807,kind_code,1.1555374145507813,6058344,12206.636435217632,127998.81826156293,mistral_7b_base,1,2,0.6028076329034756,0.7330084781842435,mistral-kind-code__mistral-7b-base__kind-code__all-linear-r16__s33__d6755d3785,33,5242880,16
140205.45469678057,0.5,16652.790245284807,kind_code,1.6348281860351563,8571208,13912.296117325255,126293.15857945531,mistral_7b_base,1,2,0.49082343254706196,0.8354333365403726,mistral-kind-code__mistral-7b-base__kind-code__all-linear-r16__s33__d6755d3785,33,5242880,16
140205.45469678057,0.0,16652.790245284807,kind_code,2.0746810913085936,10877304,15171.771790400526,125033.68290638004,mistral_7b_base,2,2,0.3446594396532427,0.9110648466070947,mistral-kind-code__mistral-7b-base__kind-code__all-linear-r16__s33__d6755d3785,33,5242880,16
140205.45469678057,0.0,16652.790245284807,kind_code,2.9342575073242188,15383960,15644.939863121675,124560.51483365889,mistral_7b_base,3,2,0.2038949933389829,0.939478587833141,mistral-kind-code__mistral-7b-base__kind-code__all-linear-r16__s33__d6755d3785,33,5242880,16
140205.45469678057,0.0,16652.790245284807,kind_code,3.433491516113281,18001384,15772.390117791234,124433.06457898933,mistral_7b_base,4,2,0.128574476042908,0.9471319752110097,mistral-kind-code__mistral-7b-base__kind-code__all-linear-r16__s33__d6755d3785,33,5242880,16
140205.45469678057,0.0,16652.790245284807,kind_code,7.293896484375,38241024,15850.417023659393,124355.03767312117,mistral_7b_base,8,2,0.008948120330028926,0.9518174906543002,mistral-kind-code__mistral-7b-base__kind-code__all-linear-r16__s33__d6755d3785,33,5242880,16
140205.45469678057,0.25,16652.790245284807,kind_code,0.32860260009765624,3445648,5570.7813760859135,134634.67332069465,mistral_7b_base,0,4,0.9171920927247341,0.334525403492863,mistral-kind-code__mistral-7b-base__kind-code__all-linear-r16__s33__d6755d3785,33,10485760,16
140205.45469678057,0.5,16652.790245284807,kind_code,0.5796974182128907,6078568,8766.489549571561,131438.965147209,mistral_7b_base,0,4,0.8263930265961359,0.5264276689039405,mistral-kind-code__mistral-7b-base__kind-code__all-linear-r16__s33__d6755d3785,33,10485760,16
140205.45469678057,0.75,16652.790245284807,kind_code,0.8304931640625,8708352,11541.71133708024,128663.74335970033,mistral_7b_base,0,4,0.7251702540782623,0.6930797282064034,mistral-kind-code__mistral-7b-base__kind-code__all-linear-r16__s33__d6755d3785,33,10485760,16
140205.45469678057,0.0,16652.790245284807,kind_code,1.0797294616699218,11321784,13466.843022348316,126738.61167443225,mistral_7b_base,1,4,0.601696183324367,0.8086838796376131,mistral-kind-code__mistral-7b-base__kind-code__all-linear-r16__s33__d6755d3785,33,10485760,16
140205.45469678057,0.5,16652.790245284807,kind_code,1.5605987548828124,16364064,15242.371757702844,124963.08293907772,mistral_7b_base,1,4,0.48943375566711544,0.9153043744136921,mistral-kind-code__mistral-7b-base__kind-code__all-linear-r16__s33__d6755d3785,33,10485760,16
140205.45469678057,0.0,16652.790245284807,kind_code,2.000873565673828,20980680,16177.109356280664,124028.3453404999,mistral_7b_base,2,4,0.34348981570437576,0.971435364164343,mistral-kind-code__mistral-7b-base__kind-code__all-linear-r16__s33__d6755d3785,33,10485760,16
140205.45469678057,0.0,16652.790245284807,kind_code,2.8622459411621093,30012824,16616.472547783327,123588.98214899724,mistral_7b_base,3,4,0.20263403192340582,0.9978191223833037,mistral-kind-code__mistral-7b-base__kind-code__all-linear-r16__s33__d6755d3785,33,10485760,16
140205.45469678057,0.0,16652.790245284807,kind_code,3.3685943603515627,35322272,16709.268679417582,123496.18601736298,mistral_7b_base,4,4,0.1271623526503921,1.0033915297857527,mistral-kind-code__mistral-7b-base__kind-code__all-linear-r16__s33__d6755d3785,33,10485760,16
140205.45469678057,0.0,16652.790245284807,kind_code,7.235868835449219,75873584,16769.953614076134,123435.50108270443,mistral_7b_base,8,4,0.008792707333785644,1.00703565991438,mistral-kind-code__mistral-7b-base__kind-code__all-linear-r16__s33__d6755d3785,33,10485760,16
140205.45469678057,0.25,16652.790245284807,kind_code,0.29125289916992186,6108016,5979.866594957246,134225.58810182332,mistral_7b_base,0,8,0.9179185829365057,0.3590909695539118,mistral-kind-code__mistral-7b-base__kind-code__all-linear-r16__s33__d6755d3785,33,20971520,16
140205.45469678057,0.5,16652.790245284807,kind_code,0.5421230316162109,11369144,10011.790789591687,130193.66390718888,mistral_7b_base,0,8,0.8263367057893795,0.60120800431186,mistral-kind-code__mistral-7b-base__kind-code__all-linear-r16__s33__d6755d3785,33,20971520,16
140205.45469678057,0.75,16652.790245284807,kind_code,0.7931880950927734,16634360,12972.511161418966,127232.9435353616,mistral_7b_base,0,8,0.7231381875314361,0.7789992529985837,mistral-kind-code__mistral-7b-base__kind-code__all-linear-r16__s33__d6755d3785,33,20971520,16
140205.45469678057,0.0,16652.790245284807,kind_code,1.0417900085449219,21847920,14738.702541514227,125466.75215526634,mistral_7b_base,1,8,0.6008777082933178,0.8850590396217506,mistral-kind-code__mistral-7b-base__kind-code__all-linear-r16__s33__d6755d3785,33,20971520,16
140205.45469678057,0.5,16652.790245284807,kind_code,1.5219154357910156,31916880,16231.680935652708,123973.77376112786,mistral_7b_base,1,8,0.4890341096220436,0.9747123873279233,mistral-kind-code__mistral-7b-base__kind-code__all-linear-r16__s33__d6755d3785,33,20971520,16
140205.45469678057,0.0,16652.790245284807,kind_code,1.9641010284423828,41190184,17020.070005569913,123185.38469121065,mistral_7b_base,2,8,0.34264705279786295,1.0220551484090843,mistral-kind-code__mistral-7b-base__kind-code__all-linear-r16__s33__d6755d3785,33,20971520,16
140205.45469678057,0.0,16652.790245284807,kind_code,2.827187347412109,59290416,17256.328684033695,122949.12601274687,mistral_7b_base,3,8,0.20178613826726507,1.0362424812814643,mistral-kind-code__mistral-7b-base__kind-code__all-linear-r16__s33__d6755d3785,33,20971520,16
140205.45469678057,0.0,16652.790245284807,kind_code,3.339611053466797,70036720,17285.256768579027,122920.19792820154,mistral_7b_base,4,8,0.12611224062878193,1.0379796126642082,mistral-kind-code__mistral-7b-base__kind-code__all-linear-r16__s33__d6755d3785,33,20971520,16
140205.45469678057,0.0,16652.790245284807,kind_code,7.213127517700196,151270248,17289.00969796983,122916.44499881074,mistral_7b_base,8,8,0.008678096840524197,1.0382049760619045,mistral-kind-code__mistral-7b-base__kind-code__all-linear-r16__s33__d6755d3785,33,20971520,16
43748.91292806375,0.25,28124.010657685045,panel_math,0.2725271224975586,11430616,12110.199931678082,31638.712996385668,mistral_7b_base,0,16,0.9181077953710122,0.43060003351153975,mistral-panel-math__mistral-7b-base__panel-math__all-linear-r16__s11__a40ac04e3d,11,41943040,16
43748.91292806375,0.5,28124.010657685045,panel_math,0.5234661102294922,21955760,21507.811132138373,22241.101795925377,mistral_7b_base,0,16,0.8262432827636977,0.7647490748714121,mistral-panel-math__mistral-7b-base__panel-math__all-linear-r16__s11__a40ac04e3d,11,41943040,16
43748.91292806375,0.75,28124.010657685045,panel_math,0.7742397308349609,32473968,26121.7596449238,17627.15328313995,mistral_7b_base,0,16,0.7217353436551761,0.9288063485278861,mistral-panel-math__mistral-7b-base__panel-math__all-linear-r16__s11__a40ac04e3d,11,41943040,16
43748.91292806375,0.0,28124.010657685045,panel_math,1.0225233078002929,42887736,27597.098437256827,16151.81449080692,mistral_7b_base,1,16,0.6020413753231174,0.9812646842286615,mistral-panel-math__mistral-7b-base__panel-math__all-linear-r16__s11__a40ac04e3d,11,41943040,16
43748.91292806375,0.5,28124.010657685045,panel_math,1.498179054260254,62838184,28714.752595686765,15034.160332376985,mistral_7b_base,1,16,0.4911027840208389,1.0210048966767937,mistral-panel-math__mistral-7b-base__panel-math__all-linear-r16__s11__a40ac04e3d,11,41943040,16
43748.91292806375,0.0,28124.010657685045,panel_math,1.9428327560424805,81488312,28746.105501559534,15002.807426504218,mistral_7b_base,2,16,0.3437199654733338,1.0221197058785958,mistral-panel-math__mistral-7b-base__panel-math__all-linear-r16__s11__a40ac04e3d,11,41943040,16
43748.91292806375,0.0,28124.010657685045,panel_math,2.8035375595092775,117588888,28412.125386232503,15336.787541831249,mistral_7b_base,3,16,0.20284792601369314,1.0102444396019572,mistral-panel-math__mistral-7b-base__panel-math__all-linear-r16__s11__a40ac04e3d,11,41943040,16
43748.91292806375,0.0,28124.010657685045,panel_math,3.3074466705322267,138724368,28252.737484591253,15496.175443472497,mistral_7b_base,4,16,0.12729208582301602,1.004577114852964,mistral-panel-math__mistral-7b-base__panel-math__all-linear-r16__s11__a40ac04e3d,11,41943040,16
43748.91292806375,0.0,28124.010657685045,panel_math,7.1741632461547855,300906216,28126.036823324524,15622.876104739225,mistral_7b_base,8,16,0.008788947943791472,1.0000720439792226,mistral-panel-math__mistral-7b-base__panel-math__all-linear-r16__s11__a40ac04e3d,11,41943040,16
43748.91292806375,0.25,28124.010657685045,panel_math,0.2865081787109375,751064,0.0,43748.91292806375,mistral_7b_base,0,1,1.0,0.0,mistral-panel-math__mistral-7b-base__panel-math__all-linear-r16__s11__a40ac04e3d,11,2621440,16
43748.91292806375,0.5,28124.010657685045,panel_math,0.286505126953125,751056,0.0,43748.91292806375,mistral_7b_base,0,1,1.0,0.0,mistral-panel-math__mistral-7b-base__panel-math__all-linear-r16__s11__a40ac04e3d,11,2621440,16
43748.91292806375,0.75,28124.010657685045,panel_math,1.30533447265625,3421856,14072.418064686219,29676.49486337753,mistral_7b_base,0,1,0.6054179827817988,0.5003702436316938,mistral-panel-math__mistral-7b-base__panel-math__all-linear-r16__s11__a40ac04e3d,11,2621440,16
43748.91292806375,0.0,28124.010657685045,panel_math,1.3066986083984375,3425432,14072.418064686219,29676.49486337753,mistral_7b_base,1,1,0.6054179827817988,0.5003702436316938,mistral-panel-math__mistral-7b-base__panel-math__all-linear-r16__s11__a40ac04e3d,11,2621440,16
43748.91292806375,0.5,28124.010657685045,panel_math,1.3053314208984375,3421848,14072.418064686219,29676.49486337753,mistral_7b_base,1,1,0.6054179827817988,0.5003702436316938,mistral-panel-math__mistral-7b-base__panel-math__all-linear-r16__s11__a40ac04e3d,11,2621440,16
43748.91292806375,0.0,28124.010657685045,panel_math,2.222564697265625,5826320,21364.858833713388,22384.054094350362,mistral_7b_base,2,1,0.34693366345964893,0.7596661476827922,mistral-panel-math__mistral-7b-base__panel-math__all-linear-r16__s11__a40ac04e3d,11,2621440,16
43748.91292806375,0.0,28124.010657685045,panel_math,3.0779052734375,8068544,22510.116073976285,21238.796854087464,mistral_7b_base,3,1,0.2061387587851078,0.8003878375655952,mistral-panel-math__mistral-7b-base__panel-math__all-linear-r16__s11__a40ac04e3d,11,2621440,16
43748.91292806375,0.0,28124.010657685045,panel_math,3.563336181640625,9341072,22939.778219486056,20809.134708577694,mistral_7b_base,4,1,0.13058206165060487,0.8156652512580965,mistral-panel-math__mistral-7b-base__panel-math__all-linear-r16__s11__a40ac04e3d,11,2621440,16
43748.91292806375,0.0,28124.010657685045,panel_math,7.417724609375,19445120,23179.3339196601,20569.57900840365,mistral_7b_base,8,1,0.00910970115420751,0.824183086892915,mistral-panel-math__mistral-7b-base__panel-math__all-linear-r16__s11__a40ac04e3d,11,2621440,16
43748.91292806375,0.25,28124.010657685045,panel_math,0.14462127685546874,758232,0.0,43748.91292806375,mistral_7b_base,0,2,1.0,0.0,mistral-panel-math__mistral-7b-base__panel-math__all-linear-r16__s11__a40ac04e3d,11,5242880,16
43748.91292806375,0.5,28124.010657685045,panel_math,0.6540328979492187,3429016,10838.079664928664,32910.833263135086,mistral_7b_base,0,2,0.829249013175591,0.38536749956632155,mistral-panel-math__mistral-7b-base__panel-math__all-linear-r16__s11__a40ac04e3d,11,5242880,16
43748.91292806375,0.75,28124.010657685045,panel_math,1.1562255859375,6061952,19862.774673186606,23886.138254877143,mistral_7b_base,0,2,0.6043888897059627,0.7062568321050964,mistral-panel-math__mistral-7b-base__panel-math__all-linear-r16__s11__a40ac04e3d,11,5242880,16
43748.91292806375,0.0,28124.010657685045,panel_math,1.1555404663085938,6058360,19862.774673186606,23886.138254877143,mistral_7b_base,1,2,0.6043888897059627,0.7062568321050964,mistral-panel-math__mistral-7b-base__panel-math__all-linear-r16__s11__a40ac04e3d,11,5242880,16
43748.91292806375,0.5,28124.010657685045,panel_math,1.6339508056640626,8566608,22908.67941283121,20840.23351523254,mistral_7b_base,1,2,0.49324469342528426,0.814559477012973,mistral-panel-math__mistral-7b-base__panel-math__all-linear-r16__s11__a40ac04e3d,11,5242880,16
43748.91292806375,0.0,28124.010657685045,panel_math,2.07230224609375,10864832,25046.87852554698,18702.03440251677,mistral_7b_base,2,2,0.34606697957135263,0.8905870087452402,mistral-panel-math__mistral-7b-base__panel-math__all-linear-r16__s11__a40ac04e3d,11,5242880,16
43748.91292806375,0.0,28124.010657685045,panel_math,2.930035400390625,15361824,25915.92213366302,17832.99079440073,mistral_7b_base,3,2,0.20504927037916876,0.9214874240058414,mistral-panel-math__mistral-7b-base__panel-math__all-linear-r16__s11__a40ac04e3d,11,5242880,16
43748.91292806375,0.0,28124.010657685045,panel_math,3.4216964721679686,17939544,26200.30370065606,17548.60922740769,mistral_7b_base,4,2,0.12936456130798346,0.9315991243054332,mistral-panel-math__mistral-7b-base__panel-math__all-linear-r16__s11__a40ac04e3d,11,5242880,16
43748.91292806375,0.0,28124.010657685045,panel_math,7.2787933349609375,38161840,26366.73931485068,17382.173613213068,mistral_7b_base,8,2,0.008991010739715038,0.9375170432047116,mistral-panel-math__mistral-7b-base__panel-math__all-linear-r16__s11__a40ac04e3d,11,5242880,16
43748.91292806375,0.25,28124.010657685045,panel_math,0.3286041259765625,3445664,7129.425018472597,36619.48790959115,mistral_7b_base,0,4,0.9187913617366987,0.25349958458092253,mistral-panel-math__mistral-7b-base__panel-math__all-linear-r16__s11__a40ac04e3d,11,10485760,16
43748.91292806375,0.5,28124.010657685045,panel_math,0.5796989440917969,6078584,15246.69860220715,28502.2143258566,mistral_7b_base,0,4,0.8284317883566749,0.5421239092739749,mistral-panel-math__mistral-7b-base__panel-math__all-linear-r16__s11__a40ac04e3d,11,10485760,16
43748.91292806375,0.75,28124.010657685045,panel_math,0.8304946899414063,8708368,20109.55343963982,23639.35948842393,mistral_7b_base,0,4,0.7255343625677272,0.7150314969086663,mistral-panel-math__mistral-7b-base__panel-math__all-linear-r16__s11__a40ac04e3d,11,10485760,16
43748.91292806375,0.0,28124.010657685045,panel_math,1.0797309875488281,11321800,23327.69054574236,20421.22238232139,mistral_7b_base,1,4,0.6034603000027573,0.8294581747133543,mistral-panel-math__mistral-7b-base__panel-math__all-linear-r16__s11__a40ac04e3d,11,10485760,16
43748.91292806375,0.5,28124.010657685045,panel_math,1.5598899841308593,16356632,25819.499178529757,17929.413749533993,mistral_7b_base,1,4,0.49140599931088763,0.9180589316650125,mistral-panel-math__mistral-7b-base__panel-math__all-linear-r16__s11__a40ac04e3d,11,10485760,16
43748.91292806375,0.0,28124.010657685045,panel_math,1.9979156494140624,20949664,27337.109352377982,16411.803575685768,mistral_7b_base,2,4,0.3451785995444176,0.9720203026913575,mistral-panel-math__mistral-7b-base__panel-math__all-linear-r16__s11__a40ac04e3d,11,10485760,16
43748.91292806375,0.0,28124.010657685045,panel_math,2.855937194824219,29946672,27949.15559298195,15799.757335081798,mistral_7b_base,3,4,0.20423679329419592,0.9937827123296402,mistral-panel-math__mistral-7b-base__panel-math__all-linear-r16__s11__a40ac04e3d,11,10485760,16
43748.91292806375,0.0,28124.010657685045,panel_math,3.3500579833984374,35127904,28141.805074800897,15607.10785326285,mistral_7b_base,4,4,0.12869041758275163,1.0006327126430308,mistral-panel-math__mistral-7b-base__panel-math__all-linear-r16__s11__a40ac04e3d,11,10485760,16
43748.91292806375,0.0,28124.010657685045,panel_math,7.2087860107421875,75589600,28249.495536304836,15499.417391758912,mistral_7b_base,8,4,0.008925967422072332,1.0044618415256326,mistral-panel-math__mistral-7b-base__panel-math__all-linear-r16__s11__a40ac04e3d,11,10485760,16
43748.91292806375,0.25,28124.010657685045,panel_math,0.291253662109375,6108032,10132.381023802242,33616.53190426151,mistral_7b_base,0,8,0.9184927896514357,0.3602751096609157,mistral-panel-math__mistral-7b-base__panel-math__all-linear-r16__s11__a40ac04e3d,11,20971520,16
43748.91292806375,0.5,28124.010657685045,panel_math,0.5421237945556641,11369160,19148.472710363632,24600.440217700118,mistral_7b_base,0,8,0.8271989625500829,0.680858535556386,mistral-panel-math__mistral-7b-base__panel-math__all-linear-r16__s11__a40ac04e3d,11,20971520,16
43748.91292806375,0.75,28124.010657685045,panel_math,0.7931785583496094,16634160,23622.284721456494,20126.628206607256,mistral_7b_base,0,8,0.7245557599549403,0.8399330027633015,mistral-panel-math__mistral-7b-base__panel-math__all-linear-r16__s11__a40ac04e3d,11,20971520,16
43748.91292806375,0.0,28124.010657685045,panel_math,1.0417724609375,21847552,25952.023990841633,17796.888937222117,mistral_7b_base,1,8,0.6025985970827179,0.922771090749466,mistral-panel-math__mistral-7b-base__panel-math__all-linear-r16__s11__a40ac04e3d,11,20971520,16
43748.91292806375,0.5,28124.010657685045,panel_math,1.521209716796875,31902080,27841.15312212216,15907.75980594159,mistral_7b_base,1,8,0.4908657427031527,0.9899424893908013,mistral-panel-math__mistral-7b-base__panel-math__all-linear-r16__s11__a40ac04e3d,11,20971520,16
43748.91292806375,0.0,28124.010657685045,panel_math,1.9611133575439452,41127528,28682.61190132169,15066.301026742063,mistral_7b_base,2,8,0.34428196835515823,1.0198620762321466,mistral-panel-math__mistral-7b-base__panel-math__all-linear-r16__s11__a40ac04e3d,11,20971520,16
43748.91292806375,0.0,28124.010657685045,panel_math,2.820388412475586,59147832,28842.588538477165,14906.324389586585,mistral_7b_base,3,8,0.20341715349260597,1.025550334535795,mistral-panel-math__mistral-7b-base__panel-math__all-linear-r16__s11__a40ac04e3d,11,20971520,16
43748.91292806375,0.0,28124.010657685045,panel_math,3.3194976806640626,69614912,28901.265958520282,14847.646969543468,mistral_7b_base,4,8,0.12789150510766498,1.0276367161958406,mistral-panel-math__mistral-7b-base__panel-math__all-linear-r16__s11__a40ac04e3d,11,20971520,16
43748.91292806375,0.0,28124.010657685045,panel_math,7.182151794433594,150620640,28899.586705793183,14849.326222270567,mistral_7b_base,8,8,0.008846767500419638,1.0275770073318546,mistral-panel-math__mistral-7b-base__panel-math__all-linear-r16__s11__a40ac04e3d,11,20971520,16
45052.182987960645,0.25,29159.186142435676,panel_math,0.2725271224975586,11430616,12325.589221362457,32726.593766598187,mistral_7b_base,0,16,0.9179387613731513,0.42270004248935106,mistral-panel-math__mistral-7b-base__panel-math__all-linear-r16__s22__4d40f6fb72,22,41943040,16
45052.182987960645,0.5,29159.186142435676,panel_math,0.5234657287597656,21955744,21875.330441059978,23176.852546900667,mistral_7b_base,0,16,0.8258369136354535,0.750203737998866,mistral-panel-math__mistral-7b-base__panel-math__all-linear-r16__s22__4d40f6fb72,22,41943040,16
45052.182987960645,0.75,29159.186142435676,panel_math,0.7742353439331054,32473784,26625.95033397542,18426.232653985226,mistral_7b_base,0,16,0.7212506732430148,0.9131239192998734,mistral-panel-math__mistral-7b-base__panel-math__all-linear-r16__s22__4d40f6fb72,22,41943040,16
45052.182987960645,0.0,29159.186142435676,panel_math,1.0225189208984375,42887552,28456.052981345678,16596.130006614967,mistral_7b_base,1,16,0.6019435422605116,0.97588639279384,mistral-panel-math__mistral-7b-base__panel-math__all-linear-r16__s22__4d40f6fb72,22,41943040,16
45052.182987960645,0.5,29159.186142435676,panel_math,1.4981149673461913,62835496,29788.982073745377,15263.200914215267,mistral_7b_base,1,16,0.49111042276269606,1.0215985428479828,mistral-panel-math__mistral-7b-base__panel-math__all-linear-r16__s22__4d40f6fb72,22,41943040,16
45052.182987960645,0.0,29159.186142435676,panel_math,1.94287109375,81489920,29871.52892479789,15180.654063162754,mistral_7b_base,2,16,0.3436883224484495,1.0244294466547383,mistral-panel-math__mistral-7b-base__panel-math__all-linear-r16__s22__4d40f6fb72,22,41943040,16
45052.182987960645,0.0,29159.186142435676,panel_math,2.8043352127075196,117622344,29466.519516320004,15585.663471640639,mistral_7b_base,3,16,0.20264527509120317,1.0105398474560667,mistral-panel-math__mistral-7b-base__panel-math__all-linear-r16__s22__4d40f6fb72,22,41943040,16
45052.182987960645,0.0,29159.186142435676,panel_math,3.3095876693725588,138814168,29318.32714861031,15733.855839350334,mistral_7b_base,4,16,0.12700841916285024,1.005457662823553,mistral-panel-math__mistral-7b-base__panel-math__all-linear-r16__s22__4d40f6fb72,22,41943040,16
45052.182987960645,0.0,29159.186142435676,panel_math,7.178224754333496,301076568,29161.992296907025,15890.190691053618,mistral_7b_base,8,16,0.008755610476127529,1.0000962356925067,mistral-panel-math__mistral-7b-base__panel-math__all-linear-r16__s22__4d40f6fb72,22,41943040,16
45052.182987960645,0.25,29159.186142435676,panel_math,0.2865081787109375,751064,0.0,45052.182987960645,mistral_7b_base,0,1,1.0,0.0,mistral-panel-math__mistral-7b-base__panel-math__all-linear-r16__s22__4d40f6fb72,22,2621440,16
45052.182987960645,0.5,29159.186142435676,panel_math,0.286505126953125,751056,0.0,45052.182987960645,mistral_7b_base,0,1,1.0,0.0,mistral-panel-math__mistral-7b-base__panel-math__all-linear-r16__s22__4d40f6fb72,22,2621440,16
45052.182987960645,0.75,29159.186142435676,panel_math,1.30533447265625,3421856,14464.905575180765,30587.27741277988,mistral_7b_base,0,1,0.6052199079866412,0.49606684852324573,mistral-panel-math__mistral-7b-base__panel-math__all-linear-r16__s22__4d40f6fb72,22,2621440,16
45052.182987960645,0.0,29159.186142435676,panel_math,1.3066986083984375,3425432,14464.905575180765,30587.27741277988,mistral_7b_base,1,1,0.6052199079866412,0.49606684852324573,mistral-panel-math__mistral-7b-base__panel-math__all-linear-r16__s22__4d40f6fb72,22,2621440,16
45052.182987960645,0.5,29159.186142435676,panel_math,1.3053314208984375,3421848,14464.905575180765,30587.27741277988,mistral_7b_base,1,1,0.6052199079866412,0.49606684852324573,mistral-panel-math__mistral-7b-base__panel-math__all-linear-r16__s22__4d40f6fb72,22,2621440,16
45052.182987960645,0.0,29159.186142435676,panel_math,2.2228607177734374,5827096,20863.22667759876,24188.956310361886,mistral_7b_base,2,1,0.3472120873500311,0.7154941353879655,mistral-panel-math__mistral-7b-base__panel-math__all-linear-r16__s22__4d40f6fb72,22,2621440,16
45052.182987960645,0.0,29159.186142435676,panel_math,3.07796630859375,8068704,22078.152526984326,22974.03046097632,mistral_7b_base,3,1,0.20586547321486925,0.7571594220475775,mistral-panel-math__mistral-7b-base__panel-math__all-linear-r16__s22__4d40f6fb72,22,2621440,16
45052.182987960645,0.0,29159.186142435676,panel_math,3.5611114501953125,9335240,22564.35796318707,22487.825024773574,mistral_7b_base,4,1,0.130503684863469,0.7738335992289208,mistral-panel-math__mistral-7b-base__panel-math__all-linear-r16__s22__4d40f6fb72,22,2621440,16
45052.182987960645,0.0,29159.186142435676,panel_math,7.413787841796875,19434800,22837.787162808825,22214.39582515182,mistral_7b_base,8,1,0.009105958938346433,0.7832107196425743,mistral-panel-math__mistral-7b-base__panel-math__all-linear-r16__s22__4d40f6fb72,22,2621440,16
45052.182987960645,0.25,29159.186142435676,panel_math,0.14462127685546874,758232,0.0,45052.182987960645,mistral_7b_base,0,2,1.0,0.0,mistral-panel-math__mistral-7b-base__panel-math__all-linear-r16__s22__4d40f6fb72,22,5242880,16
45052.182987960645,0.5,29159.186142435676,panel_math,0.6540328979492187,3429016,10985.44226577146,34066.740722189184,mistral_7b_base,0,2,0.8271047575636499,0.3767403593540023,mistral-panel-math__mistral-7b-base__panel-math__all-linear-r16__s22__4d40f6fb72,22,5242880,16
45052.182987960645,0.75,29159.186142435676,panel_math,1.1562255859375,6061952,19708.666738322074,25343.51624963857,mistral_7b_base,0,2,0.604546600128472,0.6758990680346816,mistral-panel-math__mistral-7b-base__panel-math__all-linear-r16__s22__4d40f6fb72,22,5242880,16
45052.182987960645,0.0,29159.186142435676,panel_math,1.1555404663085938,6058360,19708.666738322074,25343.51624963857,mistral_7b_base,1,2,0.604546600128472,0.6758990680346816,mistral-panel-math__mistral-7b-base__panel-math__all-linear-r16__s22__4d40f6fb72,22,5242880,16
45052.182987960645,0.5,29159.186142435676,panel_math,1.6339462280273438,8566584,22975.159593765507,22077.023394195137,mistral_7b_base,1,2,0.4928633233223509,0.7879218398461921,mistral-panel-math__mistral-7b-base__panel-math__all-linear-r16__s22__4d40f6fb72,22,5242880,16
45052.182987960645,0.0,29159.186142435676,panel_math,2.072027587890625,10863392,25326.50886528027,19725.674122680375,mistral_7b_base,2,2,0.34635446509859313,0.868560210890877,mistral-panel-math__mistral-7b-base__panel-math__all-linear-r16__s22__4d40f6fb72,22,5242880,16
45052.182987960645,0.0,29159.186142435676,panel_math,2.929606628417969,15359576,26409.961687612,18642.221300348643,mistral_7b_base,3,2,0.20501566986920777,0.9057166945128589,mistral-panel-math__mistral-7b-base__panel-math__all-linear-r16__s22__4d40f6fb72,22,5242880,16
45052.182987960645,0.0,29159.186142435676,panel_math,3.42000732421875,17930688,26714.164888937536,18338.01809902311,mistral_7b_base,4,2,0.12947298304177818,0.9161491942348873,mistral-panel-math__mistral-7b-base__panel-math__all-linear-r16__s22__4d40f6fb72,22,5242880,16
45052.182987960645,0.0,29159.186142435676,panel_math,7.276632690429688,38150512,26945.573956262262,18106.609031698383,mistral_7b_base,8,2,0.008990906767614042,0.924085254802365,mistral-panel-math__mistral-7b-base__panel-math__all-linear-r16__s22__4d40f6fb72,22,5242880,16
45052.182987960645,0.25,29159.186142435676,panel_math,0.3286041259765625,3445664,6890.5870136061785,38161.595974354466,mistral_7b_base,0,4,0.9179991042845218,0.2363093050658994,mistral-panel-math__mistral-7b-base__panel-math__all-linear-r16__s22__4d40f6fb72,22,10485760,16
45052.182987960645,0.5,29159.186142435676,panel_math,0.5796989440917969,6078584,14715.422928961565,30336.76005899908,mistral_7b_base,0,4,0.8278455818583735,0.5046582184111803,mistral-panel-math__mistral-7b-base__panel-math__all-linear-r16__s22__4d40f6fb72,22,10485760,16
45052.182987960645,0.75,29159.186142435676,panel_math,0.8304946899414063,8708368,20440.09485678653,24612.088131174114,mistral_7b_base,0,4,0.7251212004321234,0.7009830369387382,mistral-panel-math__mistral-7b-base__panel-math__all-linear-r16__s22__4d40f6fb72,22,10485760,16
45052.182987960645,0.0,29159.186142435676,panel_math,1.0797210693359376,11321696,23705.386458688117,21346.796529272528,mistral_7b_base,1,4,0.6034590509733232,0.8129646123486765,mistral-panel-math__mistral-7b-base__panel-math__all-linear-r16__s22__4d40f6fb72,22,10485760,16
45052.182987960645,0.5,29159.186142435676,panel_math,1.5599647521972657,16357416,26531.483198310456,18520.69978965019,mistral_7b_base,1,4,0.4914178260028351,0.9098842151735814,mistral-panel-math__mistral-7b-base__panel-math__all-linear-r16__s22__4d40f6fb72,22,10485760,16
45052.182987960645,0.0,29159.186142435676,panel_math,1.9979446411132813,20949968,28135.815171004437,16916.367816956208,mistral_7b_base,2,4,0.3452588326129674,0.9649039940129908,mistral-panel-math__mistral-7b-base__panel-math__all-linear-r16__s22__4d40f6fb72,22,10485760,16
45052.182987960645,0.0,29159.186142435676,panel_math,2.856214904785156,29949584,28856.90619802827,16195.276789932375,mistral_7b_base,3,4,0.20413825765736307,0.9896334574315333,mistral-panel-math__mistral-7b-base__panel-math__all-linear-r16__s22__4d40f6fb72,22,10485760,16
45052.182987960645,0.0,29159.186142435676,panel_math,3.350965118408203,35137416,29048.35501496974,16003.827972990905,mistral_7b_base,4,4,0.12852538219291249,0.9961991007936727,mistral-panel-math__mistral-7b-base__panel-math__all-linear-r16__s22__4d40f6fb72,22,10485760,16
45052.182987960645,0.0,29159.186142435676,panel_math,7.211052703857422,75613368,29189.31994813767,15862.863039822976,mistral_7b_base,8,4,0.008901167498875123,1.0010334241002063,mistral-panel-math__mistral-7b-base__panel-math__all-linear-r16__s22__4d40f6fb72,22,10485760,16
45052.182987960645,0.25,29159.186142435676,panel_math,0.291253662109375,6108032,10173.040910379626,34879.14207758102,mistral_7b_base,0,8,0.9182950107544737,0.3488794529685001,mistral-panel-math__mistral-7b-base__panel-math__all-linear-r16__s22__4d40f6fb72,22,20971520,16
45052.182987960645,0.5,29159.186142435676,panel_math,0.5421237945556641,11369160,18966.522884791524,26085.66010316912,mistral_7b_base,0,8,0.8263634239710039,0.6504476082475203,mistral-panel-math__mistral-7b-base__panel-math__all-linear-r16__s22__4d40f6fb72,22,20971520,16
45052.182987960645,0.75,29159.186142435676,panel_math,0.7931808471679688,16634208,23897.822543928676,21154.36044403197,mistral_7b_base,0,8,0.7241366854498541,0.8195641135933461,mistral-panel-math__mistral-7b-base__panel-math__all-linear-r16__s22__4d40f6fb72,22,20971520,16
45052.182987960645,0.0,29159.186142435676,panel_math,1.0417713165283202,21847528,26665.76927008407,18386.413717876574,mistral_7b_base,1,8,0.6024821631746554,0.9144894902014117,mistral-panel-math__mistral-7b-base__panel-math__all-linear-r16__s22__4d40f6fb72,22,20971520,16
45052.182987960645,0.5,29159.186142435676,panel_math,1.5210205078125,31898112,28677.830342223482,16374.352645737163,mistral_7b_base,1,8,0.4906939409049797,0.9834921387085056,mistral-panel-math__mistral-7b-base__panel-math__all-linear-r16__s22__4d40f6fb72,22,20971520,16
45052.182987960645,0.0,29159.186142435676,panel_math,1.9612201690673827,41129768,29643.135716324112,15409.047271636533,mistral_7b_base,2,8,0.3442861819011109,1.016596813488705,mistral-panel-math__mistral-7b-base__panel-math__all-linear-r16__s22__4d40f6fb72,22,20971520,16
45052.182987960645,0.0,29159.186142435676,panel_math,2.8214672088623045,59170456,29847.705230080745,15204.4777578799,mistral_7b_base,3,8,0.2032233702575628,1.0236124247186398,mistral-panel-math__mistral-7b-base__panel-math__all-linear-r16__s22__4d40f6fb72,22,20971520,16
45052.182987960645,0.0,29159.186142435676,panel_math,3.3226783752441404,69681616,29873.774014011462,15178.408973949185,mistral_7b_base,4,8,0.12757972460657385,1.024506440889166,mistral-panel-math__mistral-7b-base__panel-math__all-linear-r16__s22__4d40f6fb72,22,20971520,16
45052.182987960645,0.0,29159.186142435676,panel_math,7.188225555419922,150748016,29884.487921331933,15167.695066628712,mistral_7b_base,8,8,0.008807462957023515,1.02487386909063,mistral-panel-math__mistral-7b-base__panel-math__all-linear-r16__s22__4d40f6fb72,22,20971520,16
43924.1359870331,0.25,29575.761486363277,panel_math,0.2725271224975586,11430616,12542.17741126407,31381.95857576903,mistral_7b_base,0,16,0.9180792462930586,0.42406946705487153,mistral-panel-math__mistral-7b-base__panel-math__all-linear-r16__s33__5def8675b7,33,41943040,16
43924.1359870331,0.5,29575.761486363277,panel_math,0.5234672546386718,21955808,22213.317116214013,21710.818870819086,mistral_7b_base,0,16,0.8258886398343122,0.7510649261374412,mistral-panel-math__mistral-7b-base__panel-math__all-linear-r16__s33__5def8675b7,33,41943040,16
43924.1359870331,0.75,29575.761486363277,panel_math,0.7742345809936524,32473752,26679.89475697352,17244.24123005958,mistral_7b_base,0,16,0.7208118492449318,0.9020864862355286,mistral-panel-math__mistral-7b-base__panel-math__all-linear-r16__s33__5def8675b7,33,41943040,16
43924.1359870331,0.0,29575.761486363277,panel_math,1.0225168228149415,42887464,28385.06386629802,15539.07212073508,mistral_7b_base,1,16,0.6019361969763257,0.9597407620218245,mistral-panel-math__mistral-7b-base__panel-math__all-linear-r16__s33__5def8675b7,33,41943040,16
43924.1359870331,0.5,29575.761486363277,panel_math,1.4981260299682617,62835960,29874.692737765137,14049.443249267964,mistral_7b_base,1,16,0.49116783492799143,1.0101073053195837,mistral-panel-math__mistral-7b-base__panel-math__all-linear-r16__s33__5def8675b7,33,41943040,16
43924.1359870331,0.0,29575.761486363277,panel_math,1.9429325103759765,81492496,30155.557297781917,13768.578689251182,mistral_7b_base,2,16,0.34365394939331206,1.019603749228434,mistral-panel-math__mistral-7b-base__panel-math__all-linear-r16__s33__5def8675b7,33,41943040,16
43924.1359870331,0.0,29575.761486363277,panel_math,2.8044090270996094,117625440,29886.85150539882,14037.28448163428,mistral_7b_base,3,16,0.20263841193809135,1.010518411138086,mistral-panel-math__mistral-7b-base__panel-math__all-linear-r16__s33__5def8675b7,33,41943040,16
43924.1359870331,0.0,29575.761486363277,panel_math,3.310001754760742,138831536,29727.301390989647,14196.83459604345,mistral_7b_base,4,16,0.1269762742060207,1.0051237870813992,mistral-panel-math__mistral-7b-base__panel-math__all-linear-r16__s33__5def8675b7,33,41943040,16
43924.1359870331,0.0,29575.761486363277,panel_math,7.17841739654541,301084648,29578.25158493123,14345.88440210187,mistral_7b_base,8,16,0.008753711643536815,1.000084193895366,mistral-panel-math__mistral-7b-base__panel-math__all-linear-r16__s33__5def8675b7,33,41943040,16
43924.1359870331,0.25,29575.761486363277,panel_math,0.2865081787109375,751064,0.0,43924.1359870331,mistral_7b_base,0,1,1.0,0.0,mistral-panel-math__mistral-7b-base__panel-math__all-linear-r16__s33__5def8675b7,33,2621440,16
43924.1359870331,0.5,29575.761486363277,panel_math,0.286505126953125,751056,0.0,43924.1359870331,mistral_7b_base,0,1,1.0,0.0,mistral-panel-math__mistral-7b-base__panel-math__all-linear-r16__s33__5def8675b7,33,2621440,16
43924.1359870331,0.75,29575.761486363277,panel_math,1.30533447265625,3421856,14389.189322612248,29534.94666442085,mistral_7b_base,0,1,0.6054349896895301,0.4865196566197216,mistral-panel-math__mistral-7b-base__panel-math__all-linear-r16__s33__5def8675b7,33,2621440,16
43924.1359870331,0.0,29575.761486363277,panel_math,1.3066986083984375,3425432,14389.189322612248,29534.94666442085,mistral_7b_base,1,1,0.6054349896895301,0.4865196566197216,mistral-panel-math__mistral-7b-base__panel-math__all-linear-r16__s33__5def8675b7,33,2621440,16
43924.1359870331,0.5,29575.761486363277,panel_math,1.3053314208984375,3421848,14389.189322612248,29534.94666442085,mistral_7b_base,1,1,0.6054349896895301,0.4865196566197216,mistral-panel-math__mistral-7b-base__panel-math__all-linear-r16__s33__5def8675b7,33,2621440,16
43924.1359870331,0.0,29575.761486363277,panel_math,2.222247314453125,5825488,20841.49791251637,23082.63807451673,mistral_7b_base,2,1,0.3470644561187112,0.7046817009978228,mistral-panel-math__mistral-7b-base__panel-math__all-linear-r16__s33__5def8675b7,33,2621440,16
43924.1359870331,0.0,29575.761486363277,panel_math,3.077740478515625,8068112,21763.365477229836,22160.770509803264,mistral_7b_base,3,1,0.20584000398827937,0.7358513993718957,mistral-panel-math__mistral-7b-base__panel-math__all-linear-r16__s33__5def8675b7,33,2621440,16
43924.1359870331,0.0,29575.761486363277,panel_math,3.5639404296875,9342656,22180.814890024274,21743.321097008826,mistral_7b_base,4,1,0.13016178113132135,0.7499659780611685,mistral-panel-math__mistral-7b-base__panel-math__all-linear-r16__s33__5def8675b7,33,2621440,16
43924.1359870331,0.0,29575.761486363277,panel_math,7.41619873046875,19441120,22413.59284504637,21510.54314198673,mistral_7b_base,8,1,0.009077265654413079,0.7578365431226776,mistral-panel-math__mistral-7b-base__panel-math__all-linear-r16__s33__5def8675b7,33,2621440,16
43924.1359870331,0.25,29575.761486363277,panel_math,0.14462127685546874,758232,0.0,43924.1359870331,mistral_7b_base,0,2,1.0,0.0,mistral-panel-math__mistral-7b-base__panel-math__all-linear-r16__s33__5def8675b7,33,5242880,16
43924.1359870331,0.5,29575.761486363277,panel_math,0.6540328979492187,3429016,10773.213013820168,33150.92297321293,mistral_7b_base,0,2,0.8286165950891283,0.3642581787382704,mistral-panel-math__mistral-7b-base__panel-math__all-linear-r16__s33__5def8675b7,33,5242880,16
43924.1359870331,0.75,29575.761486363277,panel_math,1.1562255859375,6061952,19488.0576108116,24436.0783762215,mistral_7b_base,0,2,0.6044331203600073,0.6589198935688303,mistral-panel-math__mistral-7b-base__panel-math__all-linear-r16__s33__5def8675b7,33,5242880,16
43924.1359870331,0.0,29575.761486363277,panel_math,1.1555404663085938,6058360,19488.0576108116,24436.0783762215,mistral_7b_base,1,2,0.6044331203600073,0.6589198935688303,mistral-panel-math__mistral-7b-base__panel-math__all-linear-r16__s33__5def8675b7,33,5242880,16
43924.1359870331,0.5,29575.761486363277,panel_math,1.6342025756835938,8567928,22550.345826225443,21373.790160807657,mistral_7b_base,1,2,0.49273892430983146,0.7624603625716586,mistral-panel-math__mistral-7b-base__panel-math__all-linear-r16__s33__5def8675b7,33,5242880,16
43924.1359870331,0.0,29575.761486363277,panel_math,2.07181396484375,10862272,24673.08490155055,19251.05108548255,mistral_7b_base,2,2,0.34611506187845503,0.8342332931284544,mistral-panel-math__mistral-7b-base__panel-math__all-linear-r16__s33__5def8675b7,33,5242880,16
43924.1359870331,0.0,29575.761486363277,panel_math,2.9295257568359374,15359152,25596.7539003248,18327.3820867083,mistral_7b_base,3,2,0.2048481302178148,0.8654639006379223,mistral-panel-math__mistral-7b-base__panel-math__all-linear-r16__s33__5def8675b7,33,5242880,16
43924.1359870331,0.0,29575.761486363277,panel_math,3.4201919555664064,17931656,25943.3074269644,17980.8285600687,mistral_7b_base,4,2,0.12917139015454232,0.8771813851327641,mistral-panel-math__mistral-7b-base__panel-math__all-linear-r16__s33__5def8675b7,33,5242880,16
43924.1359870331,0.0,29575.761486363277,panel_math,7.278079223632813,38158096,26174.0646384333,17750.0713485998,mistral_7b_base,8,2,0.008962870542731592,0.8849836258823489,mistral-panel-math__mistral-7b-base__panel-math__all-linear-r16__s33__5def8675b7,33,5242880,16
43924.1359870331,0.25,29575.761486363277,panel_math,0.3286041259765625,3445664,8100.769554071216,35823.366432961884,mistral_7b_base,0,4,0.9185281599857709,0.2738989343623933,mistral-panel-math__mistral-7b-base__panel-math__all-linear-r16__s33__5def8675b7,33,10485760,16
43924.1359870331,0.5,29575.761486363277,panel_math,0.5796989440917969,6078584,14103.295828876231,29820.84015815687,mistral_7b_base,0,4,0.8279296454636582,0.4768531770645684,mistral-panel-math__mistral-7b-base__panel-math__all-linear-r16__s33__5def8675b7,33,10485760,16
43924.1359870331,0.75,29575.761486363277,panel_math,0.8304946899414063,8708368,19792.010203919803,24132.125783113297,mistral_7b_base,0,4,0.7257556191244788,0.6691969778375937,mistral-panel-math__mistral-7b-base__panel-math__all-linear-r16__s33__5def8675b7,33,10485760,16
43924.1359870331,0.0,29575.761486363277,panel_math,1.07972412109375,11321728,23318.953158538978,20605.182828494122,mistral_7b_base,1,4,0.6033884016762537,0.7884481070518109,mistral-panel-math__mistral-7b-base__panel-math__all-linear-r16__s33__5def8675b7,33,10485760,16
43924.1359870331,0.5,29575.761486363277,panel_math,1.559992218017578,16357704,26126.554414181413,17797.581572851686,mistral_7b_base,1,4,0.4913762887224094,0.8833772353157427,mistral-panel-math__mistral-7b-base__panel-math__all-linear-r16__s33__5def8675b7,33,10485760,16
43924.1359870331,0.0,29575.761486363277,panel_math,1.9977073669433594,20947480,27999.802154478515,15924.333832554583,mistral_7b_base,2,4,0.3451374491472663,0.9467144968486644,mistral-panel-math__mistral-7b-base__panel-math__all-linear-r16__s33__5def8675b7,33,10485760,16
43924.1359870331,0.0,29575.761486363277,panel_math,2.856829833984375,29956032,28754.92544791659,15169.210539116511,mistral_7b_base,3,4,0.20399686942769665,0.9722463261402363,mistral-panel-math__mistral-7b-base__panel-math__all-linear-r16__s33__5def8675b7,33,10485760,16
43924.1359870331,0.0,29575.761486363277,panel_math,3.3534027099609376,35162976,29000.20248257563,14923.93350445747,mistral_7b_base,4,4,0.12829840727873384,0.9805395034696562,mistral-panel-math__mistral-7b-base__panel-math__all-linear-r16__s33__5def8675b7,33,10485760,16
43924.1359870331,0.0,29575.761486363277,panel_math,7.214875793457031,75653456,29132.748784571188,14791.387202461912,mistral_7b_base,8,4,0.008884183464094888,0.9850210889076735,mistral-panel-math__mistral-7b-base__panel-math__all-linear-r16__s33__5def8675b7,33,10485760,16
43924.1359870331,0.25,29575.761486363277,panel_math,0.291253662109375,6108032,10615.507434226645,33308.628552806455,mistral_7b_base,0,8,0.9185583286358585,0.358925921116899,mistral-panel-math__mistral-7b-base__panel-math__all-linear-r16__s33__5def8675b7,33,20971520,16
43924.1359870331,0.5,29575.761486363277,panel_math,0.5421222686767578,11369128,18726.826406746015,25197.309580287085,mistral_7b_base,0,8,0.8266343589903602,0.6331815468345773,mistral-panel-math__mistral-7b-base__panel-math__all-linear-r16__s33__5def8675b7,33,20971520,16
43924.1359870331,0.75,29575.761486363277,panel_math,0.7931800842285156,16634192,23771.320604240213,20152.815382792887,mistral_7b_base,0,8,0.7241216047615541,0.8037433157959648,mistral-panel-math__mistral-7b-base__panel-math__all-linear-r16__s33__5def8675b7,33,20971520,16
43924.1359870331,0.0,29575.761486363277,panel_math,1.0417728424072266,21847560,26350.702899931155,17573.433087101945,mistral_7b_base,1,8,0.6024692478605385,0.8909560253277291,mistral-panel-math__mistral-7b-base__panel-math__all-linear-r16__s33__5def8675b7,33,20971520,16
43924.1359870331,0.5,29575.761486363277,panel_math,1.5211956024169921,31901784,28684.36918672657,15239.76680030653,mistral_7b_base,1,8,0.49061183580534246,0.9698607151654334,mistral-panel-math__mistral-7b-base__panel-math__all-linear-r16__s33__5def8675b7,33,20971520,16
43924.1359870331,0.0,29575.761486363277,panel_math,1.9612197875976562,41129760,29869.692875745975,14054.443111287124,mistral_7b_base,2,8,0.34421138818019903,1.009938252630223,mistral-panel-math__mistral-7b-base__panel-math__all-linear-r16__s33__5def8675b7,33,20971520,16
43924.1359870331,0.0,29575.761486363277,panel_math,2.8216121673583983,59173496,30133.30350685769,13790.83248017541,mistral_7b_base,3,8,0.20318046019484368,1.018851315823313,mistral-panel-math__mistral-7b-base__panel-math__all-linear-r16__s33__5def8675b7,33,20971520,16
43924.1359870331,0.0,29575.761486363277,panel_math,3.3235382080078124,69699648,30153.15850373917,13770.977483293931,mistral_7b_base,4,8,0.12748026874711232,1.0195226424733685,mistral-panel-math__mistral-7b-base__panel-math__all-linear-r16__s33__5def8675b7,33,20971520,16
43924.1359870331,0.0,29575.761486363277,panel_math,7.18938102722168,150772248,30171.980971969802,13752.1550150633,mistral_7b_base,8,8,0.00879979978810702,1.020159057810952,mistral-panel-math__mistral-7b-base__panel-math__all-linear-r16__s33__5def8675b7,33,20971520,16
129597.37768398342,0.25,7875.853870785242,kind_code,0.270460252637987,10918528,1641.117088578074,127956.26059540534,qwen25_7b_base,0,16,0.9205098964377756,0.20837322727198473,qwen25-kind-code__qwen25-7b-base__kind-code__all-linear-r16__s11__5ebaf38834,11,40370176,16
129597.37768398342,0.5,7875.853870785242,kind_code,0.5213196989777801,21045768,5595.478123445908,124001.89956053751,qwen25_7b_base,0,16,0.8285775393430441,0.7104598707959553,qwen25-kind-code__qwen25-7b-base__kind-code__all-linear-r16__s11__5ebaf38834,11,40370176,16
129597.37768398342,0.75,7875.853870785242,kind_code,0.7720422125481939,31167480,7288.3401675710775,122309.03751641234,qwen25_7b_base,0,16,0.7221072365336162,0.9254031736935225,qwen25-kind-code__qwen25-7b-base__kind-code__all-linear-r16__s11__5ebaf38834,11,40370176,16
129597.37768398342,0.0,7875.853870785242,kind_code,1.0205088033304586,41198120,7583.470276266758,122013.90740771666,qwen25_7b_base,1,16,0.6011764626301868,0.9628759497934498,qwen25-kind-code__qwen25-7b-base__kind-code__all-linear-r16__s11__5ebaf38834,11,40370176,16
129597.37768398342,0.5,7875.853870785242,kind_code,1.494241293374594,60322784,7798.79393522178,121798.58374876164,qwen25_7b_base,1,16,0.4903702140902567,0.9902156722524641,qwen25-kind-code__qwen25-7b-base__kind-code__all-linear-r16__s11__5ebaf38834,11,40370176,16
129597.37768398342,0.0,7875.853870785242,kind_code,1.940955620307427,78356720,7908.201662530904,121689.17602145251,qwen25_7b_base,2,16,0.3426710299796316,1.0041072107578903,qwen25-kind-code__qwen25-7b-base__kind-code__all-linear-r16__s11__5ebaf38834,11,40370176,16
129597.37768398342,0.0,7875.853870785242,kind_code,2.800821675882711,113069664,7901.0300836760725,121696.34760030734,qwen25_7b_base,3,16,0.2016973380526795,1.0031966328100905,qwen25-kind-code__qwen25-7b-base__kind-code__all-linear-r16__s11__5ebaf38834,11,40370176,16
129597.37768398342,0.0,7875.853870785242,kind_code,3.2980915416370737,133144536,7886.125843832837,121711.25184015058,qwen25_7b_base,4,16,0.12649653191006388,1.0013042361140927,qwen25-kind-code__qwen25-7b-base__kind-code__all-linear-r16__s11__5ebaf38834,11,40370176,16
129597.37768398342,0.0,7875.853870785242,kind_code,7.154391796557935,288824056,7881.501377740264,121715.87630624315,qwen25_7b_base,8,16,0.008749116788612964,1.000717065990263,qwen25-kind-code__qwen25-7b-base__kind-code__all-linear-r16__s11__5ebaf38834,11,40370176,16
129597.37768398342,0.25,7875.853870785242,kind_code,0.2601302506087662,656344,0.0,129597.37768398342,qwen25_7b_base,0,1,1.0,0.0,qwen25-kind-code__qwen25-7b-base__kind-code__all-linear-r16__s11__5ebaf38834,11,2523136,16
129597.37768398342,0.5,7875.853870785242,kind_code,0.2601270799512987,656336,0.0,129597.37768398342,qwen25_7b_base,0,1,1.0,0.0,qwen25-kind-code__qwen25-7b-base__kind-code__all-linear-r16__s11__5ebaf38834,11,2523136,16
129597.37768398342,0.75,7875.853870785242,kind_code,1.2770679028003247,3222216,6922.381666236994,122674.99601774642,qwen25_7b_base,0,1,0.6051521816472268,0.8789372910935961,qwen25-kind-code__qwen25-7b-base__kind-code__all-linear-r16__s11__5ebaf38834,11,2523136,16
129597.37768398342,0.0,7875.853870785242,kind_code,1.27830762987013,3225344,6922.381666236994,122674.99601774642,qwen25_7b_base,1,1,0.6051521816472268,0.8789372910935961,qwen25-kind-code__qwen25-7b-base__kind-code__all-linear-r16__s11__5ebaf38834,11,2523136,16
129597.37768398342,0.5,7875.853870785242,kind_code,1.2770647321428572,3222208,6922.381666236994,122674.99601774642,qwen25_7b_base,1,1,0.6051521816472268,0.8789372910935961,qwen25-kind-code__qwen25-7b-base__kind-code__all-linear-r16__s11__5ebaf38834,11,2523136,16
129597.37768398342,0.0,7875.853870785242,kind_code,2.1922337915990258,5531304,7526.050057656612,122071.3276263268,qwen25_7b_base,2,1,0.3466270741796266,0.9555852839745801,qwen25-kind-code__qwen25-7b-base__kind-code__all-linear-r16__s11__5ebaf38834,11,2523136,16
129597.37768398342,0.0,7875.853870785242,kind_code,3.045768440543831,7684888,7627.357608145321,121970.0200758381,qwen25_7b_base,3,1,0.2054204727667004,0.9684483401143722,qwen25-kind-code__qwen25-7b-base__kind-code__all-linear-r16__s11__5ebaf38834,11,2523136,16
129597.37768398342,0.0,7875.853870785242,kind_code,3.5177239752435066,8875696,7671.706492271769,121925.67119171165,qwen25_7b_base,4,1,0.13054536256834046,0.9740793338902923,qwen25-kind-code__qwen25-7b-base__kind-code__all-linear-r16__s11__5ebaf38834,11,2523136,16
129597.37768398342,0.0,7875.853870785242,kind_code,7.351863712459416,18549752,7690.549155457687,121906.82852852573,qwen25_7b_base,8,1,0.00914377735840987,0.9764717936153023,qwen25-kind-code__qwen25-7b-base__kind-code__all-linear-r16__s11__5ebaf38834,11,2523136,16
129597.37768398342,0.25,7875.853870785242,kind_code,0.13139680144074675,663064,0.0,129597.37768398342,qwen25_7b_base,0,2,1.0,0.0,qwen25-kind-code__qwen25-7b-base__kind-code__all-linear-r16__s11__5ebaf38834,11,5046272,16
129597.37768398342,0.5,7875.853870785242,kind_code,0.6398640422077922,3228928,4513.879417309028,125083.49826667439,qwen25_7b_base,0,2,0.8311495691107085,0.5731288938781419,qwen25-kind-code__qwen25-7b-base__kind-code__all-linear-r16__s11__5ebaf38834,11,5046272,16
129597.37768398342,0.75,7875.853870785242,kind_code,1.1415666852678572,5760656,7206.571800115271,122390.80588386815,qwen25_7b_base,0,2,0.6040244294190873,0.915021014654346,qwen25-kind-code__qwen25-7b-base__kind-code__all-linear-r16__s11__5ebaf38834,11,5046272,16
129597.37768398342,0.0,7875.853870785242,kind_code,1.1409436510754871,5757512,7206.571800115271,122390.80588386815,qwen25_7b_base,1,2,0.6040244294190873,0.915021014654346,qwen25-kind-code__qwen25-7b-base__kind-code__all-linear-r16__s11__5ebaf38834,11,5046272,16
129597.37768398342,0.5,7875.853870785242,kind_code,1.6193483030641234,8171672,7496.630506760062,122100.74717722335,qwen25_7b_base,1,2,0.49477062033488856,0.951849873010992,qwen25-kind-code__qwen25-7b-base__kind-code__all-linear-r16__s11__5ebaf38834,11,5046272,16
129597.37768398342,0.0,7875.853870785242,kind_code,2.057528409090909,10382848,7705.266519898418,121892.111164085,qwen25_7b_base,2,2,0.34552776926992634,0.9783404626741994,qwen25-kind-code__qwen25-7b-base__kind-code__all-linear-r16__s11__5ebaf38834,11,5046272,16
129597.37768398342,0.0,7875.853870785242,kind_code,2.9134410511363638,14702016,7792.766393473619,121804.6112905098,qwen25_7b_base,3,2,0.20423859871473315,0.9894503531077654,qwen25-kind-code__qwen25-7b-base__kind-code__all-linear-r16__s11__5ebaf38834,11,5046272,16
129597.37768398342,0.0,7875.853870785242,kind_code,3.3946089311079546,17130120,7819.916788420393,121777.46089556302,qwen25_7b_base,4,2,0.12919418656197745,0.9928976485238835,qwen25-kind-code__qwen25-7b-base__kind-code__all-linear-r16__s11__5ebaf38834,11,5046272,16
129597.37768398342,0.0,7875.853870785242,kind_code,7.237039937601461,36520072,7839.280608655419,121758.097075328,qwen25_7b_base,8,2,0.009001465157719216,0.9953562797469506,qwen25-kind-code__qwen25-7b-base__kind-code__all-linear-r16__s11__5ebaf38834,11,5046272,16
129597.37768398342,0.25,7875.853870785242,kind_code,0.3213754629159903,3243496,1900.0188952793105,127697.3587887041,qwen25_7b_base,0,4,0.9200337182816547,0.24124608283138116,qwen25-kind-code__qwen25-7b-base__kind-code__all-linear-r16__s11__5ebaf38834,11,10092544,16
129597.37768398342,0.5,7875.853870785242,kind_code,0.572225199117289,5775208,4997.764828404528,124599.61285557889,qwen25_7b_base,0,4,0.8305015630964919,0.6345679986449823,qwen25-kind-code__qwen25-7b-base__kind-code__all-linear-r16__s11__5ebaf38834,11,10092544,16
129597.37768398342,0.75,7875.853870785242,kind_code,0.823154201755276,8307720,6857.656903395196,122739.72078058822,qwen25_7b_base,0,4,0.7287520300193122,0.8707191646651858,qwen25-kind-code__qwen25-7b-base__kind-code__all-linear-r16__s11__5ebaf38834,11,10092544,16
129597.37768398342,0.0,7875.853870785242,kind_code,1.0724511084618507,10823760,7355.227066374529,122242.15061760889,qwen25_7b_base,1,4,0.6025564296094648,0.9338958273030014,qwen25-kind-code__qwen25-7b-base__kind-code__all-linear-r16__s11__5ebaf38834,11,10092544,16
129597.37768398342,0.5,7875.853870785242,kind_code,1.5527058390827921,15670752,7642.349606263757,121955.02807771966,qwen25_7b_base,1,4,0.4915037043305099,0.9703518795101509,qwen25-kind-code__qwen25-7b-base__kind-code__all-linear-r16__s11__5ebaf38834,11,10092544,16
129597.37768398342,0.0,7875.853870785242,kind_code,1.991311605874594,20097400,7802.6831652489345,121794.69451873448,qwen25_7b_base,2,4,0.34414675029712155,0.9907094891885021,qwen25-kind-code__qwen25-7b-base__kind-code__all-linear-r16__s11__5ebaf38834,11,10092544,16
129597.37768398342,0.0,7875.853870785242,kind_code,2.8487564681412336,28751200,7870.630571507325,121726.74711247609,qwen25_7b_base,3,4,0.2030916648005466,0.9993367958111447,qwen25-kind-code__qwen25-7b-base__kind-code__all-linear-r16__s11__5ebaf38834,11,10092544,16
129597.37768398342,0.0,7875.853870785242,kind_code,3.336648519937094,33675272,7894.894307570314,121702.4833764131,qwen25_7b_base,4,4,0.12802499422105948,1.002417571110061,qwen25-kind-code__qwen25-7b-base__kind-code__all-linear-r16__s11__5ebaf38834,11,10092544,16
129597.37768398342,0.0,7875.853870785242,kind_code,7.185760101714692,72522600,7906.448353063955,121690.92933091946,qwen25_7b_base,8,4,0.00888973693011075,1.0038845924239657,qwen25-kind-code__qwen25-7b-base__kind-code__all-linear-r16__s11__5ebaf38834,11,10092544,16
129597.37768398342,0.25,7875.853870785242,kind_code,0.2873891855215097,5800976,1852.5686302956456,127744.80905368777,qwen25_7b_base,0,8,0.9208586786680834,0.23522130561202756,qwen25-kind-code__qwen25-7b-base__kind-code__all-linear-r16__s11__5ebaf38834,11,20185088,16
129597.37768398342,0.5,7875.853870785242,kind_code,0.5382785549411526,10865200,5486.670986210898,124110.70669777252,qwen25_7b_base,0,8,0.8292481243937913,0.696644589428354,qwen25-kind-code__qwen25-7b-base__kind-code__all-linear-r16__s11__5ebaf38834,11,20185088,16
129597.37768398342,0.75,7875.853870785242,kind_code,0.789259080762987,15931264,6974.58731033509,122622.79037364833,qwen25_7b_base,0,8,0.7288739177416389,0.885565860510272,qwen25-kind-code__qwen25-7b-base__kind-code__all-linear-r16__s11__5ebaf38834,11,20185088,16
129597.37768398342,0.0,7875.853870785242,kind_code,1.037978135146104,20951680,7480.208351995898,122117.16933198752,qwen25_7b_base,1,8,0.6016865860539523,0.9497647461112814,qwen25-kind-code__qwen25-7b-base__kind-code__all-linear-r16__s11__5ebaf38834,11,20185088,16
129597.37768398342,0.5,7875.853870785242,kind_code,1.5151731813108766,30583904,7732.53165221079,121864.84603177263,qwen25_7b_base,1,8,0.4902264022393721,0.9818023263349143,qwen25-kind-code__qwen25-7b-base__kind-code__all-linear-r16__s11__5ebaf38834,11,20185088,16
129597.37768398342,0.0,7875.853870785242,kind_code,1.9580847009435876,39524112,7876.165733203423,121721.21195078,qwen25_7b_base,2,8,0.3431836160757522,1.0000395972834561,qwen25-kind-code__qwen25-7b-base__kind-code__all-linear-r16__s11__5ebaf38834,11,20185088,16
129597.37768398342,0.0,7875.853870785242,kind_code,2.817184250076096,56865112,7913.741096706013,121683.6365872774,qwen25_7b_base,3,8,0.20214603197774844,1.0048105547083994,qwen25-kind-code__qwen25-7b-base__kind-code__all-linear-r16__s11__5ebaf38834,11,20185088,16
129597.37768398342,0.0,7875.853870785242,kind_code,3.3118686428317776,66850360,7919.6949350311625,121677.68274895225,qwen25_7b_base,4,8,0.1269274092796731,1.005566515702957,qwen25-kind-code__qwen25-7b-base__kind-code__all-linear-r16__s11__5ebaf38834,11,20185088,16
129597.37768398342,0.0,7875.853870785242,kind_code,7.166813838017451,144662768,7920.5978461839695,121676.77983779945,qwen25_7b_base,8,8,0.008778911418323217,1.00568115865693,qwen25-kind-code__qwen25-7b-base__kind-code__all-linear-r16__s11__5ebaf38834,11,20185088,16
117703.73424485848,0.25,7886.722978087564,kind_code,0.270460252637987,10918528,1545.0703384422814,116158.6639064162,qwen25_7b_base,0,16,0.9207397219878061,0.195907773448503,qwen25-kind-code__qwen25-7b-base__kind-code__all-linear-r16__s22__4340ebd7bd,22,40370176,16
117703.73424485848,0.5,7886.722978087564,kind_code,0.5213196989777801,21045768,5426.457504669437,112277.27674018905,qwen25_7b_base,0,16,0.8283747298424532,0.6880497159271706,qwen25-kind-code__qwen25-7b-base__kind-code__all-linear-r16__s22__4340ebd7bd,22,40370176,16
117703.73424485848,0.75,7886.722978087564,kind_code,0.7720422125481939,31167480,7337.153231851291,110366.58101300719,qwen25_7b_base,0,16,0.7212093177212862,0.9303170977650419,qwen25-kind-code__qwen25-7b-base__kind-code__all-linear-r16__s22__4340ebd7bd,22,40370176,16
117703.73424485848,0.0,7886.722978087564,kind_code,1.0205088033304586,41198120,7627.594573408918,110076.13967144956,qwen25_7b_base,1,16,0.6008696949505337,0.9671437166743897,qwen25-kind-code__qwen25-7b-base__kind-code__all-linear-r16__s22__4340ebd7bd,22,40370176,16
117703.73424485848,0.5,7886.722978087564,kind_code,1.4942735944475447,60324088,7855.876096306238,109847.85814855224,qwen25_7b_base,1,16,0.49014927878460357,0.9960887580472864,qwen25-kind-code__qwen25-7b-base__kind-code__all-linear-r16__s22__4340ebd7bd,22,40370176,16
117703.73424485848,0.0,7886.722978087564,kind_code,1.9410697639762582,78361328,7939.170721217379,109764.5635236411,qwen25_7b_base,2,16,0.3424875946119671,1.0066501312744895,qwen25-kind-code__qwen25-7b-base__kind-code__all-linear-r16__s22__4340ebd7bd,22,40370176,16
117703.73424485848,0.0,7886.722978087564,kind_code,2.8007170441862823,113065440,7908.520122891496,109795.21412196699,qwen25_7b_base,3,16,0.2017051878760368,1.0027637771561766,qwen25-kind-code__qwen25-7b-base__kind-code__all-linear-r16__s22__4340ebd7bd,22,40370176,16
117703.73424485848,0.0,7886.722978087564,kind_code,3.2991023868709415,133185344,7893.003045487625,109810.73119937086,qwen25_7b_base,4,16,0.1264780516388987,1.0007962835029847,qwen25-kind-code__qwen25-7b-base__kind-code__all-linear-r16__s22__4340ebd7bd,22,40370176,16
117703.73424485848,0.0,7886.722978087564,kind_code,7.156289236886161,288900656,7892.667217545022,109811.06702731346,qwen25_7b_base,8,16,0.008741158673585816,1.0007537020729615,qwen25-kind-code__qwen25-7b-base__kind-code__all-linear-r16__s22__4340ebd7bd,22,40370176,16
117703.73424485848,0.25,7886.722978087564,kind_code,0.2601302506087662,656344,0.0,117703.73424485848,qwen25_7b_base,0,1,1.0,0.0,qwen25-kind-code__qwen25-7b-base__kind-code__all-linear-r16__s22__4340ebd7bd,22,2523136,16
117703.73424485848,0.5,7886.722978087564,kind_code,0.2601270799512987,656336,0.0,117703.73424485848,qwen25_7b_base,0,1,1.0,0.0,qwen25-kind-code__qwen25-7b-base__kind-code__all-linear-r16__s22__4340ebd7bd,22,2523136,16
117703.73424485848,0.75,7886.722978087564,kind_code,1.2770679028003247,3222216,6930.894503647345,110772.83974121114,qwen25_7b_base,0,1,0.6043164265811595,0.8788053698480486,qwen25-kind-code__qwen25-7b-base__kind-code__all-linear-r16__s22__4340ebd7bd,22,2523136,16
117703.73424485848,0.0,7886.722978087564,kind_code,1.27830762987013,3225344,6930.894503647345,110772.83974121114,qwen25_7b_base,1,1,0.6043164265811595,0.8788053698480486,qwen25-kind-code__qwen25-7b-base__kind-code__all-linear-r16__s22__4340ebd7bd,22,2523136,16
117703.73424485848,0.5,7886.722978087564,kind_code,1.2770647321428572,3222208,6930.894503647345,110772.83974121114,qwen25_7b_base,1,1,0.6043164265811595,0.8788053698480486,qwen25-kind-code__qwen25-7b-base__kind-code__all-linear-r16__s22__4340ebd7bd,22,2523136,16
117703.73424485848,0.0,7886.722978087564,kind_code,2.1938603388798703,5535408,7588.593767649028,110115.14047720945,qwen25_7b_base,2,1,0.346099981897303,0.9621985948705366,qwen25-kind-code__qwen25-7b-base__kind-code__all-linear-r16__s22__4340ebd7bd,22,2523136,16
117703.73424485848,0.0,7886.722978087564,kind_code,3.0437709263392856,7679848,7669.487068631119,110034.24717622736,qwen25_7b_base,3,1,0.2055298026411679,0.9724554913289065,qwen25-kind-code__qwen25-7b-base__kind-code__all-linear-r16__s22__4340ebd7bd,22,2523136,16
117703.73424485848,0.0,7886.722978087564,kind_code,3.5132216416396105,8864336,7712.388154905435,109991.34608995305,qwen25_7b_base,4,1,0.131386317624154,0.977895150664414,qwen25-kind-code__qwen25-7b-base__kind-code__all-linear-r16__s22__4340ebd7bd,22,2523136,16
117703.73424485848,0.0,7886.722978087564,kind_code,7.342180524553571,18525320,7723.86669597376,109979.86754888472,qwen25_7b_base,8,1,0.009264765790441923,0.9793505765872235,qwen25-kind-code__qwen25-7b-base__kind-code__all-linear-r16__s22__4340ebd7bd,22,2523136,16
117703.73424485848,0.25,7886.722978087564,kind_code,0.13139680144074675,663064,0.0,117703.73424485848,qwen25_7b_base,0,2,1.0,0.0,qwen25-kind-code__qwen25-7b-base__kind-code__all-linear-r16__s22__4340ebd7bd,22,5046272,16
117703.73424485848,0.5,7886.722978087564,kind_code,0.6398640422077922,3228928,4590.460199232199,113113.27404562628,qwen25_7b_base,0,2,0.832588757339937,0.5820491238232043,qwen25-kind-code__qwen25-7b-base__kind-code__all-linear-r16__s22__4340ebd7bd,22,5046272,16
117703.73424485848,0.75,7886.722978087564,kind_code,1.1415666852678572,5760656,7254.404283297816,110449.32996156067,qwen25_7b_base,0,2,0.6034471367159895,0.9198249137764088,qwen25-kind-code__qwen25-7b-base__kind-code__all-linear-r16__s22__4340ebd7bd,22,5046272,16
117703.73424485848,0.0,7886.722978087564,kind_code,1.1409436510754871,5757512,7254.404283297816,110449.32996156067,qwen25_7b_base,1,2,0.6034471367159895,0.9198249137764088,qwen25-kind-code__qwen25-7b-base__kind-code__all-linear-r16__s22__4340ebd7bd,22,5046272,16
117703.73424485848,0.5,7886.722978087564,kind_code,1.6196542715097402,8173216,7545.09027653966,110158.64396831882,qwen25_7b_base,1,2,0.4928512359879704,0.956682553387878,qwen25-kind-code__qwen25-7b-base__kind-code__all-linear-r16__s22__4340ebd7bd,22,5046272,16
117703.73424485848,0.0,7886.722978087564,kind_code,2.058601676643669,10388264,7748.296730231043,109955.43751462744,qwen25_7b_base,2,2,0.34525944481571735,0.9824481919497966,qwen25-kind-code__qwen25-7b-base__kind-code__all-linear-r16__s22__4340ebd7bd,22,5046272,16
117703.73424485848,0.0,7886.722978087564,kind_code,2.910500266335227,14687176,7807.232858444389,109896.5013864141,qwen25_7b_base,3,2,0.20460041228208958,0.9899210204461308,qwen25-kind-code__qwen25-7b-base__kind-code__all-linear-r16__s22__4340ebd7bd,22,5046272,16
117703.73424485848,0.0,7886.722978087564,kind_code,3.3872054459212664,17092760,7835.185854802941,109868.54839005554,qwen25_7b_base,4,2,0.13010299491905442,0.9934653311105496,qwen25-kind-code__qwen25-7b-base__kind-code__all-linear-r16__s22__4340ebd7bd,22,5046272,16
117703.73424485848,0.0,7886.722978087564,kind_code,7.221919072138799,36443768,7851.542152336595,109852.19209252189,qwen25_7b_base,8,2,0.009130435120163333,0.9955392339950679,qwen25-kind-code__qwen25-7b-base__kind-code__all-linear-r16__s22__4340ebd7bd,22,5046272,16
117703.73424485848,0.25,7886.722978087564,kind_code,0.3213754629159903,3243496,1821.7261412091757,115882.0081036493,qwen25_7b_base,0,4,0.9195199707034396,0.23098644979298139,qwen25-kind-code__qwen25-7b-base__kind-code__all-linear-r16__s22__4340ebd7bd,22,10092544,16
117703.73424485848,0.5,7886.722978087564,kind_code,0.572225199117289,5775208,4881.63066648363,112822.10357837485,qwen25_7b_base,0,4,0.8318709648050584,0.6189681924985486,qwen25-kind-code__qwen25-7b-base__kind-code__all-linear-r16__s22__4340ebd7bd,22,10092544,16
117703.73424485848,0.75,7886.722978087564,kind_code,0.823154201755276,8307720,6908.83787967496,110794.89636518352,qwen25_7b_base,0,4,0.7303984104746652,0.876008691933322,qwen25-kind-code__qwen25-7b-base__kind-code__all-linear-r16__s22__4340ebd7bd,22,10092544,16
117703.73424485848,0.0,7886.722978087564,kind_code,1.0724511084618507,10823760,7419.972046636845,110283.76219822164,qwen25_7b_base,1,4,0.6021874291982283,0.9408181404687932,qwen25-kind-code__qwen25-7b-base__kind-code__all-linear-r16__s22__4340ebd7bd,22,10092544,16
117703.73424485848,0.5,7886.722978087564,kind_code,1.5525377942370129,15669056,7680.293736772146,110023.44050808634,qwen25_7b_base,1,4,0.4914799340733348,0.9738257268717362,qwen25-kind-code__qwen25-7b-base__kind-code__all-linear-r16__s22__4340ebd7bd,22,10092544,16
117703.73424485848,0.0,7886.722978087564,kind_code,1.991692084770698,20101240,7860.286215691507,109843.44802916698,qwen25_7b_base,2,4,0.3438619989499677,0.9966479407899188,qwen25-kind-code__qwen25-7b-base__kind-code__all-linear-r16__s22__4340ebd7bd,22,10092544,16
117703.73424485848,0.0,7886.722978087564,kind_code,2.847979657061688,28743360,7922.3229999412,109781.41124491728,qwen25_7b_base,3,4,0.2031622606235187,1.0045139181320994,qwen25-kind-code__qwen25-7b-base__kind-code__all-linear-r16__s22__4340ebd7bd,22,10092544,16
117703.73424485848,0.0,7886.722978087564,kind_code,3.3375363040280033,33684232,7928.4906636082305,109775.24358125025,qwen25_7b_base,4,4,0.1281659015525465,1.005295949361568,qwen25-kind-code__qwen25-7b-base__kind-code__all-linear-r16__s22__4340ebd7bd,22,10092544,16
117703.73424485848,0.0,7886.722978087564,kind_code,7.187153605671672,72536664,7940.013559088198,109763.72068577028,qwen25_7b_base,8,4,0.008920773842780902,1.0067569992186485,qwen25-kind-code__qwen25-7b-base__kind-code__all-linear-r16__s22__4340ebd7bd,22,10092544,16
117703.73424485848,0.25,7886.722978087564,kind_code,0.2873891855215097,5800976,1757.6319604959863,115946.1022843625,qwen25_7b_base,0,8,0.9208708619532147,0.22285960409404298,qwen25-kind-code__qwen25-7b-base__kind-code__all-linear-r16__s22__4340ebd7bd,22,20185088,16
117703.73424485848,0.5,7886.722978087564,kind_code,0.5382785549411526,10865200,5297.291676149252,112406.44256870923,qwen25_7b_base,0,8,0.8298314032566518,0.6716720862222781,qwen25-kind-code__qwen25-7b-base__kind-code__all-linear-r16__s22__4340ebd7bd,22,20185088,16
117703.73424485848,0.75,7886.722978087564,kind_code,0.789259080762987,15931264,7043.938394790268,110659.79585006821,qwen25_7b_base,0,8,0.728606475019142,0.8931388124524108,qwen25-kind-code__qwen25-7b-base__kind-code__all-linear-r16__s22__4340ebd7bd,22,20185088,16
117703.73424485848,0.0,7886.722978087564,kind_code,1.037978135146104,20951680,7539.239315226558,110164.49492963192,qwen25_7b_base,1,8,0.601338362304144,0.9559406785522385,qwen25-kind-code__qwen25-7b-base__kind-code__all-linear-r16__s22__4340ebd7bd,22,20185088,16
117703.73424485848,0.5,7886.722978087564,kind_code,1.5151616876775569,30583672,7788.692237123323,109915.04200773516,qwen25_7b_base,1,8,0.48985193195425636,0.9875701554071813,qwen25-kind-code__qwen25-7b-base__kind-code__all-linear-r16__s22__4340ebd7bd,22,20185088,16
117703.73424485848,0.0,7886.722978087564,kind_code,1.9582380814985796,39527208,7925.072468436367,109778.66177642212,qwen25_7b_base,2,8,0.34302889670224657,1.0048625380218568,qwen25-kind-code__qwen25-7b-base__kind-code__all-linear-r16__s22__4340ebd7bd,22,20185088,16
117703.73424485848,0.0,7886.722978087564,kind_code,2.8161942122818586,56845128,7949.40840204226,109754.32584281622,qwen25_7b_base,3,8,0.20231608977774035,1.0079482218570197,qwen25-kind-code__qwen25-7b-base__kind-code__all-linear-r16__s22__4340ebd7bd,22,20185088,16
117703.73424485848,0.0,7886.722978087564,kind_code,3.310835008497362,66829496,7940.630714789237,109763.10353006925,qwen25_7b_base,4,8,0.12719184366641478,1.0068352517073884,qwen25-kind-code__qwen25-7b-base__kind-code__all-linear-r16__s22__4340ebd7bd,22,20185088,16
117703.73424485848,0.0,7886.722978087564,kind_code,7.164960192395495,144625352,7946.728806228522,109757.00543862996,qwen25_7b_base,8,8,0.0088156406279126,1.0076084615001286,qwen25-kind-code__qwen25-7b-base__kind-code__all-linear-r16__s22__4340ebd7bd,22,20185088,16
122189.2573357078,0.25,7716.949080889768,kind_code,0.270460252637987,10918528,1613.9837619635073,120575.2735737443,qwen25_7b_base,0,16,0.9204144960249746,0.20914790871957056,qwen25-kind-code__qwen25-7b-base__kind-code__all-linear-r16__s33__c104401224,33,40370176,16
122189.2573357078,0.5,7716.949080889768,kind_code,0.5213196989777801,21045768,5588.4748637535085,116600.7824719543,qwen25_7b_base,0,16,0.8279270658726858,0.7241819020929907,qwen25-kind-code__qwen25-7b-base__kind-code__all-linear-r16__s33__c104401224,33,40370176,16
122189.2573357078,0.75,7716.949080889768,kind_code,0.7720422125481939,31167480,7314.34087122354,114874.91646448427,qwen25_7b_base,0,16,0.7215916554092019,0.9478280593216241,qwen25-kind-code__qwen25-7b-base__kind-code__all-linear-r16__s33__c104401224,33,40370176,16
122189.2573357078,0.0,7716.949080889768,kind_code,1.0204709536069398,41196592,7513.032720823787,114676.22461488402,qwen25_7b_base,1,16,0.601169541690796,0.9735755208530584,qwen25-kind-code__qwen25-7b-base__kind-code__all-linear-r16__s33__c104401224,33,40370176,16
122189.2573357078,0.5,7716.949080889768,kind_code,1.4941570727856128,60319384,7699.504413249902,114489.7529224579,qwen25_7b_base,1,16,0.4908241127956427,0.9977394346577891,qwen25-kind-code__qwen25-7b-base__kind-code__all-linear-r16__s33__c104401224,33,40370176,16
122189.2573357078,0.0,7716.949080889768,kind_code,1.940933623871246,78355832,7756.649105764358,114432.60822994345,qwen25_7b_base,2,16,0.3427071103714868,1.005144523367778,qwen25-kind-code__qwen25-7b-base__kind-code__all-linear-r16__s33__c104401224,33,40370176,16
122189.2573357078,0.0,7716.949080889768,kind_code,2.800500844980215,113056712,7741.459348579316,114447.79798712849,qwen25_7b_base,3,16,0.201780377686351,1.003176160349463,qwen25-kind-code__qwen25-7b-base__kind-code__all-linear-r16__s33__c104401224,33,40370176,16
122189.2573357078,0.0,7716.949080889768,kind_code,3.2981422721565545,133146584,7731.958637490941,114457.29869821687,qwen25_7b_base,4,16,0.12654369515574793,1.0019450117454245,qwen25-kind-code__qwen25-7b-base__kind-code__all-linear-r16__s33__c104401224,33,40370176,16
122189.2573357078,0.0,7716.949080889768,kind_code,7.153143152014001,288773648,7713.788410991459,114475.46892471635,qwen25_7b_base,8,16,0.008769217462291158,0.9995904249379932,qwen25-kind-code__qwen25-7b-base__kind-code__all-linear-r16__s33__c104401224,33,40370176,16
122189.2573357078,0.25,7716.949080889768,kind_code,0.2601302506087662,656344,0.0,122189.2573357078,qwen25_7b_base,0,1,1.0,0.0,qwen25-kind-code__qwen25-7b-base__kind-code__all-linear-r16__s33__c104401224,33,2523136,16
122189.2573357078,0.5,7716.949080889768,kind_code,0.2601270799512987,656336,0.0,122189.2573357078,qwen25_7b_base,0,1,1.0,0.0,qwen25-kind-code__qwen25-7b-base__kind-code__all-linear-r16__s33__c104401224,33,2523136,16
122189.2573357078,0.75,7716.949080889768,kind_code,1.2770679028003247,3222216,7047.600884868341,115141.65645083947,qwen25_7b_base,0,1,0.6045690474350984,0.9132625874545423,qwen25-kind-code__qwen25-7b-base__kind-code__all-linear-r16__s33__c104401224,33,2523136,16
122189.2573357078,0.0,7716.949080889768,kind_code,1.27830762987013,3225344,7047.600884868341,115141.65645083947,qwen25_7b_base,1,1,0.6045690474350984,0.9132625874545423,qwen25-kind-code__qwen25-7b-base__kind-code__all-linear-r16__s33__c104401224,33,2523136,16
122189.2573357078,0.5,7716.949080889768,kind_code,1.2770647321428572,3222208,7047.600884868341,115141.65645083947,qwen25_7b_base,1,1,0.6045690474350984,0.9132625874545423,qwen25-kind-code__qwen25-7b-base__kind-code__all-linear-r16__s33__c104401224,33,2523136,16
122189.2573357078,0.0,7716.949080889768,kind_code,2.1932896205357144,5533968,7518.007023705781,114671.25031200203,qwen25_7b_base,2,1,0.34618319335443765,0.9742201153462776,qwen25-kind-code__qwen25-7b-base__kind-code__all-linear-r16__s33__c104401224,33,2523136,16
122189.2573357078,0.0,7716.949080889768,kind_code,3.0449789468344157,7682896,7587.491194355593,114601.76614135221,qwen25_7b_base,3,1,0.20517556771884798,0.9832242139766395,qwen25-kind-code__qwen25-7b-base__kind-code__all-linear-r16__s33__c104401224,33,2523136,16
122189.2573357078,0.0,7716.949080889768,kind_code,3.5142933238636362,8867040,7615.253442004352,114574.00389370346,qwen25_7b_base,4,1,0.13068631323515054,0.9868217817923336,qwen25-kind-code__qwen25-7b-base__kind-code__all-linear-r16__s33__c104401224,33,2523136,16
122189.2573357078,0.0,7716.949080889768,kind_code,7.342215401785714,18525408,7618.203520436538,114571.05381527127,qwen25_7b_base,8,1,0.009195399242651602,0.9872040673823075,qwen25-kind-code__qwen25-7b-base__kind-code__all-linear-r16__s33__c104401224,33,2523136,16
122189.2573357078,0.25,7716.949080889768,kind_code,0.13139680144074675,663064,0.0,122189.2573357078,qwen25_7b_base,0,2,1.0,0.0,qwen25-kind-code__qwen25-7b-base__kind-code__all-linear-r16__s33__c104401224,33,5046272,16
122189.2573357078,0.5,7716.949080889768,kind_code,0.6398640422077922,3228928,5217.9069351777725,116971.35040053003,qwen25_7b_base,0,2,0.8306673159451525,0.6761618977245014,qwen25-kind-code__qwen25-7b-base__kind-code__all-linear-r16__s33__c104401224,33,5046272,16
122189.2573357078,0.75,7716.949080889768,kind_code,1.1415666852678572,5760656,7247.58276687366,114941.67456883415,qwen25_7b_base,0,2,0.6036366434035784,0.9391772176936549,qwen25-kind-code__qwen25-7b-base__kind-code__all-linear-r16__s33__c104401224,33,5046272,16
122189.2573357078,0.0,7716.949080889768,kind_code,1.1409436510754871,5757512,7247.58276687366,114941.67456883415,qwen25_7b_base,1,2,0.6036366434035784,0.9391772176936549,qwen25-kind-code__qwen25-7b-base__kind-code__all-linear-r16__s33__c104401224,33,5046272,16
122189.2573357078,0.5,7716.949080889768,kind_code,1.6194291548295454,8172080,7495.000736988761,114694.25659871905,qwen25_7b_base,1,2,0.49417148198944855,0.9712388482061337,qwen25-kind-code__qwen25-7b-base__kind-code__all-linear-r16__s33__c104401224,33,5046272,16
122189.2573357078,0.0,7716.949080889768,kind_code,2.0579183999594157,10384816,7635.451635296122,114553.80570041169,qwen25_7b_base,2,2,0.34523454507084195,0.9894391624540498,qwen25-kind-code__qwen25-7b-base__kind-code__all-linear-r16__s33__c104401224,33,5046272,16
122189.2573357078,0.0,7716.949080889768,kind_code,2.9128306995738638,14698936,7677.867936186245,114511.38939952156,qwen25_7b_base,3,2,0.2041832146737945,0.9949356741512908,qwen25-kind-code__qwen25-7b-base__kind-code__all-linear-r16__s33__c104401224,33,5046272,16
122189.2573357078,0.0,7716.949080889768,kind_code,3.393465909090909,17124352,7707.303089606867,114481.95424610094,qwen25_7b_base,4,2,0.12922020533720982,0.9987500252778927,qwen25-kind-code__qwen25-7b-base__kind-code__all-linear-r16__s33__c104401224,33,5046272,16
122189.2573357078,0.0,7716.949080889768,kind_code,7.2333984375,36501696,7715.069780028469,114474.18755567934,qwen25_7b_base,8,2,0.009033902643871434,0.9997564710040716,qwen25-kind-code__qwen25-7b-base__kind-code__all-linear-r16__s33__c104401224,33,5046272,16
122189.2573357078,0.25,7716.949080889768,kind_code,0.3213754629159903,3243496,2184.490569486574,120004.76676622123,qwen25_7b_base,0,4,0.9194944495526678,0.2830769707806211,qwen25-kind-code__qwen25-7b-base__kind-code__all-linear-r16__s33__c104401224,33,10092544,16
122189.2573357078,0.5,7716.949080889768,kind_code,0.572225199117289,5775208,5497.486484629146,116691.77085107866,qwen25_7b_base,0,4,0.8307797174638578,0.7123911829667383,qwen25-kind-code__qwen25-7b-base__kind-code__all-linear-r16__s33__c104401224,33,10092544,16
122189.2573357078,0.75,7716.949080889768,kind_code,0.823154201755276,8307720,7001.588073238323,115187.66926246948,qwen25_7b_base,0,4,0.729619573857426,0.9073000223076548,qwen25-kind-code__qwen25-7b-base__kind-code__all-linear-r16__s33__c104401224,33,10092544,16
122189.2573357078,0.0,7716.949080889768,kind_code,1.0724297065239448,10823544,7367.85759771525,114821.39973799256,qwen25_7b_base,1,4,0.6024726849760002,0.9547630184525894,qwen25-kind-code__qwen25-7b-base__kind-code__all-linear-r16__s33__c104401224,33,10092544,16
122189.2573357078,0.5,7716.949080889768,kind_code,1.5521771319500812,15665416,7584.931624459976,114604.32571124783,qwen25_7b_base,1,4,0.4914088594809406,0.9828925323925333,qwen25-kind-code__qwen25-7b-base__kind-code__all-linear-r16__s33__c104401224,33,10092544,16
122189.2573357078,0.0,7716.949080889768,kind_code,1.9911744749391234,20096016,7722.50434400409,114466.75299170372,qwen25_7b_base,2,4,0.3440848909972239,1.0007198781611866,qwen25-kind-code__qwen25-7b-base__kind-code__all-linear-r16__s33__c104401224,33,10092544,16
122189.2573357078,0.0,7716.949080889768,kind_code,2.8485662286931817,28749280,7759.430316667451,114429.82701904036,qwen25_7b_base,3,4,0.2030662557566585,1.005504926277521,qwen25-kind-code__qwen25-7b-base__kind-code__all-linear-r16__s33__c104401224,33,10092544,16
122189.2573357078,0.0,7716.949080889768,kind_code,3.338020621956169,33689120,7777.39965547793,114411.85768022988,qwen25_7b_base,4,4,0.12790630078689108,1.007833481075813,qwen25-kind-code__qwen25-7b-base__kind-code__all-linear-r16__s33__c104401224,33,10092544,16
122189.2573357078,0.0,7716.949080889768,kind_code,7.1867897727272725,72532992,7781.369700668685,114407.88763503912,qwen25_7b_base,8,4,0.008895677650031592,1.0083479389462926,qwen25-kind-code__qwen25-7b-base__kind-code__all-linear-r16__s33__c104401224,33,10092544,16
122189.2573357078,0.25,7716.949080889768,kind_code,0.2873891855215097,5800976,1881.8622807766806,120307.39505493113,qwen25_7b_base,0,8,0.9206527225090942,0.24386091719030767,qwen25-kind-code__qwen25-7b-base__kind-code__all-linear-r16__s33__c104401224,33,20185088,16
122189.2573357078,0.5,7716.949080889768,kind_code,0.5382722136262176,10865072,5622.3674810614175,116566.88985464639,qwen25_7b_base,0,8,0.829966369868415,0.7285738731883865,qwen25-kind-code__qwen25-7b-base__kind-code__all-linear-r16__s33__c104401224,33,20185088,16
122189.2573357078,0.75,7716.949080889768,kind_code,0.7892234108664773,15930544,7095.577694601612,115093.6796411062,qwen25_7b_base,0,8,0.7274543864561097,0.9194796570801642,qwen25-kind-code__qwen25-7b-base__kind-code__all-linear-r16__s33__c104401224,33,20185088,16
122189.2573357078,0.0,7716.949080889768,kind_code,1.0378869787439124,20949840,7435.683057869217,114753.57427783859,qwen25_7b_base,1,8,0.601608386859587,0.9635521732653287,qwen25-kind-code__qwen25-7b-base__kind-code__all-linear-r16__s33__c104401224,33,20185088,16
122189.2573357078,0.5,7716.949080889768,kind_code,1.5152904956371753,30586272,7639.372781433674,114549.88455427413,qwen25_7b_base,1,8,0.4904668691743723,0.9899472837460852,qwen25-kind-code__qwen25-7b-base__kind-code__all-linear-r16__s33__c104401224,33,20185088,16
122189.2573357078,0.0,7716.949080889768,kind_code,1.9578243106990665,39518856,7742.4635661126085,114446.7937695952,qwen25_7b_base,2,8,0.3431644862281534,1.0033062917683395,qwen25-kind-code__qwen25-7b-base__kind-code__all-linear-r16__s33__c104401224,33,20185088,16
122189.2573357078,0.0,7716.949080889768,kind_code,2.816873921976461,56858848,7760.68162614679,114428.57570956102,qwen25_7b_base,3,8,0.20225190907197202,1.0056670770791167,qwen25-kind-code__qwen25-7b-base__kind-code__all-linear-r16__s33__c104401224,33,20185088,16
122189.2573357078,0.0,7716.949080889768,kind_code,3.3116062709263394,66845064,7774.987868468379,114414.26946723943,qwen25_7b_base,4,8,0.12701930622241883,1.0075209499207838,qwen25-kind-code__qwen25-7b-base__kind-code__all-linear-r16__s33__c104401224,33,20185088,16
122189.2573357078,0.0,7716.949080889768,kind_code,7.164820683466924,144622536,7761.512843407865,114427.74449229994,qwen25_7b_base,8,8,0.008804473498509243,1.0057747902766982,qwen25-kind-code__qwen25-7b-base__kind-code__all-linear-r16__s33__c104401224,33,20185088,16
14052.978045688917,0.25,4506.935346864775,panel_math,0.27046064897017047,10918544,3279.8402264243286,10773.137819264588,qwen25_7b_base,0,16,0.9208850388267974,0.7277318119741681,qwen25-panel-math__qwen25-7b-base__panel-math__all-linear-r16__s11__b456af4c70,11,40370176,16
14052.978045688917,0.5,4506.935346864775,panel_math,0.5213200953099635,21045784,4272.0007345388385,9780.977311150078,qwen25_7b_base,0,16,0.8288455084658835,0.9478726464338195,qwen25-panel-math__qwen25-7b-base__panel-math__all-linear-r16__s11__b456af4c70,11,40370176,16
14052.978045688917,0.75,4506.935346864775,panel_math,0.7720426088803775,31167496,4550.167979197382,9502.810066491535,qwen25_7b_base,0,16,0.7220127524658746,1.0095924678313128,qwen25-panel-math__qwen25-7b-base__panel-math__all-linear-r16__s11__b456af4c70,11,40370176,16
14052.978045688917,0.0,4506.935346864775,panel_math,1.020509199662642,41198136,4597.294104157905,9455.683941531011,qwen25_7b_base,1,16,0.6017877224195759,1.0200488248308217,qwen25-panel-math__qwen25-7b-base__panel-math__all-linear-r16__s11__b456af4c70,11,40370176,16
14052.978045688917,0.5,4506.935346864775,panel_math,1.4941655939275569,60319728,4615.281112078976,9437.696933609941,qwen25_7b_base,1,16,0.4916243805053875,1.024039786878587,qwen25-panel-math__qwen25-7b-base__panel-math__all-linear-r16__s11__b456af4c70,11,40370176,16
14052.978045688917,0.0,4506.935346864775,panel_math,1.9405471999923904,78340232,4585.807604957878,9467.170440731039,qwen25_7b_base,2,16,0.34309888775541497,1.0175001973675903,qwen25-panel-math__qwen25-7b-base__panel-math__all-linear-r16__s11__b456af4c70,11,40370176,16
14052.978045688917,0.0,4506.935346864775,panel_math,2.800770747197139,113067608,4544.367798653406,9508.61024703551,qwen25_7b_base,3,16,0.20175260812240595,1.008305522246879,qwen25-panel-math__qwen25-7b-base__panel-math__all-linear-r16__s11__b456af4c70,11,40370176,16
14052.978045688917,0.0,4506.935346864775,panel_math,3.300336367124087,133235160,4518.645067302607,9534.33297838631,qwen25_7b_base,4,16,0.12610142638393393,1.0025981558501782,qwen25-panel-math__qwen25-7b-base__panel-math__all-linear-r16__s11__b456af4c70,11,40370176,16
14052.978045688917,0.0,4506.935346864775,panel_math,7.158146449497768,288975632,4509.748493624011,9543.229552064906,qwen25_7b_base,8,16,0.008691926839965895,1.0006241817427428,qwen25-panel-math__qwen25-7b-base__panel-math__all-linear-r16__s11__b456af4c70,11,40370176,16
14052.978045688917,0.25,4506.935346864775,panel_math,0.2601365919237013,656360,0.0,14052.978045688917,qwen25_7b_base,0,1,1.0,0.0,qwen25-panel-math__qwen25-7b-base__panel-math__all-linear-r16__s11__b456af4c70,11,2523136,16
14052.978045688917,0.5,4506.935346864775,panel_math,0.2601334212662338,656352,0.0,14052.978045688917,qwen25_7b_base,0,1,1.0,0.0,qwen25-panel-math__qwen25-7b-base__panel-math__all-linear-r16__s11__b456af4c70,11,2523136,16
14052.978045688917,0.75,4506.935346864775,panel_math,1.2770742441152598,3222232,4444.736380825538,9608.241664863379,qwen25_7b_base,0,1,0.6052329605697392,0.9861992770580776,qwen25-panel-math__qwen25-7b-base__panel-math__all-linear-r16__s11__b456af4c70,11,2523136,16
14052.978045688917,0.0,4506.935346864775,panel_math,1.2783139711850648,3225360,4444.736380825538,9608.241664863379,qwen25_7b_base,1,1,0.6052329605697392,0.9861992770580776,qwen25-panel-math__qwen25-7b-base__panel-math__all-linear-r16__s11__b456af4c70,11,2523136,16
14052.978045688917,0.5,4506.935346864775,panel_math,1.2770710734577921,3222224,4444.736380825538,9608.241664863379,qwen25_7b_base,1,1,0.6052329605697392,0.9861992770580776,qwen25-panel-math__qwen25-7b-base__panel-math__all-linear-r16__s11__b456af4c70,11,2523136,16
14052.978045688917,0.0,4506.935346864775,panel_math,2.193387910917208,5534216,4581.526856952723,9471.451188736193,qwen25_7b_base,2,1,0.3465270017120992,1.016550383874452,qwen25-panel-math__qwen25-7b-base__panel-math__all-linear-r16__s11__b456af4c70,11,2523136,16
14052.978045688917,0.0,4506.935346864775,panel_math,3.049370307426948,7693976,4597.142975553594,9455.835070135323,qwen25_7b_base,3,1,0.20437606155354485,1.020015292376353,qwen25-panel-math__qwen25-7b-base__panel-math__all-linear-r16__s11__b456af4c70,11,2523136,16
14052.978045688917,0.0,4506.935346864775,panel_math,3.5315385298295454,8910552,4595.627552317324,9457.350493371592,qwen25_7b_base,4,1,0.1288569363378929,1.0196790498701624,qwen25-panel-math__qwen25-7b-base__panel-math__all-linear-r16__s11__b456af4c70,11,2523136,16
14052.978045688917,0.0,4506.935346864775,panel_math,7.377710912134741,18614968,4601.8054252077345,9451.172620481182,qwen25_7b_base,8,1,0.008965629129197697,1.0210497979317488,qwen25-panel-math__qwen25-7b-base__panel-math__all-linear-r16__s11__b456af4c70,11,2523136,16
14052.978045688917,0.25,4506.935346864775,panel_math,0.13139997209821427,663080,0.0,14052.978045688917,qwen25_7b_base,0,2,1.0,0.0,qwen25-panel-math__qwen25-7b-base__panel-math__all-linear-r16__s11__b456af4c70,11,5046272,16
14052.978045688917,0.5,4506.935346864775,panel_math,0.6398672128652597,3228944,4059.171222290155,9993.806823398761,qwen25_7b_base,0,2,0.8292782144315302,0.9006499782859977,qwen25-panel-math__qwen25-7b-base__panel-math__all-linear-r16__s11__b456af4c70,11,5046272,16
14052.978045688917,0.75,4506.935346864775,panel_math,1.1415698559253247,5760672,4517.9091748869105,9535.068870802006,qwen25_7b_base,0,2,0.6040634869185669,1.002434875847458,qwen25-panel-math__qwen25-7b-base__panel-math__all-linear-r16__s11__b456af4c70,11,5046272,16
14052.978045688917,0.0,4506.935346864775,panel_math,1.1409468217329546,5757528,4517.9091748869105,9535.068870802006,qwen25_7b_base,1,2,0.6040634869185669,1.002434875847458,qwen25-panel-math__qwen25-7b-base__panel-math__all-linear-r16__s11__b456af4c70,11,5046272,16
14052.978045688917,0.5,4506.935346864775,panel_math,1.6195401278409092,8172640,4580.127022095216,9472.851023593701,qwen25_7b_base,1,2,0.49348911063046785,1.0162397881481384,qwen25-panel-math__qwen25-7b-base__panel-math__all-linear-r16__s11__b456af4c70,11,5046272,16
14052.978045688917,0.0,4506.935346864775,panel_math,2.058023031655844,10385344,4612.486396603694,9440.491649085223,qwen25_7b_base,2,2,0.3454339479565565,1.023419694673975,qwen25-panel-math__qwen25-7b-base__panel-math__all-linear-r16__s11__b456af4c70,11,5046272,16
14052.978045688917,0.0,4506.935346864775,panel_math,2.9154147854099026,14711976,4619.712405753247,9433.26563993567,qwen25_7b_base,3,2,0.2034847655888727,1.02502300348438,qwen25-panel-math__qwen25-7b-base__panel-math__all-linear-r16__s11__b456af4c70,11,5046272,16
14052.978045688917,0.0,4506.935346864775,panel_math,3.403158608969156,17173264,4619.389057624219,9433.588988064697,qwen25_7b_base,4,2,0.12792356787322276,1.0249512589164769,qwen25-panel-math__qwen25-7b-base__panel-math__all-linear-r16__s11__b456af4c70,11,5046272,16
14052.978045688917,0.0,4506.935346864775,panel_math,7.2521734856939934,36596440,4620.741535231495,9432.236510457422,qwen25_7b_base,8,2,0.008870378445870814,1.0252513470036548,qwen25-panel-math__qwen25-7b-base__panel-math__all-linear-r16__s11__b456af4c70,11,5046272,16
14052.978045688917,0.25,4506.935346864775,panel_math,0.321377048244724,3243512,3277.2623008096307,10775.715744879286,qwen25_7b_base,0,4,0.9190865586625827,0.7271598211608339,qwen25-panel-math__qwen25-7b-base__panel-math__all-linear-r16__s11__b456af4c70,11,10092544,16
14052.978045688917,0.5,4506.935346864775,panel_math,0.5722267844460227,5775224,4274.196368561063,9778.781677127854,qwen25_7b_base,0,4,0.829663127737614,0.9483598142880802,qwen25-panel-math__qwen25-7b-base__panel-math__all-linear-r16__s11__b456af4c70,11,10092544,16
14052.978045688917,0.75,4506.935346864775,panel_math,0.8231557870840097,8307736,4467.370556269621,9585.607489419295,qwen25_7b_base,0,4,0.7289722374469255,0.9912213538579654,qwen25-panel-math__qwen25-7b-base__panel-math__all-linear-r16__s11__b456af4c70,11,10092544,16
14052.978045688917,0.0,4506.935346864775,panel_math,1.0724526937905845,10823776,4558.08867417094,9494.889371517977,qwen25_7b_base,1,4,0.602842312063861,1.0113499137150368,qwen25-panel-math__qwen25-7b-base__panel-math__all-linear-r16__s11__b456af4c70,11,10092544,16
14052.978045688917,0.5,4506.935346864775,panel_math,1.5522904829545454,15666560,4606.407864106346,9446.57018158257,qwen25_7b_base,1,4,0.49097625057404753,1.022070988284926,qwen25-panel-math__qwen25-7b-base__panel-math__all-linear-r16__s11__b456af4c70,11,10092544,16
14052.978045688917,0.0,4506.935346864775,panel_math,1.9915010526582793,20099312,4621.866706346575,9431.111339342342,qwen25_7b_base,2,4,0.344183354295232,1.0255010002665672,qwen25-panel-math__qwen25-7b-base__panel-math__all-linear-r16__s11__b456af4c70,11,10092544,16
14052.978045688917,0.0,4506.935346864775,panel_math,2.849982719916802,28763576,4628.0917087284415,9424.886336960475,qwen25_7b_base,3,4,0.20255955289253003,1.026882205432112,qwen25-panel-math__qwen25-7b-base__panel-math__all-linear-r16__s11__b456af4c70,11,10092544,16
14052.978045688917,0.0,4506.935346864775,panel_math,3.344483214539367,33754344,4617.980001497679,9434.998044191238,qwen25_7b_base,4,4,0.12687883898364252,1.0246386171725652,qwen25-panel-math__qwen25-7b-base__panel-math__all-linear-r16__s11__b456af4c70,11,10092544,16
14052.978045688917,0.0,4506.935346864775,panel_math,7.1989357688210225,72655576,4620.799911625143,9432.178134063774,qwen25_7b_base,8,4,0.008764965516210494,1.0252642995732293,qwen25-panel-math__qwen25-7b-base__panel-math__all-linear-r16__s11__b456af4c70,11,10092544,16
14052.978045688917,0.25,4506.935346864775,panel_math,0.28738997818587664,5800992,3552.1285072858336,10500.849538403083,qwen25_7b_base,0,8,0.9202845359166077,0.7881472073383197,qwen25-panel-math__qwen25-7b-base__panel-math__all-linear-r16__s11__b456af4c70,11,20185088,16
14052.978045688917,0.5,4506.935346864775,panel_math,0.5382793476055194,10865216,4320.259563347059,9732.718482341857,qwen25_7b_base,0,8,0.8297614253519299,0.9585803280609348,qwen25-panel-math__qwen25-7b-base__panel-math__all-linear-r16__s11__b456af4c70,11,20185088,16
14052.978045688917,0.75,4506.935346864775,panel_math,0.7892598734273539,15931280,4511.4868498874075,9541.49119580151,qwen25_7b_base,0,8,0.7272920754498888,1.0010098886876198,qwen25-panel-math__qwen25-7b-base__panel-math__all-linear-r16__s11__b456af4c70,11,20185088,16
14052.978045688917,0.0,4506.935346864775,panel_math,1.0379789278104707,20951696,4579.60285066319,9473.375195025726,qwen25_7b_base,1,8,0.602043391430097,1.0161234848529535,qwen25-panel-math__qwen25-7b-base__panel-math__all-linear-r16__s11__b456af4c70,11,20185088,16
14052.978045688917,0.5,4506.935346864775,panel_math,1.515045166015625,30581320,4614.806871703542,9438.171173985374,qwen25_7b_base,1,8,0.4906979704310771,1.0239345622993699,qwen25-panel-math__qwen25-7b-base__panel-math__all-linear-r16__s11__b456af4c70,11,20185088,16
14052.978045688917,0.0,4506.935346864775,panel_math,1.9578199510450487,39518768,4617.945803274251,9435.032242414665,qwen25_7b_base,2,8,0.34338080839969365,1.0246310292617578,qwen25-panel-math__qwen25-7b-base__panel-math__all-linear-r16__s11__b456af4c70,11,20185088,16
14052.978045688917,0.0,4506.935346864775,panel_math,2.8173618068942776,56868696,4599.943473687537,9453.03457200138,qwen25_7b_base,3,8,0.2020066623270638,1.02063666763879,qwen25-panel-math__qwen25-7b-base__panel-math__all-linear-r16__s11__b456af4c70,11,20185088,16
14052.978045688917,0.0,4506.935346864775,panel_math,3.3148018973214284,66909568,4582.716238951385,9470.261806737532,qwen25_7b_base,4,8,0.12635861850048197,1.0168142842650998,qwen25-panel-math__qwen25-7b-base__panel-math__all-linear-r16__s11__b456af4c70,11,20185088,16
14052.978045688917,0.0,4506.935346864775,panel_math,7.171448546570617,144756320,4580.858690563262,9472.119355125655,qwen25_7b_base,8,8,0.008717277377643258,1.0164021309402433,qwen25-panel-math__qwen25-7b-base__panel-math__all-linear-r16__s11__b456af4c70,11,20185088,16
13584.305039550309,0.25,3960.2347956038648,panel_math,0.27046064897017047,10918544,2736.873181408695,10847.431858141614,qwen25_7b_base,0,16,0.9205661474402086,0.6910886153636179,qwen25-panel-math__qwen25-7b-base__panel-math__all-linear-r16__s22__df87eb47ab,22,40370176,16
13584.305039550309,0.5,3960.2347956038648,panel_math,0.5213159338220373,21045616,3701.9209554985537,9882.384084051755,qwen25_7b_base,0,16,0.8277718873367202,0.9347730997182143,qwen25-panel-math__qwen25-7b-base__panel-math__all-linear-r16__s22__df87eb47ab,22,40370176,16
13584.305039550309,0.75,3960.2347956038648,panel_math,0.7720370602298092,31167272,3988.9778467238575,9595.327192826451,qwen25_7b_base,0,16,0.7211939736733973,1.007257915907385,qwen25-panel-math__qwen25-7b-base__panel-math__all-linear-r16__s22__df87eb47ab,22,40370176,16
13584.305039550309,0.0,3960.2347956038648,panel_math,1.0205034528459822,41197904,4046.0303705701626,9538.274668980146,qwen25_7b_base,1,16,0.6011043055208801,1.0216642647202476,qwen25-panel-math__qwen25-7b-base__panel-math__all-linear-r16__s22__df87eb47ab,22,40370176,16
13584.305039550309,0.5,3960.2347956038648,panel_math,1.4943257121296671,60326192,4078.0614931222954,9506.243546428013,qwen25_7b_base,1,16,0.4904688446253425,1.029752452468027,qwen25-panel-math__qwen25-7b-base__panel-math__all-linear-r16__s22__df87eb47ab,22,40370176,16
13584.305039550309,0.0,3960.2347956038648,panel_math,1.9413392698609984,78372208,4041.4533371905873,9542.851702359721,qwen25_7b_base,2,16,0.34243177528315394,1.0205085167366543,qwen25-panel-math__qwen25-7b-base__panel-math__all-linear-r16__s22__df87eb47ab,22,40370176,16
13584.305039550309,0.0,3960.2347956038648,panel_math,2.8023108940619927,113129784,3999.0704427963756,9585.234596753933,qwen25_7b_base,3,16,0.20114476028352662,1.0098064001749647,qwen25-panel-math__qwen25-7b-base__panel-math__all-linear-r16__s22__df87eb47ab,22,40370176,16
13584.305039550309,0.0,3960.2347956038648,panel_math,3.304605657404119,133407512,3974.6325503669304,9609.672489183378,qwen25_7b_base,4,16,0.12566342612277673,1.003635581097123,qwen25-panel-math__qwen25-7b-base__panel-math__all-linear-r16__s22__df87eb47ab,22,40370176,16
13584.305039550309,0.0,3960.2347956038648,panel_math,7.162619454520089,289156208,3963.2893791594943,9621.015660390814,qwen25_7b_base,8,16,0.00865721424153519,1.0007713137511494,qwen25-panel-math__qwen25-7b-base__panel-math__all-linear-r16__s22__df87eb47ab,22,40370176,16
13584.305039550309,0.25,3960.2347956038648,panel_math,0.2601365919237013,656360,0.0,13584.305039550309,qwen25_7b_base,0,1,1.0,0.0,qwen25-panel-math__qwen25-7b-base__panel-math__all-linear-r16__s22__df87eb47ab,22,2523136,16
13584.305039550309,0.5,3960.2347956038648,panel_math,0.2601334212662338,656352,0.0,13584.305039550309,qwen25_7b_base,0,1,1.0,0.0,qwen25-panel-math__qwen25-7b-base__panel-math__all-linear-r16__s22__df87eb47ab,22,2523136,16
13584.305039550309,0.75,3960.2347956038648,panel_math,1.2770742441152598,3222232,3911.187370285843,9673.117669264466,qwen25_7b_base,0,1,0.60421047167106,0.9876150208637963,qwen25-panel-math__qwen25-7b-base__panel-math__all-linear-r16__s22__df87eb47ab,22,2523136,16
13584.305039550309,0.0,3960.2347956038648,panel_math,1.2783139711850648,3225360,3911.187370285843,9673.117669264466,qwen25_7b_base,1,1,0.60421047167106,0.9876150208637963,qwen25-panel-math__qwen25-7b-base__panel-math__all-linear-r16__s22__df87eb47ab,22,2523136,16
13584.305039550309,0.5,3960.2347956038648,panel_math,1.2770710734577921,3222224,3911.187370285843,9673.117669264466,qwen25_7b_base,1,1,0.60421047167106,0.9876150208637963,qwen25-panel-math__qwen25-7b-base__panel-math__all-linear-r16__s22__df87eb47ab,22,2523136,16
13584.305039550309,0.0,3960.2347956038648,panel_math,2.1950525060876624,5538416,4032.15830773774,9552.146731812569,qwen25_7b_base,2,1,0.34533392567864024,1.0181614262401095,qwen25-panel-math__qwen25-7b-base__panel-math__all-linear-r16__s22__df87eb47ab,22,2523136,16
13584.305039550309,0.0,3960.2347956038648,panel_math,3.0529341264204546,7702968,4049.7799120156014,9534.525127534707,qwen25_7b_base,3,1,0.2034530861396541,1.0226110624832492,qwen25-panel-math__qwen25-7b-base__panel-math__all-linear-r16__s22__df87eb47ab,22,2523136,16
13584.305039550309,0.0,3960.2347956038648,panel_math,3.5419953581574677,8936936,4053.16600119748,9531.139038352829,qwen25_7b_base,4,1,0.12781127285803148,1.0234660848131467,qwen25-panel-math__qwen25-7b-base__panel-math__all-linear-r16__s22__df87eb47ab,22,2523136,16
13584.305039550309,0.0,3960.2347956038648,panel_math,7.392831777597403,18653120,4053.8775949207356,9530.427444629573,qwen25_7b_base,8,1,0.008852314378243353,1.0236457695439727,qwen25-panel-math__qwen25-7b-base__panel-math__all-linear-r16__s22__df87eb47ab,22,2523136,16
13584.305039550309,0.25,3960.2347956038648,panel_math,0.13139997209821427,663080,0.0,13584.305039550309,qwen25_7b_base,0,2,1.0,0.0,qwen25-panel-math__qwen25-7b-base__panel-math__all-linear-r16__s22__df87eb47ab,22,5046272,16
13584.305039550309,0.5,3960.2347956038648,panel_math,0.6398672128652597,3228944,3545.047269111681,10039.257770438628,qwen25_7b_base,0,2,0.8278470910840385,0.895160881129303,qwen25-panel-math__qwen25-7b-base__panel-math__all-linear-r16__s22__df87eb47ab,22,5046272,16
13584.305039550309,0.75,3960.2347956038648,panel_math,1.1415698559253247,5760672,3968.754005928089,9615.55103362222,qwen25_7b_base,0,2,0.6033378046306448,1.0021511881905794,qwen25-panel-math__qwen25-7b-base__panel-math__all-linear-r16__s22__df87eb47ab,22,5046272,16
13584.305039550309,0.0,3960.2347956038648,panel_math,1.1409468217329546,5757528,3968.754005928089,9615.55103362222,qwen25_7b_base,1,2,0.6033378046306448,1.0021511881905794,qwen25-panel-math__qwen25-7b-base__panel-math__all-linear-r16__s22__df87eb47ab,22,5046272,16
13584.305039550309,0.5,3960.2347956038648,panel_math,1.6202392578125,8176168,4032.084233450276,9552.220806100033,qwen25_7b_base,1,2,0.4920837943321216,1.018142721720987,qwen25-panel-math__qwen25-7b-base__panel-math__all-linear-r16__s22__df87eb47ab,22,5046272,16
13584.305039550309,0.0,3960.2347956038648,panel_math,2.0597510399756493,10394064,4065.3135413253895,9518.99149822492,qwen25_7b_base,2,2,0.34444483933028014,1.0265334635810406,qwen25-panel-math__qwen25-7b-base__panel-math__all-linear-r16__s22__df87eb47ab,22,5046272,16
13584.305039550309,0.0,3960.2347956038648,panel_math,2.918002041903409,14725032,4074.5348261008985,9509.77021344941,qwen25_7b_base,3,2,0.20277376123438526,1.028861932788408,qwen25-panel-math__qwen25-7b-base__panel-math__all-linear-r16__s22__df87eb47ab,22,5046272,16
13584.305039550309,0.0,3960.2347956038648,panel_math,3.412033279220779,17218048,4078.3382411869607,9505.966798363348,qwen25_7b_base,4,2,0.127117239857922,1.0298223341995274,qwen25-panel-math__qwen25-7b-base__panel-math__all-linear-r16__s22__df87eb47ab,22,5046272,16
13584.305039550309,0.0,3960.2347956038648,panel_math,7.267508370535714,36673824,4076.333114421639,9507.97192512867,qwen25_7b_base,8,2,0.00877964831295604,1.0293160190771142,qwen25-panel-math__qwen25-7b-base__panel-math__all-linear-r16__s22__df87eb47ab,22,5046272,16
13584.305039550309,0.25,3960.2347956038648,panel_math,0.321377048244724,3243512,2910.173020403934,10674.132019146375,qwen25_7b_base,0,4,0.9175362169495824,0.7348486063590037,qwen25-panel-math__qwen25-7b-base__panel-math__all-linear-r16__s22__df87eb47ab,22,10092544,16
13584.305039550309,0.5,3960.2347956038648,panel_math,0.5722267844460227,5775224,3698.0157777136574,9886.289261836651,qwen25_7b_base,0,4,0.82765410282152,0.9337870021794443,qwen25-panel-math__qwen25-7b-base__panel-math__all-linear-r16__s22__df87eb47ab,22,10092544,16
13584.305039550309,0.75,3960.2347956038648,panel_math,0.8231557870840097,8307736,3889.8625375502415,9694.442502000067,qwen25_7b_base,0,4,0.7282992069644711,0.9822302813631805,qwen25-panel-math__qwen25-7b-base__panel-math__all-linear-r16__s22__df87eb47ab,22,10092544,16
13584.305039550309,0.0,3960.2347956038648,panel_math,1.0724526937905845,10823776,4006.737170355218,9577.56786919509,qwen25_7b_base,1,4,0.6019490027771459,1.0117423277031388,qwen25-panel-math__qwen25-7b-base__panel-math__all-linear-r16__s22__df87eb47ab,22,10092544,16
13584.305039550309,0.5,3960.2347956038648,panel_math,1.5527676669034092,15671376,4061.942767907998,9522.36227164231,qwen25_7b_base,1,4,0.4901815044065082,1.0256823086391333,qwen25-panel-math__qwen25-7b-base__panel-math__all-linear-r16__s22__df87eb47ab,22,10092544,16
13584.305039550309,0.0,3960.2347956038648,panel_math,1.9934018618100648,20118496,4074.948659650132,9509.356379900177,qwen25_7b_base,2,4,0.34322095484821225,1.028966430014101,qwen25-panel-math__qwen25-7b-base__panel-math__all-linear-r16__s22__df87eb47ab,22,10092544,16
13584.305039550309,0.0,3960.2347956038648,panel_math,2.852634974888393,28790344,4077.0651188739157,9507.239920676393,qwen25_7b_base,3,4,0.2018578507317797,1.0295008577268552,qwen25-panel-math__qwen25-7b-base__panel-math__all-linear-r16__s22__df87eb47ab,22,10092544,16
13584.305039550309,0.0,3960.2347956038648,panel_math,3.3510702554281657,33820824,4072.5258324830284,9511.77920706728,qwen25_7b_base,4,4,0.1262784362633711,1.028354641245972,qwen25-panel-math__qwen25-7b-base__panel-math__all-linear-r16__s22__df87eb47ab,22,10092544,16
13584.305039550309,0.0,3960.2347956038648,panel_math,7.210267698609984,72769944,4066.0394004505906,9518.265639099718,qwen25_7b_base,8,4,0.00870234863940589,1.0267167504725165,qwen25-panel-math__qwen25-7b-base__panel-math__all-linear-r16__s22__df87eb47ab,22,10092544,16
13584.305039550309,0.25,3960.2347956038648,panel_math,0.28738997818587664,5800992,2988.4734314856432,10595.831608064665,qwen25_7b_base,0,8,0.9200220454470489,0.7546202651426264,qwen25-panel-math__qwen25-7b-base__panel-math__all-linear-r16__s22__df87eb47ab,22,20185088,16
13584.305039550309,0.5,3960.2347956038648,panel_math,0.5382793476055194,10865216,3705.781899872347,9878.523139677962,qwen25_7b_base,0,8,0.8288738530203321,0.935748027865929,qwen25-panel-math__qwen25-7b-base__panel-math__all-linear-r16__s22__df87eb47ab,22,20185088,16
13584.305039550309,0.75,3960.2347956038648,panel_math,0.7892543247767857,15931168,3934.9342322266693,9649.37080732364,qwen25_7b_base,0,8,0.7261307705681612,0.993611347638963,qwen25-panel-math__qwen25-7b-base__panel-math__all-linear-r16__s22__df87eb47ab,22,20185088,16
13584.305039550309,0.0,3960.2347956038648,panel_math,1.0379559405438312,20951232,4027.74731039178,9556.557729158529,qwen25_7b_base,1,8,0.6012869196319713,1.017047604061976,qwen25-panel-math__qwen25-7b-base__panel-math__all-linear-r16__s22__df87eb47ab,22,20185088,16
13584.305039550309,0.5,3960.2347956038648,panel_math,1.5156622552252434,30593776,4070.999957721331,9513.305081828978,qwen25_7b_base,1,8,0.489660156946866,1.0279693421815352,qwen25-panel-math__qwen25-7b-base__panel-math__all-linear-r16__s22__df87eb47ab,22,20185088,16
13584.305039550309,0.0,3960.2347956038648,panel_math,1.9594445166649757,39551560,4066.5879379438866,9517.717101606422,qwen25_7b_base,2,8,0.34256097190118157,1.0268552618289404,qwen25-panel-math__qwen25-7b-base__panel-math__all-linear-r16__s22__df87eb47ab,22,20185088,16
13584.305039550309,0.0,3960.2347956038648,panel_math,2.8200251591670047,56922456,4047.577431756383,9536.727607793926,qwen25_7b_base,3,8,0.20130889560935758,1.0220549135746886,qwen25-panel-math__qwen25-7b-base__panel-math__all-linear-r16__s22__df87eb47ab,22,20185088,16
13584.305039550309,0.0,3960.2347956038648,panel_math,3.322114226105925,67057168,4038.949909741468,9545.35512980884,qwen25_7b_base,4,8,0.12575450940920954,1.0198763755686866,qwen25-panel-math__qwen25-7b-base__panel-math__all-linear-r16__s22__df87eb47ab,22,20185088,16
13584.305039550309,0.0,3960.2347956038648,panel_math,7.1823353953175735,144976072,4032.6831401958334,9551.621899354475,qwen25_7b_base,8,8,0.00865806210318445,1.0182939518314398,qwen25-panel-math__qwen25-7b-base__panel-math__all-linear-r16__s22__df87eb47ab,22,20185088,16
12719.328508924917,0.25,3959.5184824025728,panel_math,0.27046064897017047,10918544,2888.6243976677797,9830.704111257137,qwen25_7b_base,0,16,0.9202695342567302,0.7295393140619989,qwen25-panel-math__qwen25-7b-base__panel-math__all-linear-r16__s33__8c6fb050a1,33,40370176,16
12719.328508924917,0.5,3959.5184824025728,panel_math,0.5213200953099635,21045784,3707.3659457556514,9011.962563169265,qwen25_7b_base,0,16,0.8277868743573383,0.9363173734969109,qwen25-panel-math__qwen25-7b-base__panel-math__all-linear-r16__s33__8c6fb050a1,33,40370176,16
12719.328508924917,0.75,3959.5184824025728,panel_math,0.7720426088803775,31167496,3967.776531621763,8751.551977303154,qwen25_7b_base,0,16,0.7209636901068338,1.002085619566089,qwen25-panel-math__qwen25-7b-base__panel-math__all-linear-r16__s33__8c6fb050a1,33,40370176,16
12719.328508924917,0.0,3959.5184824025728,panel_math,1.020509199662642,41198136,4018.171006591867,8701.15750233305,qwen25_7b_base,1,16,0.6009420194041024,1.01481304467954,qwen25-panel-math__qwen25-7b-base__panel-math__all-linear-r16__s33__8c6fb050a1,33,40370176,16
12719.328508924917,0.5,3959.5184824025728,panel_math,1.494345132406656,60326976,4045.383040298064,8673.945468626853,qwen25_7b_base,1,16,0.4907916922082546,1.0216856060344464,qwen25-panel-math__qwen25-7b-base__panel-math__all-linear-r16__s33__8c6fb050a1,33,40370176,16
12719.328508924917,0.0,3959.5184824025728,panel_math,1.9413989178546063,78374616,4022.871663648377,8696.45684527654,qwen25_7b_base,2,16,0.34235654268485816,1.0160002236452153,qwen25-panel-math__qwen25-7b-base__panel-math__all-linear-r16__s33__8c6fb050a1,33,40370176,16
12719.328508924917,0.0,3959.5184824025728,panel_math,2.8027113877333605,113145952,3992.283958824355,8727.044550100562,qwen25_7b_base,3,16,0.2011642158317036,1.0082751164232224,qwen25-panel-math__qwen25-7b-base__panel-math__all-linear-r16__s33__8c6fb050a1,33,40370176,16
12719.328508924917,0.0,3959.5184824025728,panel_math,3.306020563299006,133464632,3973.3704985180048,8745.958010406912,qwen25_7b_base,4,16,0.12567223881828232,1.0034984092578416,qwen25-panel-math__qwen25-7b-base__panel-math__all-linear-r16__s33__8c6fb050a1,33,40370176,16
12719.328508924917,0.0,3959.5184824025728,panel_math,7.165502572988535,289272600,3962.018494367612,8757.310014557304,qwen25_7b_base,8,16,0.008653234876244052,1.0006313929272335,qwen25-panel-math__qwen25-7b-base__panel-math__all-linear-r16__s33__8c6fb050a1,33,40370176,16
12719.328508924917,0.25,3959.5184824025728,panel_math,0.2601365919237013,656360,0.0,12719.328508924917,qwen25_7b_base,0,1,1.0,0.0,qwen25-panel-math__qwen25-7b-base__panel-math__all-linear-r16__s33__8c6fb050a1,33,2523136,16
12719.328508924917,0.5,3959.5184824025728,panel_math,0.2601334212662338,656352,0.0,12719.328508924917,qwen25_7b_base,0,1,1.0,0.0,qwen25-panel-math__qwen25-7b-base__panel-math__all-linear-r16__s33__8c6fb050a1,33,2523136,16
12719.328508924917,0.75,3959.5184824025728,panel_math,1.2770742441152598,3222232,3862.3637409985186,8856.964767926398,qwen25_7b_base,0,1,0.6044613221212565,0.975462990806624,qwen25-panel-math__qwen25-7b-base__panel-math__all-linear-r16__s33__8c6fb050a1,33,2523136,16
12719.328508924917,0.0,3959.5184824025728,panel_math,1.2783139711850648,3225360,3862.3637409985186,8856.964767926398,qwen25_7b_base,1,1,0.6044613221212565,0.975462990806624,qwen25-panel-math__qwen25-7b-base__panel-math__all-linear-r16__s33__8c6fb050a1,33,2523136,16
12719.328508924917,0.5,3959.5184824025728,panel_math,1.2770710734577921,3222224,3862.3637409985186,8856.964767926398,qwen25_7b_base,1,1,0.6044613221212565,0.975462990806624,qwen25-panel-math__qwen25-7b-base__panel-math__all-linear-r16__s33__8c6fb050a1,33,2523136,16
12719.328508924917,0.0,3959.5184824025728,panel_math,2.19558200588474,5539752,4006.2142196130535,8713.114289311863,qwen25_7b_base,2,1,0.34560848997318716,1.0117932868398045,qwen25-panel-math__qwen25-7b-base__panel-math__all-linear-r16__s33__8c6fb050a1,33,2523136,16
12719.328508924917,0.0,3959.5184824025728,panel_math,3.053257533482143,7703784,4030.1477347494438,8689.180774175473,qwen25_7b_base,3,1,0.20386568853138648,1.0178378387828648,qwen25-panel-math__qwen25-7b-base__panel-math__all-linear-r16__s33__8c6fb050a1,33,2523136,16
12719.328508924917,0.0,3959.5184824025728,panel_math,3.542512175324675,8938240,4032.337598458136,8686.99091046678,qwen25_7b_base,4,1,0.1284185893471646,1.0183909019188055,qwen25-panel-math__qwen25-7b-base__panel-math__all-linear-r16__s33__8c6fb050a1,33,2523136,16
12719.328508924917,0.0,3959.5184824025728,panel_math,7.39674119825487,18662984,4035.638790984156,8683.68971794076,qwen25_7b_base,8,1,0.008897710323178362,1.0192246377734786,qwen25-panel-math__qwen25-7b-base__panel-math__all-linear-r16__s33__8c6fb050a1,33,2523136,16
12719.328508924917,0.25,3959.5184824025728,panel_math,0.13139997209821427,663080,0.0,12719.328508924917,qwen25_7b_base,0,2,1.0,0.0,qwen25-panel-math__qwen25-7b-base__panel-math__all-linear-r16__s33__8c6fb050a1,33,5046272,16
12719.328508924917,0.5,3959.5184824025728,panel_math,0.6398672128652597,3228944,3491.272974297015,9228.055534627902,qwen25_7b_base,0,2,0.8277283801365303,0.8817418051748974,qwen25-panel-math__qwen25-7b-base__panel-math__all-linear-r16__s33__8c6fb050a1,33,5046272,16
12719.328508924917,0.75,3959.5184824025728,panel_math,1.1415698559253247,5760672,3932.715635731214,8786.612873193702,qwen25_7b_base,0,2,0.603237225142222,0.9932307812703793,qwen25-panel-math__qwen25-7b-base__panel-math__all-linear-r16__s33__8c6fb050a1,33,5046272,16
12719.328508924917,0.0,3959.5184824025728,panel_math,1.1409468217329546,5757528,3932.715635731214,8786.612873193702,qwen25_7b_base,1,2,0.603237225142222,0.9932307812703793,qwen25-panel-math__qwen25-7b-base__panel-math__all-linear-r16__s33__8c6fb050a1,33,5046272,16
12719.328508924917,0.5,3959.5184824025728,panel_math,1.6205135196834415,8177552,4001.107286865519,8718.221222059397,qwen25_7b_base,1,2,0.49200517135092575,1.0105035005260818,qwen25-panel-math__qwen25-7b-base__panel-math__all-linear-r16__s33__8c6fb050a1,33,5046272,16
12719.328508924917,0.0,3959.5184824025728,panel_math,2.060615044135552,10398424,4037.508497126839,8681.820011798078,qwen25_7b_base,2,2,0.34441679746502535,1.019696843207294,qwen25-panel-math__qwen25-7b-base__panel-math__all-linear-r16__s33__8c6fb050a1,33,5046272,16
12719.328508924917,0.0,3959.5184824025728,panel_math,2.919005554991883,14730096,4050.815663078507,8668.51284584641,qwen25_7b_base,3,2,0.2027794595948012,1.023057647307795,qwen25-panel-math__qwen25-7b-base__panel-math__all-linear-r16__s33__8c6fb050a1,33,5046272,16
12719.328508924917,0.0,3959.5184824025728,panel_math,3.415289544439935,17234480,4048.439548232067,8670.88896069285,qwen25_7b_base,4,2,0.12716930429583528,1.0224575453365579,qwen25-panel-math__qwen25-7b-base__panel-math__all-linear-r16__s33__8c6fb050a1,33,5046272,16
12719.328508924917,0.0,3959.5184824025728,panel_math,7.272373744419643,36698376,4045.3879476778948,8673.940561247022,qwen25_7b_base,8,2,0.00878184322370541,1.0216868454224812,qwen25-panel-math__qwen25-7b-base__panel-math__all-linear-r16__s33__8c6fb050a1,33,5046272,16
12719.328508924917,0.25,3959.5184824025728,panel_math,0.321377048244724,3243512,2880.0586666814306,9839.269842243486,qwen25_7b_base,0,4,0.9182665634296476,0.727375987631167,qwen25-panel-math__qwen25-7b-base__panel-math__all-linear-r16__s33__8c6fb050a1,33,10092544,16
12719.328508924917,0.5,3959.5184824025728,panel_math,0.5722267844460227,5775224,3655.6134563473115,9063.715052577605,qwen25_7b_base,0,4,0.8295995380256598,0.9232469737403887,qwen25-panel-math__qwen25-7b-base__panel-math__all-linear-r16__s33__8c6fb050a1,33,10092544,16
12719.328508924917,0.75,3959.5184824025728,panel_math,0.8231557870840097,8307736,3866.699135674069,8852.629373250847,qwen25_7b_base,0,4,0.7281733470622277,0.9765579205802363,qwen25-panel-math__qwen25-7b-base__panel-math__all-linear-r16__s33__8c6fb050a1,33,10092544,16
12719.328508924917,0.0,3959.5184824025728,panel_math,1.0724526937905845,10823776,3977.7559597026066,8741.57254922231,qwen25_7b_base,1,4,0.6019004971648205,1.004605983626819,qwen25-panel-math__qwen25-7b-base__panel-math__all-linear-r16__s33__8c6fb050a1,33,10092544,16
12719.328508924917,0.5,3959.5184824025728,panel_math,1.5529769302962662,15673488,4035.4616233197175,8683.866885605199,qwen25_7b_base,1,4,0.4901071912589686,1.0191798930235234,qwen25-panel-math__qwen25-7b-base__panel-math__all-linear-r16__s33__8c6fb050a1,33,10092544,16
12719.328508924917,0.0,3959.5184824025728,panel_math,1.9931878424310066,20116336,4050.8433829734495,8668.485125951467,qwen25_7b_base,2,4,0.3432161232574396,1.0230646481325332,qwen25-panel-math__qwen25-7b-base__panel-math__all-linear-r16__s33__8c6fb050a1,33,10092544,16
12719.328508924917,0.0,3959.5184824025728,panel_math,2.8530844155844157,28794880,4054.513284686851,8664.815224238066,qwen25_7b_base,3,4,0.20182256411909416,1.0239915036907814,qwen25-panel-math__qwen25-7b-base__panel-math__all-linear-r16__s33__8c6fb050a1,33,10092544,16
12719.328508924917,0.0,3959.5184824025728,panel_math,3.3526849127435066,33837120,4046.0382578557674,8673.29025106915,qwen25_7b_base,4,4,0.1262790387581888,1.021851085135154,qwen25-panel-math__qwen25-7b-base__panel-math__all-linear-r16__s33__8c6fb050a1,33,10092544,16
12719.328508924917,0.0,3959.5184824025728,panel_math,7.211818942775974,72785600,4045.957634984905,8673.370873940012,qwen25_7b_base,8,4,0.008703975518830379,1.0218307233484316,qwen25-panel-math__qwen25-7b-base__panel-math__all-linear-r16__s33__8c6fb050a1,33,10092544,16
12719.328508924917,0.25,3959.5184824025728,panel_math,0.28738997818587664,5800992,3021.8500240937046,9697.478484831212,qwen25_7b_base,0,8,0.9202226257687789,0.7631862403279134,qwen25-panel-math__qwen25-7b-base__panel-math__all-linear-r16__s33__8c6fb050a1,33,20185088,16
12719.328508924917,0.5,3959.5184824025728,panel_math,0.5382793476055194,10865216,3739.0064264094144,8980.322082515502,qwen25_7b_base,0,8,0.8282071129294438,0.9443083655315191,qwen25-panel-math__qwen25-7b-base__panel-math__all-linear-r16__s33__8c6fb050a1,33,20185088,16
12719.328508924917,0.75,3959.5184824025728,panel_math,0.7892598734273539,15931280,3923.1318066638014,8796.196702261115,qwen25_7b_base,0,8,0.7256681497744968,0.9908103280991146,qwen25-panel-math__qwen25-7b-base__panel-math__all-linear-r16__s33__8c6fb050a1,33,20185088,16
12719.328508924917,0.0,3959.5184824025728,panel_math,1.0379789278104707,20951696,4003.613139264642,8715.715369660275,qwen25_7b_base,1,8,0.6011245189938065,1.0111363684897647,qwen25-panel-math__qwen25-7b-base__panel-math__all-linear-r16__s33__8c6fb050a1,33,20185088,16
12719.328508924917,0.5,3959.5184824025728,panel_math,1.5157605456067371,30595760,4052.3736184197533,8666.954890505163,qwen25_7b_base,1,8,0.4898325758653764,1.0234511182180004,qwen25-panel-math__qwen25-7b-base__panel-math__all-linear-r16__s33__8c6fb050a1,33,20185088,16
12719.328508924917,0.0,3959.5184824025728,panel_math,1.959332750989245,39549304,4046.484202774818,8672.844306150098,qwen25_7b_base,2,8,0.34251127823650424,1.0219637111832538,qwen25-panel-math__qwen25-7b-base__panel-math__all-linear-r16__s33__8c6fb050a1,33,20185088,16
12719.328508924917,0.0,3959.5184824025728,panel_math,2.8203212193080356,56928432,4033.0036312415796,8686.324877683337,qwen25_7b_base,3,8,0.20133660832768552,1.018559112469256,qwen25-panel-math__qwen25-7b-base__panel-math__all-linear-r16__s33__8c6fb050a1,33,20185088,16
12719.328508924917,0.0,3959.5184824025728,panel_math,3.322648085557021,67067944,4018.559558562438,8700.768950362479,qwen25_7b_base,4,8,0.1258043543841283,1.0149111757963154,qwen25-panel-math__qwen25-7b-base__panel-math__all-linear-r16__s33__8c6fb050a1,33,20185088,16
12719.328508924917,0.0,3959.5184824025728,panel_math,7.183271928267046,144994976,4014.1893708023435,8705.139138122573,qwen25_7b_base,8,8,0.008659694158364444,1.0138074588217598,qwen25-panel-math__qwen25-7b-base__panel-math__all-linear-r16__s33__8c6fb050a1,33,20185088,16
