run_id,study,model_key,dataset_key,seed,adapter_rank,training_epochs,label_span,available_rows,distinct_rows,measured_rows,row_sampling,row_sample_seed,r_star_bits_per_value,r_star_bracketed,reference_bits_saved_per_token,train_response_tokens,base_codelength_bits_per_token,fisher_effective_rank,fisher_logdet,fisher_trace,hidden_effective_rank,margin_deficit_bits,residual_effective_rank,surprisal_variance_bits2,surprise_weighted_hidden_logdet,unit_gain_ntk_cost,angular_correction_channel_bits,angular_correction_energy_rank90,angular_correction_logdet,angular_correction_rd90_bits,centered_angular_correction_logdet,centered_angular_correction_rd90_bits,centered_correction_rd90_bits,correction_channel_bits,correction_energy_rank90,correction_rd90_bits,dataset_centered_correction_log_volume,dataset_correction_log_volume,dataset_fisher_log_volume,dataset_raw_correction_log_volume,trace_normalized_correction_logdet,coherent_correction_energy,coherent_energy_over_entropy,correction_information_bits,coherent_fraction,correction_coverage_fraction,correction_intrinsic_dimension,correction_predictable_fraction,nearest_neighbour_cosine,prequential_correction_bits_per_row,prequential_decay_exponent,prequential_late_fraction,text_cross_row_redundancy,base_head_error_alignment,base_head_hidden_alignment,total_correction_channel_bits,within_between_energy_ratio,within_example_channel_bits,lora_correction_channel_bits,lora_correction_effective_rank,lora_layer_energy_centroid,lora_layer_energy_entropy
arm-a__mistral-7b-base__all-linear-r16__s11__ae34ad6906,arm_a,mistral_7b_base,arm_a,11,16,8,all,4000,3996,256,uniform,271828,0.7575920874805279,True,0.5705724113543508,48997.0,0.9788571505341679,74.59008392125057,317.5543988820939,1281.7953232053449,28.04642500309471,0.6903630204615183,24.803302145092196,0.17045763799970406,0.8152967396940793,0.15248038865587715,1.7613331400387506,136,125.48411752586969,281.56348168548317,139.09720768398262,311.2453298491721,293.19779652580195,1.7451832892483663,127,264.2812408668066,585.5145732090398,550.7669377101271,2311.044354298022,532.081701644344,120.5533343666502,209.29507894743514,167.91163509603552,86.96084882669766,0.16621803998594717,0.08650610989941605,34.64725154728081,0.002671626990384368,0.45540523637889,-0.5040442464200181,0.11377071471320761,-0.021837872887499398,0.43183547987523696,0.0006206898798328221,0.13722079484489724,12.760466006862762,30.318062458218826,12.76463603754986,1.7126992763095026,52.637042650439085,0.284839842930671,0.8826397260058152
arm-a__mistral-7b-base__all-linear-r16__s22__482260f791,arm_a,mistral_7b_base,arm_a,22,16,8,all,4000,4000,256,uniform,271828,0.8292686032591805,True,0.5662230420345438,48183.0,1.0127002719091251,77.35466701781424,323.9699688620658,1300.1210139469729,27.821518347968556,0.7117526296060532,24.48551428195642,0.122827056541493,0.8155969108478068,0.1428535116596228,1.7595928093841215,138,125.41685821502668,283.5304900749495,139.61025894143418,314.2410633971861,300.32625014736425,1.7496735945440092,130,270.10142314010204,588.7547637731503,552.6886580924007,2323.778650152432,538.4782788307799,121.92543541742512,219.9124065982182,169.4202390951336,87.95061051747341,0.17075666979686158,0.08452429938131885,38.14616119847967,-0.0020193472684504332,0.4539800741201193,-0.6174636776685222,0.08695481007605982,0.05224650679163577,0.4329990738670839,0.0006427313467027667,0.13196932832668012,12.830536274236984,30.435387961009496,12.838989017654619,1.7430405422783055,72.04133724185434,0.27741713360366843,0.8772911357802248
arm-a__mistral-7b-base__all-linear-r16__s33__a03e7b70d5,arm_a,mistral_7b_base,arm_a,33,16,8,all,4000,3998,256,uniform,271828,0.768216049290368,True,0.5648070891887664,47217.0,0.9878418038133532,79.28915027076384,320.50195366133744,1272.8871823204158,27.285758617661315,0.6952946122037247,24.459633692537967,0.12386253971482451,0.8163960919971317,0.13079041137141412,1.7641255193574814,137,125.87459138585913,283.24791786672836,138.88196152504443,311.56132559487077,296.9959270698469,1.755742350174608,130,269.530400689126,585.845791309028,552.6412755188701,2317.4417282676895,538.0265863411236,122.26905996282237,199.80653446777742,157.24410401918286,88.19848323125957,0.1602754718276567,0.09026352802785077,33.096450439095975,0.009330613665503917,0.45226044356394524,-0.7215959163690465,0.05926100209559738,0.11963374331628822,0.4279529324447605,0.0006539835074790701,0.13502038033624572,12.82042877170096,30.273930070611527,12.826268572068177,1.738103779001169,62.24544212803313,0.26278127707672283,0.8640133312510728
arm-a__mistral-7b-base__all-linear-r16__s44__eefd58d830,arm_a,mistral_7b_base,arm_a,44,16,8,all,4000,3999,256,uniform,271828,0.7596467256436348,True,0.5842722823458464,50219.0,0.9882813391741365,74.88878742328767,318.6296924037614,1290.3745193367001,26.318019769604906,0.6988715582410805,24.40849895290955,0.12777178879287746,0.8135822612047625,0.14354776359866966,1.7592134846938643,136,124.36624632871876,279.3133070710284,138.47260057563145,310.25904583402365,295.92248200732195,1.7478438065356205,128,265.2485067891253,584.3314857924213,548.1309216031718,2315.2309614886963,532.9506754647493,120.30640779776205,220.63560702176616,175.62395151235341,86.78272895849831,0.17196989248292266,0.08422298100594901,30.624944660313595,0.0049418759138315504,0.4605550577842524,-0.4969561212022141,0.08919200402081387,-0.04443567356898951,0.42803138148112996,0.0006301321547908556,0.1368127891670839,12.751556744078412,29.885651587624505,12.75974908378441,1.734084234484123,64.64475701117556,0.26417635648565807,0.8648690460791778
arm-a__mistral-7b-base__all-linear-r16__s55__16acdf3c23,arm_a,mistral_7b_base,arm_a,55,16,8,all,4000,3998,256,uniform,271828,0.7914648867704885,True,0.5666774869368132,49054.0,1.0096818598685786,73.34737280590313,321.8186853467025,1354.4592016508477,26.915323282608355,0.7151265022694133,24.32632383584072,0.4519428806521722,0.8250862662357846,0.13826038037222593,1.762419474573937,137,125.6139065209816,282.55471632732133,139.22574395673323,312.18599230110334,285.7081344447821,1.750696381767634,124,258.36527449488165,586.5947110762503,551.8601872161895,2317.5235239899744,525.7161240502646,118.74652119497645,212.2946946233057,166.48203839488534,85.65750862540436,0.16642224174736212,0.08802926969245514,31.8520485601734,0.0003564884045452743,0.4563302394819179,-0.7435885748245877,0.29786815137432093,0.15705831111839208,0.42818248013423243,0.0006178967266587005,0.13065311608605593,12.761475664542463,29.68304492621031,12.766498399688112,1.5528059385119535,19.80685482260481,0.23687444742849673,0.8404770907079817
arm-a__mistral-7b-base__all-linear-r16__s66__2d3a464d97,arm_a,mistral_7b_base,arm_a,66,16,8,all,4000,3998,256,uniform,271828,0.8057709301421774,True,0.5369175886861233,45432.0,1.002863850677386,82.59804784328729,319.8214198087312,1240.4450355825625,25.69349126457973,0.7172613737056963,24.431169752211005,0.10803802877607169,0.8196737798261308,0.14106827645357653,1.766074231531932,139,126.50829761553564,286.4023039461174,139.31623990762617,314.1546204866702,301.34539214788924,1.7604834754665726,132,274.11616099802757,588.4242988220174,555.8091534533733,2317.3366189927356,543.0637792561686,123.76315510498335,192.51219837915022,155.92585287779616,89.27624505736554,0.15746571970584156,0.09288269757938793,32.34532725246618,0.0032763412368587153,0.4506746317543777,-0.7402764881434224,0.04000758908504704,0.0919122282905537,0.42206950773845053,0.0006253154298533695,0.13346419000020493,12.861926233840105,30.47560477673119,12.86563205868815,1.741219132531171,70.68315284259147,0.2790593610157257,0.8779747642123357
arm-b__mistral-7b-base__all-linear-r16__s11__0d76de8415,arm_b,mistral_7b_base,arm_b,11,16,4,all,8000,7990,256,uniform,271828,0.7285067995910727,True,0.5925725150776251,48997.0,1.001876107267305,75.65697854030641,318.8856820320728,1288.6676727039799,28.46976700419244,0.7049456498786515,24.3096327283847,0.11781454706567833,0.8140454315051453,0.14714990876899026,1.7514576144546654,136,123.86605713486315,278.76741080154056,137.79808454445646,309.3621610466857,295.0556975952577,1.7423322036194782,128,264.96148836400454,740.6084354234011,702.3412011266969,2484.317411587397,685.7910957264774,120.44017308901311,217.63245430109507,168.51293889601052,86.87922021966381,0.17097104434706634,0.08330928055720184,33.365156140813305,-0.006486655120589768,0.46022901867218124,-0.5621951942583664,0.08086800972111947,0.05136708853997805,0.4266205219343373,0.0006231618427433739,0.1346834482302551,12.752765977088906,30.19406153983077,12.759036568031997,1.7320200014495135,68.51736022613541,0.27597777086979974,0.8755957431285956
arm-b__mistral-7b-base__all-linear-r16__s22__08d8fb2f6e,arm_b,mistral_7b_base,arm_b,22,16,4,all,8000,7996,256,uniform,271828,0.7540926541642962,True,0.5940193451928135,48183.0,1.0173874270403758,75.75052424580899,317.21637994449526,1275.657941211036,25.827423239987812,0.7227341146208346,24.996810193286862,0.13165820032590012,0.8206689142446218,0.13704117360227747,1.7596061475479519,135,124.68769625771935,279.1305997825207,138.6552742185895,309.6847355575526,294.09354658588927,1.7484570698367234,127,264.17393517925495,741.9509489390803,703.6801159376739,2487.580337564016,685.6270792306544,120.91717248884702,215.1299078500943,170.4731098115169,87.2233025539875,0.17078253810537714,0.08468319710124782,25.975319157650272,-0.001659765328152707,0.4733724697461099,-0.367213529449936,0.1166645295441603,-0.3540273786522412,0.43272214386459806,0.0006514226009309544,0.13824976576791614,12.775749627934676,30.373937131784075,12.781453068196317,1.738032752698402,65.97887104561421,0.25994028099411154,0.8623336045984448
arm-b__mistral-7b-base__all-linear-r16__s33__b205df2dc9,arm_b,mistral_7b_base,arm_b,33,16,4,all,8000,7993,256,uniform,271828,0.78417933687511,True,0.6031336065849289,47217.0,0.9656056509702466,81.20137527698922,315.55012804538626,1222.8911925049963,25.620368827345878,0.686694673873717,24.230930600280036,0.09922076308006426,0.8145583897630716,0.146262214924543,1.7641627540630402,137,125.47939993930831,282.51619825858836,138.43332231359707,310.80567118618285,299.80509878774507,1.759493085490793,131,272.0875831689438,742.9350877855013,707.5444622609198,2488.3336855951284,695.0606192401133,122.92415904047908,192.06089886127867,157.15404037161792,88.6710373265727,0.15995996254890363,0.09032370184973035,30.718618735094868,0.0084303305390232,0.4563630602295278,-0.5372053542387676,0.0962629866481459,-0.02485050816621106,0.4213437147579985,0.0006418651186286938,0.13242719943915912,12.78444467406089,30.186014474642754,12.786360940911704,1.7247936137061974,64.82211021021067,0.2723757534384027,0.8716338346519739
arm-b__mistral-7b-base__all-linear-r16__s44__c5c2ceba14,arm_b,mistral_7b_base,arm_b,44,16,4,all,8000,7987,256,uniform,271828,0.7114788709347668,True,0.6077331054185924,50219.0,0.9672772336052731,80.91366353673322,321.21354075872665,1253.9365402214146,27.814863589939268,0.6763811189448461,24.76625252283911,0.08557426498333034,0.8152815000439316,0.1394436901414814,1.7681660238574126,138,126.9132445031264,285.78191163088155,139.51156071928298,313.08631667805645,301.39919434579616,1.756415911348352,132,273.9369845556615,745.7352940775647,711.5836824543688,2496.780415713716,697.0973969423426,123.35363191998678,196.34205968931997,155.25341622064724,88.98083652330374,0.15537084608598,0.09576375795827609,27.655866597649396,-0.005293037233693232,0.4470318756378865,-0.4391766976208198,0.13755556514005562,-0.02513084072695963,0.4342433261319515,0.000607580145403348,0.13444668543852623,12.813737905933564,30.301136415229774,12.818046600020761,1.7403440431635835,70.16964569362929,0.27810284873683755,0.8778140071623824
arm-b__mistral-7b-base__all-linear-r16__s55__02526a32bd,arm_b,mistral_7b_base,arm_b,55,16,4,all,8000,7993,256,uniform,271828,0.7300087765264255,True,0.596804867191018,49054.0,1.0036717695184052,82.31849664142906,325.23863405175314,1278.19665150317,25.306727364616034,0.7108319605467841,25.23954194587907,0.10048081932615024,0.8166905781813123,0.1298696527804469,1.7638734830253284,139,126.77114372448747,286.8455487594376,140.8057886570446,317.02884676749466,303.6450735291127,1.7582237756791819,132,274.37804367176,750.7419912021998,712.8821200602456,2502.460685939104,697.9791535333122,123.97963603400771,210.96981534436247,166.7009483443798,89.43240303874079,0.1683558879835133,0.08944506179123685,32.21761701378589,0.009051532573209564,0.4522292042783944,-0.5228279380951517,0.07512174793525539,0.1151443592653871,0.43636196290785256,0.0006352547761694673,0.1368387866028001,12.851224054614612,30.450987495443975,12.854191242083456,1.7506462272464498,77.00520592405815,0.28528215069731977,0.8826764553295516
arm-b__mistral-7b-base__all-linear-r16__s66__b019710efc,arm_b,mistral_7b_base,arm_b,66,16,4,all,8000,7988,256,uniform,271828,0.7431843360776968,True,0.5577754945706508,45432.0,0.9980125334113836,76.71404470782002,315.45752705334115,1261.298062520701,28.65086235019408,0.7114824251038954,24.631271650107006,0.12178767099590618,0.8123324805020591,0.14200854304264354,1.7598917574418,134,124.46130522563743,278.0417795264239,138.27808804673964,308.3647056312474,293.47265790891026,1.7515288811092529,126,263.9800704538968,740.0544423648245,702.1491062560676,2484.0927866856746,685.2124945952219,121.11114062206498,210.28183723144235,170.1743525958622,87.36322098592952,0.1693954279268871,0.08497743222120993,27.8275505508847,-0.003044025910223791,0.46657600363264384,-0.49808213175653476,0.08444211886030702,-0.023297221592497155,0.4301413588691291,0.0006532480882316099,0.13633701903484657,12.773811639205348,30.468734459792397,12.779689450859099,1.725867272126003,61.72091975504132,0.2713687138380802,0.8714808873891902
arm-c__mistral-7b-base__all-linear-r16__s11__fd119726f4,arm_c,mistral_7b_base,arm_c,11,16,2,all,16000,15975,256,uniform,271828,0.7887085001711691,True,0.6198644277689388,48997.0,1.0124079457018524,76.14529394017775,318.8103758709634,1283.9271477792347,28.30475132838394,0.7200778241385706,24.224872026036913,0.12076540418933476,0.8144941815275852,0.13965595389642643,1.760234385209641,135,124.5761695218786,279.00911987903606,138.01355358223412,308.40666091184545,294.6121515745923,1.7499421193387565,128,265.74694765953745,906.4009493051908,868.3877968416848,2668.427812799329,850.9130075741498,120.93681832048671,210.22189129777166,166.91324820246066,87.23747402592785,0.16539452665164806,0.08548636909754853,32.10693834330547,0.03476663130764257,0.4633579413823652,-0.2863122871229179,0.040145683646265445,-0.154536487161484,0.43775176531917914,0.0006308581854276191,0.13423091975335888,12.773703510044509,30.162321870014228,12.780036174465236,1.7400000575828054,69.81995285266702,0.2798505240819088,0.8785440752764994
arm-c__mistral-7b-base__all-linear-r16__s22__dcbb6c5d32,arm_c,mistral_7b_base,arm_c,22,16,2,all,16000,15969,256,uniform,271828,0.8377329888020615,True,0.6244556566414081,48183.0,1.0016424582572654,76.14399337914361,317.07540692709347,1270.6957103359368,26.058870041058363,0.7097888540010899,24.330750809982437,0.1684600106970737,0.819944524466261,0.13093427191420762,1.7591871779608057,135,124.68349669695931,279.6818330711601,138.74290046332013,310.51602776163645,295.47018239394623,1.7496892240615454,127,265.3678609457505,909.1273607968176,869.3161713302643,2665.5159446920325,850.6025253989671,121.01692827951112,214.98560410562888,169.64163329577715,87.29526114623303,0.17164805109685843,0.08424588450163238,28.374783254377803,0.009939571616049747,0.46633190449396816,-0.523979505723291,0.057416543941449454,-0.07972827615878259,0.4415128650959499,0.0006337853281693716,0.1361297406309808,12.737813673775754,30.637289258547426,12.743742395946049,1.6093951704674634,29.215568946368133,0.2316353533000089,0.8316727812012854
arm-c__mistral-7b-base__all-linear-r16__s33__5771a9524f,arm_c,mistral_7b_base,arm_c,33,16,2,all,16000,15969,256,uniform,271828,0.9082635268676633,True,0.6257171307947614,47217.0,0.9973644743440673,72.72517588379941,313.9257481790635,1264.3342564946659,26.538107026993227,0.7082174502429552,24.04126082864958,0.11478296862703635,0.8148757462773039,0.14063275974347678,1.7540825910271947,135,123.29618622299847,276.379518414463,137.62616420526516,307.79495331844043,294.40070058353615,1.742268170834175,127,263.1893973259446,905.3007287464023,864.5825272476307,2660.9577618332814,847.511875054174,119.65763497889432,220.35682991901896,174.3945265137074,86.31473829427631,0.17530820238369435,0.07882733772534294,28.045602717045412,-0.003375755319738216,0.473493721569087,-0.383729969940386,0.10835820504797622,0.182386809106648,0.4253221890936344,0.0006265929968654483,0.13231319827444907,12.63961768291841,30.658619254014052,12.644982046981143,1.7333599137369888,65.03677761946885,0.28079743199247037,0.8789699284531779
arm-c__mistral-7b-base__all-linear-r16__s44__73ff126571,arm_c,mistral_7b_base,arm_c,44,16,2,all,16000,15968,256,uniform,271828,0.7937577248949925,True,0.6314497938698758,50219.0,0.9933592750458047,70.87042553845642,315.7619342972847,1284.6516932621194,27.96949603951893,0.7025814396329224,24.195010988726626,0.109041277408559,0.81100513989718,0.1361531967829311,1.752747976731723,134,123.02124048158568,275.8459579515639,137.65461555689762,308.14261653076915,295.67150110853527,1.7367334521739823,127,263.0116380937509,905.9114389285357,864.1434538072622,2665.1347896557168,847.3531295917778,119.04987560160082,231.8137248247112,183.5817751957929,85.87633257443875,0.17844727364760152,0.0772673897778653,29.752748291109068,0.003914869988114522,0.4719662401290995,-0.2766912397038219,0.04726782498516654,-0.6246643290811307,0.4329492562575269,0.0006118937108932447,0.1357922670880568,12.680421847088827,30.086399498211854,12.690746608985105,1.737576547357976,66.67625383702993,0.28014448499914757,0.8785896708200585
arm-c__mistral-7b-base__all-linear-r16__s55__a47c4343b8,arm_c,mistral_7b_base,arm_c,55,16,2,all,16000,15976,256,uniform,271828,0.8271338024559165,True,0.6248808820967315,49054.0,0.992739625973627,68.06492100183603,311.6405705205493,1295.8996135381674,26.697250090676317,0.7076869084849022,24.125978385517566,0.17803726612568443,0.8158491893242659,0.14720884055249117,1.7536713826162986,133,122.72306069630977,274.5707237216942,136.90172637603214,305.980402182179,286.4907341861216,1.7352240576311757,123,255.62878973549024,903.195280873713,862.5991026161273,2657.0022887238733,837.7913730646958,117.04381986250604,223.69632892915337,181.7460298571093,84.42926924116931,0.1749417648609516,0.07844475226251565,30.457715372047,0.012111667891023137,0.47342841797797464,-0.041719615397146005,0.18172468869960698,-4.615069744292722,0.43310746030972225,0.0006378726403522044,0.1346219294193135,12.649019365764069,29.89014794364435,12.657265204326642,1.6867965374545375,44.80903544480195,0.27385779729263127,0.8725214289411279
arm-c__mistral-7b-base__all-linear-r16__s66__3853d9344b,arm_c,mistral_7b_base,arm_c,66,16,2,all,16000,15967,256,uniform,271828,0.874016829366871,True,0.586042524416517,45432.0,0.9905816486570984,76.48684237605728,323.7802219484687,1318.1856456814276,26.62217482257884,0.7076247842051089,24.72716770124504,0.12161427446865311,0.815026956734372,0.1302669365229316,1.7593891854981365,135,124.547168491553,279.4927968765252,138.45421421053237,309.979084144999,296.6492548399333,1.7502082085765276,128,266.77950573945833,908.345369547934,868.9983841277726,2677.0975055042686,852.4743106160009,121.13015930410523,221.1309127960809,178.4906298717601,87.37694006506138,0.17005422744934157,0.08443095407761779,27.283297364568753,0.016339916923784115,0.4688328571369943,-0.48747590368006,0.06607969113994533,0.16096724971353818,0.43906117737591377,0.0006239521168419683,0.13636343827356734,12.77417952860347,29.615750456941896,12.781818303178298,1.7176760544444987,51.852992144172305,0.25306836668383637,0.8579199843410188
arm-d__mistral-7b-base__all-linear-r16__s11__8a61309a47,arm_d,mistral_7b_base,arm_d,11,16,1,all,32000,31898,256,uniform,271828,1.00964329524513,True,0.6467754229088749,48997.0,0.9742654628353193,78.86825309276188,322.46271399309256,1280.2379150401086,25.100355181542305,0.6859848241438158,24.580542539069583,0.10763053049234006,0.8198751090203571,0.1369349489566214,1.7649894717549874,139,126.39530324440419,285.85644102853905,139.34985944678175,313.90610721664325,299.2756873844959,1.7529562435434818,131,271.45538079515137,1084.7305845899193,1048.3488354647352,2853.2832140666005,1028.8316821888293,122.43100903903796,202.60876855909643,161.563781917274,88.31530479582597,0.15897024388839562,0.09133265246748443,33.20418906986474,0.0035462188805013284,0.44624154117596826,-0.4551850941783114,0.04351016148635578,-0.14192523132280735,0.43058132814163597,0.0006102217216336318,0.1341888189165156,12.802304817330652,30.083769238148435,12.80814158514654,1.7384990837510088,69.90836555726807,0.2723800765219448,0.871957768457371
arm-d__mistral-7b-base__all-linear-r16__s22__439c047c9b,arm_d,mistral_7b_base,arm_d,22,16,1,all,32000,31899,256,uniform,271828,0.9826009415461521,True,0.6439395601283299,48183.0,1.0017796168103814,74.83953188225898,320.70392929930205,1295.3943844243431,28.033602099997413,0.7107626357465051,24.326404715764742,0.10605659768480241,0.8112769571424947,0.12882349754945704,1.7583055751162662,136,124.41061413229684,279.25273267723566,138.26602566633835,309.5991044798603,297.2928388095846,1.7456691077025424,129,266.9299725336376,1078.9797213172467,1039.434202814783,2849.968787640652,1022.729098040733,120.72316163505664,220.5291568116072,172.75120532619698,87.08335330566649,0.16965186311859412,0.08327122819808824,28.410017399479706,0.013004054011925836,0.4670470024858753,-0.5938784152756995,0.034582607439649964,0.19073014112376172,0.4362418253625622,0.0006456438003064828,0.13093691446161693,12.759528278058896,30.088127501002397,12.767141313175937,1.7344248203857864,64.89750998881415,0.26787202480116123,0.8688685846989539
arm-d__mistral-7b-base__all-linear-r16__s33__4b39e5262b,arm_d,mistral_7b_base,arm_d,33,16,1,all,32000,31894,256,uniform,271828,1.0147652695361888,True,0.6492067701947671,47217.0,0.9991991927381605,74.59010429840963,322.84692775774135,1312.4585335712804,28.471004237433473,0.7047901640762575,24.2136437513833,0.11201668863785735,0.8117511630774469,0.1426835221062479,1.7577427195561393,137,124.92697609447026,281.6283907387751,138.85898575117096,312.0505734913411,297.3038164986888,1.7445447391244646,129,267.00779132477396,1082.2452135916499,1042.6427929833135,2853.419451415979,1022.8079348393516,120.69681476682612,222.30167797069618,173.76629809081513,87.06434805759693,0.1697766271297051,0.08240352216006919,33.32890286098955,0.010959499140233864,0.4550238096023567,-0.3763311943864103,0.1171549994396374,-0.11297186217552863,0.4249215668002361,0.0006044885525634115,0.13044663998586345,12.708186727495368,30.015106633200457,12.714619980389603,1.7354976996603264,67.47903796228852,0.2715387775668903,0.8710516084263258
arm-d__mistral-7b-base__all-linear-r16__s44__df7aba93a9,arm_d,mistral_7b_base,arm_d,44,16,1,all,32000,31896,256,uniform,271828,0.9712307844543292,True,0.6548780319182448,50219.0,0.9693175858119503,80.67813780891254,315.06519963996425,1225.8743084181665,25.81087323521858,0.6861800921033137,24.449472634235402,0.11482035323316424,0.8182476166290452,0.1316189267372568,1.7647525428519124,138,125.62859788002079,283.93511629446635,138.99631756638195,313.1447744770072,299.053764962006,1.7594007341585995,130,270.839585800087,1083.6676120135999,1045.7432886041647,2841.4031910828053,1028.0857755839463,122.57396581520382,196.12511939998177,160.08054858244637,88.41842631184394,0.16404021544500894,0.09123304443570782,30.95088131853939,0.0075661069389512114,0.45103171174023776,-0.5510386263262281,0.12769249831159607,0.127479556398383,0.420405055580935,0.0006099740301702562,0.13148071835400127,12.786260396411466,30.39610804418598,12.78907432917906,1.7392201042145894,65.50590447858117,0.25092359466194103,0.854163682421368
arm-d__mistral-7b-base__all-linear-r16__s55__b76124a488,arm_d,mistral_7b_base,arm_d,55,16,1,all,32000,31896,256,uniform,271828,0.9648394287771986,True,0.6475966771673071,49054.0,0.9733560481108725,76.9357492269354,319.62341494054385,1266.5394744443365,28.33524424296424,0.6837408595019951,24.680350470707836,0.10658770928555293,0.8139320727121582,0.1393573174394741,1.760411452668127,137,125.5190017692635,282.59268579955057,139.31710608469402,312.5403264923667,300.86239662569665,1.7484931226620477,131,270.7019194364583,1082.931644300151,1043.9807816962698,2849.716241268196,1027.9508265095337,121.76340936972039,213.33951615051936,168.05677394441406,87.83373342971417,0.16752782788061965,0.08534439367400701,38.70578561101314,0.017097309424176976,0.45139946089739547,-0.06931128786337144,0.13382557091671318,-2.6742564969563536,0.4209971964498691,0.0006208823308331555,0.13900466461351527,12.80956229452038,30.102471653387777,12.818462378361813,1.7278247555375184,63.412593570539954,0.2653843703723001,0.8661204481263683
arm-d__mistral-7b-base__all-linear-r16__s66__1cee1e5947,arm_d,mistral_7b_base,arm_d,66,16,1,all,32000,31899,256,uniform,271828,0.9912271526903608,True,0.6086415430337209,45432.0,0.968700424011331,76.37152588807892,316.58103174924173,1260.210716462144,26.69067435144744,0.6807952551171184,24.236575283181953,0.1147623269715112,0.8151713792859934,0.1399202747695697,1.7588307698425023,137,124.55459914493989,280.70406118001796,138.7249881962444,311.6718037516651,297.38026391209075,1.75013990290112,129,266.95727459727874,1081.7531348130833,1041.3773934699377,2842.8268571817257,1022.7056736875431,121.10868062930426,214.52081236847343,170.10026043593822,87.36144647625126,0.1725192790803641,0.08388617585807719,30.93344331952765,0.010297726156101916,0.4630672895305569,-0.5778063036193133,0.09609460709308172,-0.022779447338927096,0.4353662578720583,0.0006441097551179788,0.13355447118250746,12.784590630937593,30.105468053340168,12.791442807394533,1.7487764441998888,74.11353697349283,0.2846304885237855,0.8817194752288907
arm-e__mistral-7b-base__all-linear-r16__s11__dceded8f32,arm_e,mistral_7b_base,arm_e,11,16,16,all,2000,1999,256,uniform,271828,0.6860225845135847,True,0.5544326670794542,48997.0,1.0032097572693601,71.8680766262057,321.4372925806697,1341.746428962348,29.05248705293671,0.7098821326508187,24.153601645201977,0.18857851695505867,0.8143161071004625,0.1298159304555512,1.7530344739837909,135,123.4128102982315,276.7387939806975,138.28540565297757,309.4850058808079,291.9349793809298,1.7412762995588582,125,260.0084524028226,439.03220040086285,405.1660497578239,2140.3220630166275,390.71447575874924,119.05278868047469,237.97165192260246,189.40912750615644,85.87843391666128,0.18091976194880452,0.07740458909032435,32.13521443300626,0.016568227276210767,0.4688750761507903,-0.3302926490026362,0.07324686801436821,-0.32549016221834753,0.44141526887968074,0.0006329236502356594,0.13680355610043463,12.780433963140837,29.10885007607633,12.790568854288829,1.7290252799553036,60.48405299536645,0.2746163666503899,0.8740918937915924
arm-e__mistral-7b-base__all-linear-r16__s22__b45a0186dc,arm_e,mistral_7b_base,arm_e,22,16,16,all,2000,2000,256,uniform,271828,0.774296199042998,True,0.5513786162358489,48183.0,1.0339378260541707,73.42889419346128,321.5906964101182,1321.7328702483687,27.150156240065122,0.7376587005564943,24.44254185777809,0.1398671049590697,0.8176825284616948,0.1418655671037419,1.757282817793747,135,124.44466038515506,278.55189740106204,138.62867688613397,309.5723809462679,293.7232345677965,1.7435690930005263,126,263.12654059302474,439.6057121970245,407.4940617679361,2140.725043204652,393.81577236130386,119.97711679916273,226.32680533439375,178.30086394340515,86.54519571315402,0.17268540382824052,0.0818818496352521,32.69973281199038,0.009085376903615217,0.46402150108859597,-0.1617919723432173,0.09288259527875327,-1.359938015871136,0.4394878943742089,0.0006268822106027957,0.13540545134615842,12.737972410089643,29.671455184362127,12.746224019367567,1.7436628625885224,68.21266102218723,0.2770283656405883,0.8761090630219177
arm-e__mistral-7b-base__all-linear-r16__s33__c421cc8c6c,arm_e,mistral_7b_base,arm_e,33,16,16,all,2000,2000,256,uniform,271828,0.7092065970282084,True,0.5495001906477497,47217.0,0.9993176420684904,75.46085761263758,316.4576119578563,1269.5347907959342,26.349312633851632,0.7067055263905786,23.912632866130274,0.12242580474812693,0.8157194962025668,0.13374710429018757,1.754843958792771,135,123.4190271761444,277.6893119241888,137.6888954801096,309.1441827768049,295.4350183897667,1.7486940364889165,128,265.19205988044126,438.42297109770715,405.8547826713163,2132.6891980908495,395.5234037459028,120.64513704087764,215.9868285726994,172.0655065217796,87.02707045812178,0.1743865520006858,0.07954089093539139,26.898827649261406,0.013044774976703533,0.47372308582086453,-0.38459558125060245,0.03572067985952772,-0.19295858728450324,0.42547888299099934,0.0006357431792264872,0.13592658546618755,12.743371126991555,30.072336627068808,12.749250277356659,1.7249611468601644,64.24644656527686,0.27978351191432876,0.8784928750908636
arm-e__mistral-7b-base__all-linear-r16__s44__b41e071a78,arm_e,mistral_7b_base,arm_e,44,16,16,all,2000,2000,256,uniform,271828,0.7114301234719005,True,0.5657787744729905,50219.0,1.0028161181835458,74.4617240752832,321.5319189101348,1302.4594178525101,24.969769055813366,0.7120400065323338,24.888048686112626,0.13900042535333593,0.8143628571930652,0.1379341660978206,1.755701746183283,137,124.70766730254353,281.3132701551371,139.7104614850475,313.8935517742776,299.4946141944655,1.7435653107809528,129,267.162752165854,443.28559976934616,409.3771751228199,2143.067506930873,396.78018296815935,120.68796093197568,232.29400630134637,183.0159755900866,87.05796136578114,0.17966356358590307,0.07996622894099642,32.34852254486573,-0.00831482068313405,0.4602845711594067,-0.3918147424474897,0.11979503797991566,-0.22418861730914505,0.42217837905549294,0.0006381723321086309,0.13590662130208933,12.747723159800502,30.14009783177154,12.754495822881623,1.729652862142785,64.50038985468957,0.2785723683562097,0.8774400633165119
arm-e__mistral-7b-base__all-linear-r16__s55__532d36281e,arm_e,mistral_7b_base,arm_e,55,16,16,all,2000,1999,256,uniform,271828,0.6976847848604091,True,0.5518267938148868,49054.0,0.9673654040088877,72.50877763535847,314.3852132492981,1274.507520012035,28.21062658556004,0.6763394228182733,24.534278706797338,0.22373786003125237,0.817323403449933,0.13844750175693382,1.7576104753697572,138,125.13643631944771,282.4580979853733,139.6962832481251,313.86361154221714,291.5182107386454,1.7422472339847712,126,261.66412053153,443.2653421084924,410.4517950203028,2129.2158719370664,392.2738510465742,119.47623259272898,214.16246972447686,169.95727608465427,86.18388413281322,0.17443201864390023,0.08211391753239164,34.00477844976195,-0.01601384733284883,0.4557070778014074,-0.5575393386183668,0.03687443228047402,0.10507010219843543,0.4255183363426934,0.0006054988298791819,0.13644823577107465,12.72321344010667,30.23906854467501,12.728631686299101,1.6898634880144856,41.34041793639193,0.26291080630395974,0.863476695836929
arm-e__mistral-7b-base__all-linear-r16__s66__65791005e9,arm_e,mistral_7b_base,arm_e,66,16,16,all,2000,2000,256,uniform,271828,0.7202767714647595,True,0.5166540362878052,45432.0,0.985239070490934,78.51367822554326,319.18076627906737,1269.2255266589134,27.45733771306209,0.7002691448433325,24.517886808166526,0.10865314680526211,0.8166870097144966,0.1343960552948163,1.7656453855059668,137,125.6291271885803,282.2646784711887,138.39248316965174,310.32040559191364,296.6491641414991,1.754872480465167,130,268.8247043305753,439.73499863840425,410.632777577075,2138.4771958502038,398.80926457094336,121.84293023534435,201.11665354177703,163.27585093939737,87.89109560895562,0.15910070579874644,0.09249239127750755,27.082786141116113,0.017205579351227573,0.45775485633783086,-0.4926222683364301,0.06545268029472234,-0.16874348492878097,0.42239358420727946,0.0006117023842751756,0.1339496163178443,12.753808506706182,29.92180366650941,12.75789623259322,1.731061006470916,64.5003294131933,0.2653466439375406,0.8665915514206312
div-1200__mistral-7b-base__lever-div-1200__all-linear-r16__s11__b0a1609403,div_1200,mistral_7b_base,lever_div_1200,11,16,4,all,8000,7949,256,uniform,271828,0.6929638965469735,True,0.5860252189404618,48997.0,0.984112971345894,79.78252051016788,321.36477820246824,1268.8506327702194,26.800086976415013,0.694358475448098,24.68753448232531,0.11950789774674969,0.8159949616471833,0.1266002442443742,1.763004186860325,138,125.9148487854091,284.0399627886825,139.41120968271917,313.3941136258508,299.8140898904719,1.7550477180990085,131,271.23345050889986,744.9727935584277,708.2170061691675,2494.634126957668,692.7454530611768,122.75802251266431,206.21736099171784,162.75854518347373,88.55119515417827,0.16512132591947742,0.08872639525294015,31.839073575518352,0.012238862050304222,0.45554597059763446,-0.4825727734701264,0.10764923845721963,0.1471863763663748,0.4424633302546923,0.0006406721809227856,0.13495090664696954,12.784193208922284,30.590500020025836,12.788392076683333,1.7493370212226773,72.27011245161907,0.2850557087748319,0.8822663992941396
div-1200__mistral-7b-base__lever-div-1200__all-linear-r16__s22__04d33c011e,div_1200,mistral_7b_base,lever_div_1200,22,16,4,all,8000,7943,256,uniform,271828,0.7278900125391934,True,0.5859489212747564,48183.0,1.0110630189301446,72.82257590457618,316.1836376039014,1291.039413967813,26.05311336136368,0.7243121229112148,24.16230723367928,0.1302449413056811,0.816062676319429,0.13831036133728586,1.7567290434796319,134,123.46921099729629,276.2313624631225,137.42530636884874,307.1726019650645,292.92320372174936,1.7443955068949073,126,262.12359058177344,737.056324396444,698.4224576452668,2486.6163762426113,681.2276629087605,119.30447656613757,221.63067021084387,178.66692545296067,86.05998834891011,0.17242225546663545,0.08160265958707004,28.470392391429613,0.04758312308523538,0.47160714820902566,-0.05402938658668182,0.058413293782614666,-5.831842294916167,0.4362054880099957,0.0006244492394800394,0.13494271466863197,12.68335484980474,29.905590917762908,12.691200643389642,1.7374126441077755,64.99543826926856,0.27901149184736973,0.8779243776326987
div-1200__mistral-7b-base__lever-div-1200__all-linear-r16__s33__603d726908,div_1200,mistral_7b_base,lever_div_1200,33,16,4,all,8000,7961,256,uniform,271828,0.7365354425887052,True,0.5857516726880235,47217.0,0.9988540084450506,73.59813115239525,313.6772269713531,1253.9027931746507,26.89818599610113,0.7133326053153723,24.205302541678364,0.11041065379993176,0.8075065359348994,0.12608535181719555,1.7531587256254453,134,123.49889275532593,276.3483172933403,138.20341429619043,308.6946287812732,296.11990730772004,1.7430642513952717,128,264.211476238731,739.6568779880387,699.2053183588043,2482.2829228804894,684.4655611607119,120.1836316567639,222.71787740766115,178.0516504755135,86.69416469361956,0.1792327098415748,0.07753354987652379,30.67789111027119,0.01757279037258208,0.4729074911037146,-0.07580052563109535,0.05465828646363936,-2.2208420910862468,0.44805019028359416,0.0006516937501303049,0.13187960550304437,12.689484255501126,30.674946347243772,12.694603514255682,1.7283171521647436,64.87270724749467,0.2748891288513565,0.8738680975700744
div-1200__mistral-7b-base__lever-div-1200__all-linear-r16__s44__d072dfe3f3,div_1200,mistral_7b_base,lever_div_1200,44,16,4,all,8000,7947,256,uniform,271828,0.6775438117808184,True,0.5987025425121892,50219.0,0.9551220525754616,79.53480082752338,318.6632404026597,1249.3566910002967,25.99215975752708,0.6676105642109178,25.252005192077206,0.08772880765499091,0.8132627059222722,0.1233429406356746,1.7621531412956621,138,125.86289235646697,283.69127955601084,139.89008781835963,314.1443878272779,300.7225180058717,1.7540321986595897,130,271.09706252736567,745.824255313158,707.6996057312929,2490.881193938094,692.6766627195125,122.71406539725554,208.22203840103703,167.1069594411908,88.51948679797226,0.17012194432906289,0.08737920531892512,29.656679966830612,0.010626109661190708,0.45595395719226606,-0.4797817214892043,0.07613287748036289,0.06249460969971187,0.43499439143195195,0.0006158328603078319,0.13056376340760822,12.797968128350156,30.100253914626116,12.801918344250726,1.7345878815127487,69.5124524642433,0.2765390737897311,0.8760786115278724
div-1200__mistral-7b-base__lever-div-1200__all-linear-r16__s55__448b2a857f,div_1200,mistral_7b_base,lever_div_1200,55,16,4,all,8000,7945,256,uniform,271828,0.7176510535851433,True,0.5871609230932362,49054.0,0.9341803230345249,81.87328352238643,310.40825943613197,1187.043114881169,27.72355674682418,0.6664147324627265,24.798365694784863,0.09339430206769729,0.8130738845877532,0.12444022946126343,1.7653101457473221,138,126.226859196091,284.40134361767923,139.78492185729928,313.8760628287363,297.89173117562814,1.7606137038841378,129,270.0774275881596,745.3910501696248,708.5125030007493,2475.877487012145,691.4931185264985,123.2472250439195,188.67331029806985,158.99038448051567,88.90408018709437,0.1648334848457496,0.09171226686954964,30.64199686555614,0.004398564998277066,0.4535233548582158,-0.7044636507477235,0.07033825745852822,0.06591465867327423,0.4539277607054064,0.0006269017186509688,0.13113207015509762,12.768007227866448,30.894283010141486,12.768469069551234,1.747289652004696,71.58756105277303,0.28507259285279263,0.883219514155147
div-1200__mistral-7b-base__lever-div-1200__all-linear-r16__s66__d6b07aa42e,div_1200,mistral_7b_base,lever_div_1200,66,16,4,all,8000,7933,256,uniform,271828,0.7224952340462681,True,0.5443285511416089,45432.0,0.9782212721183896,69.63649361198203,313.68575469367477,1286.0789001731682,26.225513734251113,0.6935731145786121,24.708313188900235,0.10313937774094002,0.8126086858807934,0.13858103857824128,1.7530398055361553,134,122.9893711082252,275.078120284565,137.66645086738288,307.51108135175474,292.64051564394356,1.7357045391453751,126,259.9465357148644,737.3091688894094,696.7514572195344,2481.8324640600117,678.1089127425015,118.21888146094619,232.38573724039972,186.10369325590204,85.27689701157365,0.1795686545551607,0.07751474114232704,30.069959698674555,0.007905262947277336,0.47371391781226846,-0.4296273282136184,0.10903752669254917,-0.1148140646060201,0.4420244861568834,0.0006332363716005822,0.13398203007455156,12.634224203537986,29.751908248589707,12.643265888237384,1.7335362090891953,63.8777945138976,0.2741310221097925,0.8729637104405529
div-3600__mistral-7b-base__lever-div-3600__all-linear-r16__s11__4eb5ba735a,div_3600,mistral_7b_base,lever_div_3600,11,16,4,all,8000,7985,256,uniform,271828,0.7156987809680153,True,0.5909148944701066,48997.0,0.9855369233617596,74.91939036589237,316.17503458100197,1267.2255295784885,29.091504909513446,0.6960553360335967,24.447058528326135,0.10322817998112387,0.8119276897774208,0.12826262440488517,1.751360074929862,135,123.7463567921971,278.0476313420129,137.6206948013259,308.57058778956844,296.3099164778252,1.7404420236823273,129,265.775267477165,739.4900629519896,701.311861802898,2481.1297894630525,686.4413998849448,120.20545788911227,216.96538514923773,171.8864542099171,86.7099089922047,0.1711560320039575,0.08318531583064757,36.543052759230896,-0.006201327883350816,0.46144049112473406,-0.3671714092612322,-0.004083471725114567,-0.2036925615637648,0.42831817481116075,0.0006353830185590527,0.1360634195981965,12.745500945817296,30.266572395836203,12.752289027061467,1.7261023635973956,63.60546861901222,0.27214953744970094,0.8724164114796039
div-3600__mistral-7b-base__lever-div-3600__all-linear-r16__s22__d5349d0a17,div_3600,mistral_7b_base,lever_div_3600,22,16,4,all,8000,7985,256,uniform,271828,0.7422418527316524,True,0.5895882995284067,48183.0,1.0140283039654605,76.99626119116928,318.0227697544938,1271.6559819363506,25.599118846031324,0.7239033015212044,25.273389880376808,0.1374908139940797,0.8197735330367764,0.14256661932938094,1.7609190687302232,137,125.41122495979846,282.1608685080161,139.5422759241264,312.9315255681033,295.6653018266417,1.7506068747486445,128,265.9468273669945,745.4978639474785,706.9188878760488,2488.7483532897268,687.384781054544,121.4680111364871,213.12759932046814,171.3473170177781,87.62064864662767,0.17100848185295014,0.08604495718543713,27.569853628003294,-0.009366848050794019,0.4637146612468146,-0.4954289419568823,0.07403398715414122,0.042476991806897214,0.4310039306656357,0.0006635958009007932,0.13456179591034056,12.7831513596953,30.451108439694792,12.789028388371728,1.7429391207688685,66.70598067733931,0.270081564109219,0.8706511347986342
div-3600__mistral-7b-base__lever-div-3600__all-linear-r16__s33__db34e83151,div_3600,mistral_7b_base,lever_div_3600,33,16,4,all,8000,7986,256,uniform,271828,0.74669716015408,True,0.6012631477159153,47217.0,0.9554345641518012,75.73214200264623,307.28402530690346,1194.173964417908,26.699352173622906,0.6728565254015848,24.533531492966468,0.09500906682554695,0.8153588827217644,0.14300694285060497,1.7568538266632903,135,123.98961757054724,278.7153055533565,138.19867358753118,309.94403295778045,297.9797367447631,1.7486983423399634,129,267.1670410201668,741.6709477682731,702.6143035873058,2475.1072908611804,688.5852180718907,120.76456699639066,204.71724430527883,164.77823399681805,87.1132209603979,0.1733080164578805,0.08145182252167453,34.41647967363589,0.015600975504655001,0.4598672943098208,-0.3564501847971131,0.04397208076445902,-0.005787750818745074,0.43288925214548424,0.0006266079945056633,0.13597454029367767,12.672909899164488,30.718195101287403,12.67583739821384,1.738687784006875,71.8883535547053,0.28266459532179056,0.880359497581939
div-3600__mistral-7b-base__lever-div-3600__all-linear-r16__s44__237d00f630,div_3600,mistral_7b_base,lever_div_3600,44,16,4,all,8000,7983,256,uniform,271828,0.7647127006455241,True,0.5948042197000204,50219.0,1.0132527123205364,77.30981892340823,321.5564089786951,1287.9175849997364,28.278160638093862,0.7177628516219556,24.822209389528698,0.10064231307883953,0.8104693204856388,0.13702376645501416,1.7604289388623864,135,124.82883969117535,279.3927542801915,138.64732234010853,309.67052571270756,298.19618325810507,1.7496683416008076,129,267.99374520845686,741.5283422335212,703.6740142622716,2494.9669320142702,689.8674740676561,121.86690734531928,218.68459485590458,170.4226693096614,87.90839143778345,0.16891216720495522,0.08550446570415107,28.27599457103954,0.011721618152531366,0.46419625706748036,-0.3713552571545074,0.12244150871115995,-0.23738649356431843,0.43325523249414244,0.0006365498905100077,0.1316651016864232,12.765379784392325,30.358797027187435,12.77031907052463,1.7283472565651568,64.21927680298649,0.2723911300015696,0.8722922455171922
div-3600__mistral-7b-base__lever-div-3600__all-linear-r16__s55__e635eeda2e,div_3600,mistral_7b_base,lever_div_3600,55,16,4,all,8000,7982,256,uniform,271828,0.741110828951121,True,0.5989923598689005,49054.0,1.0357653688406572,77.70643873827491,324.9914089416548,1337.6145551047953,27.961991923647282,0.7378554954775609,24.88939351509377,0.4471385766618605,0.8247011832973674,0.13736206419844338,1.760899854138494,138,125.76344256425205,284.0502926220014,139.9871728014827,314.8005390898586,293.0204317073748,1.7569034092109246,127,264.84268595842906,747.6569755725673,709.1094648276562,2500.4855554742285,685.9108441118353,120.92487210179348,214.31658104317404,167.66462115500738,87.22885665069481,0.17079641764838646,0.0858994350134446,34.781999997731745,-0.0005164577723506536,0.4545219772600705,-0.661484880691905,0.018758586772447638,0.11200773949235365,0.4392458758837392,0.0006381493678269891,0.12912356784437562,12.826679727438556,30.19933531430908,12.830522097007222,1.5186223094104587,19.243131139750478,0.23465255618467248,0.8383318636192902
div-3600__mistral-7b-base__lever-div-3600__all-linear-r16__s66__ea93f6258a,div_3600,mistral_7b_base,lever_div_3600,66,16,4,all,8000,7978,256,uniform,271828,0.7625598470658237,True,0.5602530266868323,45432.0,1.033607049495913,73.36021544605936,322.2932914487093,1334.4603221346474,29.59749615154481,0.7319127374794334,24.377733177561865,0.11502311864926223,0.8128343264431845,0.14287475607906558,1.7578075667611417,135,124.1026538806221,277.37973067860594,138.010636484354,307.8045798370151,291.69044893165557,1.7444513586877504,126,261.6453510031121,738.4950254394059,700.4070593927111,2487.5364564336405,681.263929269618,119.81521714578895,226.5862768664242,176.01766923208382,86.428409799632,0.17033108222727658,0.08267115478904191,31.12957415975106,0.00495020017507497,0.470052953288725,-0.39664260226948206,0.11124398801988655,-0.3168453929494315,0.43545440226807375,0.0006309209087753698,0.13562827907790503,12.776762526047374,30.173883225562296,12.786331622330346,1.7258759251929752,61.405658623984905,0.2704810468917193,0.8705477377802863
div-400__mistral-7b-base__lever-div-400__all-linear-r16__s11__8fcc168722,div_400,mistral_7b_base,lever_div_400,11,16,4,all,8000,7855,256,uniform,271828,0.6732529896982821,True,0.569832359763042,48997.0,0.9953660444589332,75.66360208914529,319.0015490720927,1288.3003029633433,28.90539190158119,0.7035523075610399,25.002837231080893,0.12019291651808042,0.8094909656031197,0.13232491676211794,1.760654686018586,134,125.02527789188242,278.97567183663296,138.84361712456894,309.2435023601467,294.88145653192703,1.7475728408524596,127,264.89550087968047,737.2945290258855,699.5261286767525,2486.7472223468194,682.3158116745703,120.92707212537417,217.42167701710582,173.39967086610608,87.23044363224966,0.16934827719186837,0.08562167634859111,31.629803585859154,0.003743172373564918,0.4616983179893993,-0.38170623203585974,0.045160820629279404,0.20171253113585477,0.4618006966981273,0.000641653986396113,0.1340228565537528,12.758735051056764,30.321889234379526,12.76435082949791,1.7331314747407651,65.31361920152632,0.27959968468217633,0.8784621842230371
div-400__mistral-7b-base__lever-div-400__all-linear-r16__s22__dc16d7cb8d,div_400,mistral_7b_base,lever_div_400,22,16,4,all,8000,7862,256,uniform,271828,0.693070435128856,True,0.5716304181524546,48183.0,1.0002780612558126,74.91264448112635,318.8872327947731,1280.6612196906242,24.996424776870867,0.7076285385410301,25.50937175436721,0.11876858945626585,0.8173016853370415,0.1407938549031435,1.7614973772950495,136,125.7475100974691,281.52244923525853,139.69815742864657,311.7028923570116,296.5443209672634,1.7443958185266524,128,266.3014232370904,740.2767571664883,702.4319373152094,2486.089091195082,683.8127854960736,121.00804389031829,217.63692930278944,170.9003486149209,87.28885241411811,0.1695654795157005,0.08664628930772873,21.872931789457265,0.017745333977160826,0.46483783192603856,-0.28037791249638233,0.04459277549996529,-0.22313963912807927,0.45142367937091765,0.0006517035180296202,0.13378107381893478,12.7500959783322,30.403510365644212,12.756602197221495,1.7451557996193467,67.97931343709277,0.2784915813480656,0.878120947888895
div-400__mistral-7b-base__lever-div-400__all-linear-r16__s33__54a3f8c982,div_400,mistral_7b_base,lever_div_400,33,16,4,all,8000,7858,256,uniform,271828,0.7064021931957517,True,0.5683577031432563,47217.0,0.9974853139137849,76.77314048291228,319.7137573562615,1296.5563207283017,24.917841161778387,0.7066818810999393,25.165829746713147,0.11162832780536826,0.8144342581527918,0.13846777409252087,1.7618595572815852,134,124.70499625274483,278.16264023714757,138.1858268507068,307.72806928950035,293.106182118225,1.7522085984380182,126,264.1116935383392,735.2474294297582,698.253160837756,2486.612516957234,681.2556736594368,121.00869035259477,213.20662122122826,168.18808195991744,87.28931873807831,0.16657570220446322,0.08746941968460105,19.49214852825226,0.019863585593654087,0.47276730916967746,-0.26553172337623165,0.049173253350399085,-0.24231648164833283,0.4679976229100079,0.0006492975872044135,0.13655002942493744,12.74539217040708,29.97463510694314,12.749474734701945,1.730574986762349,63.956106220941074,0.27809613756830237,0.8766963040286176
div-400__mistral-7b-base__lever-div-400__all-linear-r16__s44__ba1a17a871,div_400,mistral_7b_base,lever_div_400,44,16,4,all,8000,7859,256,uniform,271828,0.6735103836461374,True,0.5857410615168057,50219.0,0.9808051361469552,74.58332339850841,313.5518666314848,1241.9425766692545,25.594014045138515,0.6922033567097969,25.00044861442948,0.12559640803537747,0.815825287737148,0.13702264919023155,1.7538201083894733,136,124.70123716024386,279.92672860027903,139.9585460979612,312.8229934832029,297.5365274285799,1.7432549286557872,128,265.2318767527116,741.7229066116183,700.4241175239589,2477.6590212092115,682.8839536994174,120.95382834889597,222.8374333856483,179.05474157059345,87.24974416774357,0.18199435041685685,0.07788411247858743,26.79296832860517,0.030308727827443205,0.46571642970251703,-0.2651990032191142,0.08788465011820105,-0.7492904009231345,0.44935376292858353,0.0006195566031023983,0.13419804327034143,12.753640434562154,30.50679149813907,12.760953933188585,1.738485283890395,67.38847909456526,0.2771539315963891,0.8767820994641033
div-400__mistral-7b-base__lever-div-400__all-linear-r16__s55__1bdc012f61,div_400,mistral_7b_base,lever_div_400,55,16,4,all,8000,7871,256,uniform,271828,0.6741443586978089,True,0.5705497353762901,49054.0,0.9561144387116656,75.8018593449429,310.54338935723837,1222.1587801730018,25.71239615716724,0.6776587069034576,25.024910702081705,0.08686860200997824,0.8101355333675015,0.12749193397914893,1.7582596085686215,134,124.37190285142293,277.07499362728186,138.6723467628682,308.368216300092,295.87110262691937,1.748208947153636,127,264.9270343709665,736.7454212898489,697.5723938533074,2473.6744203816347,682.7977031102267,120.97165033787415,211.7437031148073,174.10461246897336,87.26260001530237,0.17447688764277436,0.0829643504805643,24.525488412303027,0.012646706130889362,0.4756070904546706,-0.32010671965401627,0.07428181159520049,-0.514133892700254,0.46613843149086176,0.0006653909911025755,0.1378061740189049,12.736880288680403,30.780077657622037,12.741771253967801,1.7423391875810852,66.67409291570426,0.2770723408874759,0.8772366654251539
div-400__mistral-7b-base__lever-div-400__all-linear-r16__s66__c2aa5fdd87,div_400,mistral_7b_base,lever_div_400,66,16,4,all,8000,7858,256,uniform,271828,0.6728802831059416,True,0.5305375102156407,45432.0,1.015186034142971,68.54417520578455,312.5244410581267,1306.5601485329657,29.681836370588165,0.7212911746173631,24.274596838024504,0.22549532544087725,0.8085674859682416,0.12783152846919216,1.7493223385131795,132,122.06742679484157,272.5848054844897,137.24615258777573,306.23146643572363,285.7206473110307,1.736535389596181,122,253.6359437450675,733.4999662958307,691.4300612823624,2473.987186670985,668.4695182596363,117.2535915392641,234.58305961503842,185.14060189413863,84.58058752005822,0.18528299625599026,0.07416068532648075,27.42159019969861,-0.01643981322525412,0.490444458095461,-0.34661826064879186,0.05267370912090476,-0.16521928132113153,0.45412159934694907,0.0006304466557133355,0.13374031185921223,12.668000567892639,30.11263358146302,12.677123584514979,1.7353790918567757,60.21836062671583,0.272495423555452,0.8723430670630816
llama-cot-answer__llama31-8b-base__cot-math__all-linear-r16__s11__e85b698246,llama_cot_answer,llama31_8b_base,cot_math,11,16,1,answer,32000,31898,256,uniform,271828,0.13319977550125356,True,0.06002983288562569,42080.0,2.3452216241873947,6.192454385667088,158.18149102816545,1573.5327497139656,33.07534403963351,1.3428387174419327,13.138023771476824,0.21974092087254618,0.7566242783667064,0.04882440578738051,1.2900184709420235,23,49.64628122326082,46.90809117631626,100.7132742943459,184.7792645574238,176.22036064096224,1.2918848067854234,22,44.68330935912675,896.697531744561,642.6272260996554,2467.8155494330217,636.0188031828075,48.974707451395645,1055.4012858835902,294.5968864942207,35.32778378455813,0.681505561506194,0.008161139992588691,16.9691207059384,0.23599414513670092,0.893742134395075,8.772000803782658,0.26041531949346647,0.5103038022859876,0.43058132814163597,0.0007697982591634714,0.07178058678666964,8.604197279609155,7.635513297824017,8.391673570858748,1.6167026233774668,25.83833340260392,0.18433265188727146,0.7526797908300854
llama-cot-answer__llama31-8b-base__cot-math__all-linear-r16__s22__e8ca520cf3,llama_cot_answer,llama31_8b_base,cot_math,22,16,1,answer,32000,31899,256,uniform,271828,0.14954983316133638,True,0.06990472638115908,41750.0,2.367531825322658,5.753008834539408,155.19170430875783,1605.9719364942218,34.4141897576217,1.340144848683849,12.424582476383327,0.23565134596484447,0.755150212306961,0.04038788585228809,1.2710638326573844,20,47.560380778560805,41.35056626810246,101.21207476206067,185.22213310113392,177.14947325865825,1.2780670687684006,20,40.572804582567436,898.385829724089,628.0652876782846,2464.2013621275137,623.2731216917545,47.52709850094729,1111.9150201183857,305.45953833761183,34.283554657578975,0.7037225229826148,0.007676957818700642,14.68359037583506,0.32652595374060545,0.9012876105279024,8.484245739993593,0.22626688901951073,0.5517681371171358,0.4362418253625622,0.0007988096254815271,0.07295682023331566,8.450583104638312,7.497095470458574,8.219144028642447,1.603596190592191,24.92020890963274,0.18229377468685803,0.7518369924255296
llama-cot-answer__llama31-8b-base__cot-math__all-linear-r16__s33__04179d9cb8,llama_cot_answer,llama31_8b_base,cot_math,33,16,1,answer,32000,31894,256,uniform,271828,0.14904789255903997,True,0.08106097455902084,40652.0,2.3741293967938892,6.157735104255838,158.92879652301713,1583.5266109550469,33.270389778725615,1.3585525388811148,13.537593673703586,0.2392802031044884,0.7576303754349533,0.04802024245991861,1.2839799789343391,23,49.21909504873357,45.76945889467393,101.119578885775,185.41691442296218,177.4845536342623,1.2879003990738345,22,45.15494564330032,896.575309893373,638.9289404838514,2464.1240065548045,633.2722255391784,49.1480608139102,1071.0493243275293,298.0975383735458,35.45283180276872,0.6873105787985632,0.0080246884386542,12.763745636076731,0.28054547734187396,0.8950761058668916,7.60370713662576,0.27084771883701747,0.5501694497220916,0.4249215668002361,0.0007278908032641844,0.07207645523896618,8.616037271991761,7.623464186118826,8.39802847342498,1.613156224896987,26.910657674536626,0.18325167540974546,0.7521430488093989
llama-cot-full__llama31-8b-base__cot-math__all-linear-r16__s11__0f9a06e1ed,llama_cot_full,llama31_8b_base,cot_math,11,16,1,all,32000,31898,256,uniform,271828,1.1462871763756957,True,0.6752264571201121,42080.0,1.1881639193743467,108.80937485117155,107.99726690957274,191.1089069526863,28.365092904411394,0.8155675466987304,26.15887048738588,0.11787082795443414,0.8043847060445828,0.19563112439089125,1.8021043227407507,149,134.393595500248,306.1992163900486,140.2159425123927,318.74327594190436,308.99202071729496,1.7995301300373996,142,296.66501782074454,1091.1229825753708,1075.7249358576503,2401.7346876245647,1063.0317454775623,132.37495877284502,15.691394921800626,10.553865128327136,95.48834827973225,0.08335495446420785,0.18896037456744916,28.920960514570755,0.01365100699761912,0.3867939447947032,0.10795547822682303,0.11047527365619766,2.673593548771101,0.43058132814163597,0.0005123859132367552,0.08041815864300442,13.324242725602812,31.176170227608846,13.319035465193242,1.7611597064240376,80.91428353450628,0.23027918935604352,0.8291978604160516
llama-cot-full__llama31-8b-base__cot-math__all-linear-r16__s22__352084836d,llama_cot_full,llama31_8b_base,cot_math,22,16,1,all,32000,31899,256,uniform,271828,1.1387399774353462,True,0.6744188099254209,41750.0,1.247556697577238,104.23138335657556,108.94565222618807,196.80994237028384,29.750159602497693,0.8536927041132003,26.416287777894944,0.11582049478306414,0.7976224214377019,0.1537192787469461,1.7973067757155596,147,132.8764027177723,302.0743751500088,139.8034978095657,317.10198029579846,308.38014977950206,1.7948119971936725,141,293.6469468877714,1088.9511104068329,1070.1964586242343,2405.1272314239277,1058.9405275642348,130.8055053706157,18.68174340695656,12.116437170185584,94.35622695958097,0.09678803440771049,0.16778239986557686,27.408316323576198,0.026219640892489182,0.40660254830099724,0.20431386244517705,0.07795332375200117,1.4864084569531615,0.4362418253625622,0.0005035530744358407,0.08565861061736403,13.271950174640889,31.40120472165486,13.266395092825988,1.7443378705664656,69.04603223063707,0.21422584029506514,0.8102774032805349
llama-cot-full__llama31-8b-base__cot-math__all-linear-r16__s33__1eafa363c6,llama_cot_full,llama31_8b_base,cot_math,33,16,1,all,32000,31894,256,uniform,271828,1.153451449130478,True,0.6759732489166765,40652.0,1.2425492161419243,106.21971965527294,111.00065777838165,200.21636202751964,29.838699190054587,0.8485216113040224,25.99727514392478,0.13034197480833118,0.8006613563237441,0.1909726665921154,1.7997922210429578,148,133.68638961224295,304.247885138822,139.92025518527632,317.73103646448027,308.67404361303676,1.7962792360624842,141,295.12688615198385,1089.7495222409443,1073.0850726004087,2411.4209662464755,1060.8767723480278,131.67380923678851,17.6779223969016,11.508360305884779,94.98257580043709,0.08838309503307783,0.17837226883324786,29.37085478950467,0.036652341810220146,0.39425850317103717,0.2364430953526692,0.08269029786568081,1.4725779648568749,0.4249215668002361,0.0005114303481837381,0.0855004443146023,13.325072013128635,31.005170675264477,13.320879705697886,1.746105745914784,69.63089510083492,0.21540316049007405,0.8115461378258216
llama-cot-reasoning__llama31-8b-base__cot-math__all-linear-r16__s11__f78fd0bc7a,llama_cot_reasoning,llama31_8b_base,cot_math,11,16,1,reasoning,32000,31898,256,uniform,271828,0.7517639986301174,True,0.4841723012150968,42080.0,1.1133568818913773,112.40022697912016,104.14400245692194,178.7267859664606,28.5302666702672,0.7893680592533201,25.878841619959893,0.1293286414189993,0.8060272123000736,0.22782956915132627,1.8014046292585717,152,135.62091125988456,311.07241362338266,141.37630872618513,323.1413974676285,312.1515973469007,1.8012982972585314,144,300.73914888316676,1097.040682843206,1082.2693614990046,2390.265098079698,1068.5705704066288,133.96537123838323,13.750478140749873,10.292718798972425,96.63558836823223,0.08038518390831212,0.1848321140320704,34.25955393526174,0.03059040674270619,0.3817878150376121,0.5341002384520708,0.046853336738863084,1.037967071448056,0.43058132814163597,0.0004523147050222682,0.08287550880270646,13.483023270975256,30.394146763353856,13.483005761531427,1.765710558102764,83.42427966580141,0.23436198214364345,0.8355744280205263
llama-cot-reasoning__llama31-8b-base__cot-math__all-linear-r16__s22__597754beeb,llama_cot_reasoning,llama31_8b_base,cot_math,22,16,1,reasoning,32000,31899,256,uniform,271828,0.7974018278408468,True,0.478984909576079,41750.0,1.1351263124961406,108.02935435930962,105.91622431386475,186.37737515439693,29.418525219808316,0.8001251110108569,25.622878164692136,0.10707180618476166,0.8015363209583196,0.2392724941556883,1.800042390189157,149,134.2374757800909,306.27776936028386,139.9325688194574,318.4937108464196,307.24205343713334,1.7986680499414505,141,295.4970891328628,1090.79416400455,1075.8400626312912,2393.7612351081593,1061.5249213557277,132.1537304220475,14.587898983959525,10.685425842317633,95.32876575743242,0.08106657461730567,0.17916578315359727,34.05775024544934,0.06995455440666876,0.38827207636777267,0.7311658581194852,0.11400957515825923,0.9212956760648476,0.4362418253625622,0.00046449310364666125,0.08364258344640274,13.456463263296504,30.00022112794954,13.457347299079427,1.7415504155188637,68.74939069270293,0.21692333588285953,0.8153461245068235
llama-cot-reasoning__llama31-8b-base__cot-math__all-linear-r16__s33__2cdbc88d22,llama_cot_reasoning,llama31_8b_base,cot_math,33,16,1,reasoning,32000,31894,256,uniform,271828,0.7451047606146449,True,0.47916251552102174,40652.0,1.1514574849279597,109.87793485848643,108.47651695607554,190.52546699504336,29.857682556090744,0.8090585625031963,25.625943355235,0.1102755198341595,0.8039796005560709,0.23430819700442596,1.8014864314790642,152,135.57162366508695,310.78169132679534,141.33819263279628,322.9859086503751,313.43107589492706,1.797809037384936,145,301.1549455612307,1096.82073696429,1081.8704544700752,2407.160184802823,1069.025985022105,133.38859829182576,15.449364191665182,11.18752652107613,96.21953463337354,0.08127582051256314,0.18549221223889853,33.89299696173699,0.05341637141554456,0.38364704569029584,0.8288072387922873,0.09709618976479667,0.8077873846779445,0.4249215668002361,0.00046835794908748317,0.08188635499204135,13.49445044046047,29.813823964510302,13.497216301975039,1.7483153932420084,71.59609870549325,0.22032538097902674,0.8191954677030581
llama-gsm8k-self__llama31-8b-base__gsm8k-self__all-linear-r16__s11__b7f3334bd3,llama_gsm8k_self,llama31_8b_base,gsm8k_self,11,16,4,all,7217,7217,256,uniform,271828,1.0777334252457782,True,0.9455689225911851,26588.0,1.728364835260436,111.35495120672022,123.20016317679205,227.4856063919426,40.91117569198289,1.2856787033379078,27.290513405803967,0.29335871778146133,0.7816547375307341,0.20993992114375132,1.80200335879293,152,135.791416546257,311.32818171968654,142.53968517801223,325.53723883587884,314.3772515777972,1.8000323491476118,144,300.40942996635965,736.6363207762023,718.9634635060381,2071.21750892167,706.3376029162703,133.63225712281098,20.438121227369216,11.165161834333926,96.39529732693913,0.0917742628893626,0.1871437129955478,41.01860191806435,0.003995458671822383,0.350679893230688,-0.29172867196933505,0.08604825346589628,-0.27635638235962173,0.39007894270001775,0.0005317505302106588,0.08499617203680428,13.448735940686158,31.28303452145197,13.447639782593594,1.7461218016926614,81.14117726532336,0.23783041228024882,0.8458857354711286
llama-gsm8k-self__llama31-8b-base__gsm8k-self__all-linear-r16__s22__75aa468ba6,llama_gsm8k_self,llama31_8b_base,gsm8k_self,22,16,4,all,7217,7217,256,uniform,271828,0.9816792002498163,True,0.9643587659557064,25326.0,1.8274453171761706,110.28469428586142,127.9588383563399,241.5289396590732,39.79438271786318,1.373045852757059,26.904705016453793,0.35114920415737544,0.7827346558394216,0.22203546752577707,1.800671363196301,152,135.10630259560088,309.675812520004,141.8397661649973,323.9307487013958,313.3788498968016,1.7994871921581455,144,299.4449438895717,734.6264867673881,716.911028847682,2084.9282475704176,704.9745878981125,133.16301583074733,21.64244176512656,11.508379970533094,96.05681128441886,0.0918959583754522,0.18122559105074093,42.58817205721619,0.0075098969493053724,0.3507896682190309,-0.280750900004215,0.1352142960058054,-0.25335461473427573,0.39016738696443853,0.0005214467033972198,0.08918880958739817,13.443696967739118,30.897669463405297,13.443382144336002,1.7464633024583456,78.74139640897064,0.23784982443699923,0.8459528966488968
llama-gsm8k-self__llama31-8b-base__gsm8k-self__all-linear-r16__s33__75c0ecac54,llama_gsm8k_self,llama31_8b_base,gsm8k_self,33,16,4,all,7217,7217,256,uniform,271828,1.0146232893712799,True,0.9408087623667488,26198.0,1.8459953819401562,108.5753420430913,126.76552179774356,239.60537694957463,39.43290567028113,1.3867953969165683,26.308618915208996,0.3365802904351462,0.7821893650548475,0.20721923048481336,1.798743953018639,151,134.4088441386947,308.1895359763952,141.45972457118773,323.15023144788603,313.30247415414124,1.7976875460293784,144,298.82671250425074,733.6286984626777,715.030242743878,2082.2193712004655,704.2121099325001,132.65831727996226,22.159513155320163,11.679199288259097,95.69274823623812,0.09527329039122906,0.17316533587121943,42.60148347815113,0.009251356862907567,0.35489092914105214,-0.46131323071589425,0.07573353661636119,0.11229396128002336,0.40067515519507,0.0005431371221704659,0.08386213375496926,13.43604085990873,30.96759279259437,13.43656667554443,1.7487650741755458,80.45186264911538,0.23822258915780695,0.8475987777929523
llama-natural__llama31-8b-base__kind-code__all-linear-r16__s11__df62cf7d44,llama_natural,llama31_8b_base,kind_code,11,16,4,all,8000,8000,256,uniform,271828,1.0931586843668628,True,0.25760749674046846,88133.0,2.2682915537965065,169.0688014886969,162.35008957662825,272.1526800054634,37.91796619099684,1.781681127875459,28.649576309439645,0.48668506628391833,0.9198871525918324,0.0798286845966964,1.8094252496111656,190,157.25039592336736,376.72708382426197,165.61532103811413,390.577968973,378.35063903347213,1.8112525989047898,180,365.96461865038145,843.663294846433,825.7146763317139,2228.5626619064733,812.3937420510532,155.1190191927913,23.479141436937923,13.587203444567962,111.89471986849999,0.09295143404816389,0.27601756045321485,98.86111734444061,-0.053877410485152044,0.21687197180367582,-1.9023103764217013,0.006364108100051893,0.30331234711934996,0.23248314743803933,0.0004704688845293467,0.0764678123671869,14.113761036706412,30.65256918829216,14.115442735080716,1.7581766745229572,77.70998475901406,0.20290910245837931,0.801351690763536
llama-natural__llama31-8b-base__kind-code__all-linear-r16__s22__1553881c8f,llama_natural,llama31_8b_base,kind_code,22,16,4,all,8000,8000,256,uniform,271828,1.0424485120458926,True,0.2605797589661325,89224.0,2.2094908607006074,164.06389566630986,158.59716068404825,266.5330118694013,37.67258199650403,1.7468992357254027,28.809518934613028,0.5191738435421338,0.917782319606864,0.08262112927826999,1.7720261442578287,187,153.812237513378,369.09653983732267,162.6829622519678,383.7201863239376,368.5898617814271,1.7751180103542819,174,356.03335999950525,832.8805602085894,813.898718682123,2180.7720919813596,797.9705180308791,151.65402531378496,23.633623048836633,14.198280735282587,109.39525512552345,0.09781250493670975,0.2567192599361109,88.99780911706368,-0.032521721387569924,0.22918509898921724,-2.3389816610535847,0.03709815888343059,0.3495422714415186,0.23362118595279213,0.00046999841454142463,0.07582642198041097,14.086357395731037,30.54661241428622,14.087528372914186,1.7211572769966574,79.4568057682225,0.2177913308523108,0.8205971935856309
llama-natural__llama31-8b-base__kind-code__all-linear-r16__s33__07a2dd88f8,llama_natural,llama31_8b_base,kind_code,33,16,4,all,8000,8000,256,uniform,271828,0.9885106399107035,True,0.250708488388222,93388.0,2.195100190888447,164.01425829369805,156.6776006230461,262.08970649745226,37.33046347150999,1.729933247269397,29.1657194595155,0.4607337327384458,0.9188637270380192,0.08239451352578522,1.765206900311317,186,153.14237361171055,367.38199904776997,161.9006570255526,381.8459851348432,366.88890622393933,1.768483499964132,174,354.59050892524283,830.057633787136,811.2907889571695,2168.7694123202828,795.7555005403121,151.16032511153858,23.014915870321765,13.652458863346425,109.03912570879008,0.09702122386964014,0.2594033023430371,86.91307408936362,-0.056634922358730355,0.2427846094217475,-2.583899396929378,0.04517870900743559,0.34900160583077317,0.2235758954872954,0.00047567040707456674,0.07561049823936401,14.087124529759395,31.040749582293742,14.08827377253577,1.695914232316746,66.23911726399464,0.19776853137469236,0.7973966493647757
llama-natural__llama31-8b-base__kind-dialogue__all-linear-r16__s11__3446a6a56e,llama_natural,llama31_8b_base,kind_dialogue,11,16,4,all,7998,7998,256,uniform,271828,0.9328007273748787,True,0.24136962245299465,16173.0,2.9017171503998074,115.6200642466624,277.18406149811193,801.0982067431147,40.273664023349035,1.8844839425190636,28.290147978990234,0.6417357540959893,0.9106465844211321,0.7105264671183832,1.803128179663384,181,155.14607147463778,364.94238649842987,158.58400795755935,370.366300834515,317.83046427033617,1.7787003705977842,153,310.93805429844963,817.1646696582955,810.4019508015432,2413.6402855762162,741.4492791801606,135.08288431139553,40.22452770012912,12.450064613250538,97.44170365251395,0.04569737621766619,0.3967144503818191,35.802509128074476,0.0384054111122315,0.23708476386759963,-1.2375592956885089,0.03491649817727119,0.1976858596813339,0.3539926495155362,0.00042668915483466436,0.08332772067649101,14.264627586082344,23.851562617208092,14.26672338674496,1.7608766276491596,69.96521334791001,0.23734415486347257,0.813643866930865
llama-natural__llama31-8b-base__kind-dialogue__all-linear-r16__s22__bb61ba2f81,llama_natural,llama31_8b_base,kind_dialogue,22,16,4,all,7997,7997,256,uniform,271828,0.8841569723959681,True,0.23172968394508864,16739.0,2.8763004992522445,132.22148032000186,265.23595951563044,683.434677845771,40.22398720141418,1.8886949297259836,28.6735648636711,0.6261418022452844,0.9153185539262518,0.6938797164206176,1.8201955984834972,187,158.95219551848214,375.9929033342934,161.84209680743385,380.3770999013383,336.35341672342565,1.801322280364529,163,330.7825233991808,830.4269396164214,825.0153489420678,2414.464871867451,767.1794471275116,141.92661299918635,29.379721717891393,9.243927765473032,102.37841037204662,0.039540682357133275,0.45999442980121286,69.51014433672691,0.024383090966729193,0.20430176264233438,-1.7885976568071418,0.0298979638532366,0.30843117437936884,0.3506045249590998,0.00042447608792642674,0.08615922020345115,14.29451283528367,25.34319492919766,14.294808780765926,1.7596054392234746,65.86144603078998,0.2229197267324034,0.7969796474753245
llama-natural__llama31-8b-base__kind-dialogue__all-linear-r16__s33__840c4e58e9,llama_natural,llama31_8b_base,kind_dialogue,33,16,4,all,7999,7999,256,uniform,271828,0.89312921412766,True,0.2293195774736252,17166.0,2.8419607374305818,125.99313615651533,267.63659847403153,719.5742357164346,40.52011468197863,1.870242020823792,28.043078680727145,0.7003535534232471,0.9117869552743875,0.5829076915373609,1.8193470839885542,185,157.64086269128177,372.5186547838982,160.61146265197098,377.1853828463377,327.27985109955694,1.8009362602816532,159,322.0269475959449,826.3900098446298,820.6246559146555,2414.185597928369,755.9975692142475,139.1401803756806,30.39575774469862,9.663767516735406,100.36842410819513,0.04177904386286105,0.4400948667718301,49.77101488828411,-0.040513031059348226,0.22131394807722105,-2.094149168447421,0.020494747639261332,0.3082997930141142,0.3543676395289298,0.0004227600368348846,0.08359164254467331,14.27143098902571,24.662383506657324,14.272290383860383,1.7897913461835993,88.57753924038145,0.2668023843689273,0.8418608243862536
llama-natural__llama31-8b-base__kind-instruct__all-linear-r16__s11__4d4411ab69,llama_natural,llama31_8b_base,kind_instruct,11,16,4,all,8000,8000,256,uniform,271828,0.7643890949443024,True,0.37519601726717866,13611.0,2.26654652308207,83.93408578030107,242.77352395463046,764.7154000212104,36.14722702313389,1.6030278747202829,27.825571029691275,1.126678782089235,0.9224216593057747,0.6608610028428363,1.8248419154702604,184,156.6604786263541,370.12534902353093,159.5823725924353,374.846893574805,276.4468145778353,1.7768274353708586,135,272.35132299689633,823.7942003405119,817.9757284627583,2368.461095144564,694.7781411211363,121.82690950889179,27.090564131087824,11.425292327088052,87.87953909765335,0.04222404377677065,0.4054310699298388,42.11250160145564,-0.001457949981012785,0.25402266599878887,-2.407430373796079,-0.13382781193386079,0.30596956895378036,0.3545799815998679,0.0004752238441566514,0.07636781817489588,14.264850283237099,24.352988719901177,14.263878778164994,1.506580652739384,13.96621756759398,0.1848623701106537,0.7811554938027736
llama-natural__llama31-8b-base__kind-instruct__all-linear-r16__s22__823623cf36,llama_natural,llama31_8b_base,kind_instruct,22,16,4,all,8000,8000,256,uniform,271828,0.7168636965522118,True,0.3909453008685506,15969.0,2.3369977965485305,86.50614726931045,257.54186447473637,842.373883878681,35.766499252266435,1.6431691845646128,27.56536036420631,1.3554362305387497,0.9287605061246285,0.732224866048236,1.8239322591241092,181,155.8398124557689,366.74808114946586,158.87143701445845,371.66834214629154,276.57325231454865,1.7805208386479323,133,271.6320734176834,819.8844871537608,813.8077546673296,2391.712158559594,694.2133409059666,122.87263351498497,33.32761373831427,13.634168355912868,88.63386951651793,0.04314668478275793,0.38823681285505396,30.86347126634493,0.0735791650906209,0.27042771889746076,-1.7291454534404702,-0.08347972606917019,0.17205585703468143,0.3301520310776461,0.0004790721683647058,0.07729409388927067,14.312091852847685,22.583685457272434,14.313276930031591,1.7512483865865234,48.13047106649939,0.23531002609716206,0.8336794129776115
llama-natural__llama31-8b-base__kind-instruct__all-linear-r16__s33__fa651d4852,llama_natural,llama31_8b_base,kind_instruct,33,16,4,all,8000,8000,256,uniform,271828,0.7613193481685165,True,0.3782861372024511,15821.0,2.16535594931338,66.70157576231084,241.50691731845416,857.0074552603742,35.1078026929093,1.515081866120454,27.390296355074202,1.0440103403397134,0.9246218180410375,0.7497736115420999,1.8195149235056456,177,152.72801707746763,357.7554186372246,156.57709720586593,364.3046881162894,251.57065777601764,1.752135653977836,124,246.2046476902543,810.8011204849894,802.6371661946959,2357.206447925502,661.3132072529664,113.14020567429314,36.35825529290295,15.752269025937164,81.61340682573004,0.05153478851797296,0.32007394383074395,29.97305815673075,0.1235493388921225,0.30303109393065186,-1.9591909053406282,0.08509587635050628,0.24951704427845922,0.33556551055281025,0.00047223243883490803,0.07940012470086237,14.239906914286234,23.506054912050743,14.23986065101213,1.704629536692126,35.406098596334026,0.23350034489166305,0.8256245447760765
llama-natural__llama31-8b-base__kind-summary__all-linear-r16__s11__03664a5e99,llama_natural,llama31_8b_base,kind_summary,11,16,4,all,8000,8000,256,uniform,271828,0.6486600442993546,True,0.5603717398556927,6414.0,2.3955946677847755,156.2124322536937,222.60546596859177,467.98519073474347,41.07108793440127,1.6400342301980353,28.554188687256307,0.6077154226791761,0.9015933481696228,0.22713224423244985,1.690415886583825,177,147.765401103551,351.46310175423605,151.84461253031478,358.0659526273531,342.13150309984616,1.6876341062273739,167,335.8762199099673,794.1840218654785,785.8648913893536,2211.151925996387,765.8810998186082,142.56110421297416,25.687549278219294,9.69860343764281,102.83609903585626,0.057871049131006866,0.4249127731715674,67.65684994163605,-0.01792282303941195,0.20746986859243166,-1.8552774066655056,0.037498633694477805,0.3140102899720503,0.46311140800118755,0.0004462175676448403,0.07573261215098638,14.251942544356913,24.403717897613287,14.251556915523842,1.271415647162292,9.485810813857439,0.11062493763750103,0.6133397925270812
llama-natural__llama31-8b-base__kind-summary__all-linear-r16__s22__fa416bd31b,llama_natural,llama31_8b_base,kind_summary,22,16,4,all,8000,8000,256,uniform,271828,0.7278999272192205,True,0.5755073290319144,6586.0,2.2703583368416,159.18122851122462,210.12575509903442,420.49545953979253,40.88466949503836,1.5594325157705806,28.11682302912649,0.36089313811870954,0.8983256149266817,0.2171454722519702,1.6606782351573082,173,144.58357509900662,343.9781300346236,148.95342059462826,351.06337816417755,342.3111733151664,1.6596375758111357,166,335.25949958525666,783.3306933111066,774.381389687644,2159.872281634748,763.3027274466485,142.16404510823475,25.422267598694543,10.055372478546612,102.54968143518259,0.061674521491100864,0.39673370868730706,63.220633556184204,-0.01905723196408937,0.21953804103777366,-1.3112079791263171,0.05559054385699507,0.1726027304720879,0.4575408226351966,0.00043896403125025067,0.07927784031842235,14.238047173894763,25.01342558064471,14.238743398204331,1.6337566583309093,99.9043524122087,0.2224413854848727,0.8133114385775774
llama-natural__llama31-8b-base__kind-summary__all-linear-r16__s33__7d41e1877f,llama_natural,llama31_8b_base,kind_summary,33,16,4,all,8000,8000,256,uniform,271828,0.6443871491120144,True,0.5608811979416395,6292.0,2.3021817960637683,126.11985436756409,218.07169045156434,488.03018138058735,41.4259685745563,1.5713269621767896,28.372011612736117,0.30271091232334635,0.9011961495733803,0.2507848318754185,1.6764837888746016,176,146.66155360507523,348.7211573268219,150.4918758709435,354.8680255190201,326.4548194404352,1.653665183406058,162,321.4370258780234,789.1520949688786,781.4407002353203,2188.25268472123,745.9741288723015,134.54609281137746,23.36731197044842,9.019941950651969,97.05449043498024,0.05561194396429157,0.43340066929529647,66.41000311010959,-0.05164842057798569,0.2071844361699681,-2.0719884772496826,0.00814080099809181,0.3755950923398904,0.4524451570585234,0.00043838348601702,0.07785543944524202,14.266046938299185,24.970820528183662,14.266456622933077,1.5769991901027252,52.878714383403334,0.21738953973549172,0.81172559380463
llama-natural__llama31-8b-base__panel-math__all-linear-r16__s11__dad850cf3a,llama_natural,llama31_8b_base,panel_math,11,16,4,all,8000,7990,256,uniform,271828,0.9076130766281032,True,0.6339316585327489,42080.0,1.2650043624453247,110.61955139204292,112.96390692778279,201.8459185694611,29.76275618152714,0.8615002334117889,26.34251900376252,0.14674531499926843,0.8025521182579778,0.18223176186846454,1.801599508917192,150,135.10889031777492,308.66689262227817,141.3208664445069,321.87062263654605,311.6911225760266,1.8003284325271531,143,298.93069986710077,756.2619622162534,739.8563947848954,2064.560949914799,728.3984000770865,133.23286122077013,17.069807584513658,10.856427531492473,96.10719408332628,0.08711273441884787,0.18607730027829777,35.89698882589228,0.02494786224621759,0.382762464747607,-0.07951020783040064,0.12048638380910065,-2.7540325537920674,0.4266205219343373,0.0005025220791642384,0.08401371688172238,13.373900542006405,31.360380129851226,13.369096433269586,1.7497111246241317,66.69909220138508,0.21858643375066322,0.8178860948867882
llama-natural__llama31-8b-base__panel-math__all-linear-r16__s22__be6dd95ad0,llama_natural,llama31_8b_base,panel_math,22,16,4,all,8000,7996,256,uniform,271828,0.9391555141463559,True,0.6338401651566106,41750.0,1.2376505020074546,106.53549230037683,110.62551413572727,199.23074926227326,28.95407210133358,0.8465594074805267,25.699080498254382,0.13258190156447017,0.803841334111501,0.19746174699827593,1.799787823068672,147,133.7609744738222,303.8897351823465,139.99172955691935,317.36044555595527,307.9901348039011,1.7970882059214284,141,294.4817593296852,750.8833310988946,734.1968632782882,2055.25552737555,723.0302957316771,131.65969090745907,17.48533398418676,11.54154541767597,94.97239157858247,0.08847991261685968,0.17815328546294956,26.521545657871318,0.027422666388203454,0.3975776534013442,0.05359441191774466,0.1021777192493783,5.907699416719382,0.43272214386459806,0.000513246263755726,0.08198462147814087,13.36045005643164,30.84890435989181,13.356672387427851,1.7479803268666605,71.2389694775894,0.21778420422813297,0.8159869942071298
llama-natural__llama31-8b-base__panel-math__all-linear-r16__s33__de84c8450b,llama_natural,llama31_8b_base,panel_math,33,16,4,all,8000,7993,256,uniform,271828,0.933178955157539,True,0.6327642669002014,40652.0,1.1751494284253567,107.77844721203711,106.08808554048953,186.92781613861644,28.091467963610096,0.7970920196967199,26.23985340176353,0.11312465382474524,0.799493250119448,0.19817916624863163,1.8013299184725662,148,134.36107054931,305.43609728772844,140.48092315126772,318.66514927966324,309.3382984399782,1.7981389602481515,142,296.0555214333166,752.415378250006,736.0297990968032,2041.0568350484255,724.8470779220863,132.11467302817596,16.207861181520098,10.983763518743476,95.30059180320818,0.08695670281887104,0.18500741604891363,30.719573208321613,0.035332263362895855,0.389008920014009,0.0828603861184656,0.06904063350771832,3.845778836081513,0.4213437147579985,0.0005251688282335127,0.0821213233347852,13.283806349013787,31.179066737722522,13.2776878478447,1.743472114563062,72.67914858883891,0.2265318203259181,0.8234408194800142
llama-text-to-sql__llama31-8b-base__text-to-sql__all-linear-r16__s11__482ca80d7c,llama_text_to_sql,llama31_8b_base,text_to_sql,11,16,4,all,8000,8000,256,uniform,271828,0.5505844422952153,True,0.37776135279770234,7560.0,0.6873101600212976,22.42499509570976,68.7214932444042,188.09798506058638,38.146523566611855,0.5192704654764384,24.9270343560342,0.0732273358279732,0.8236177924494481,0.2328627178128243,1.5676102644873722,92,92.4066909862318,182.19484531234679,128.25585912311652,265.12452575905746,234.39287085957395,1.5366802182276071,79,158.83359688034557,685.985220903141,577.4430961766907,1824.5600287543398,547.1570507988356,85.5817833324374,72.6124837066678,78.85333029129352,61.73420720207059,0.40858214921677394,0.019851071671509814,19.621868653654616,0.08981367175286681,0.7166657439709712,1.8994352961406966,0.04994291865450265,0.7141900861945427,0.61771814017242,0.0005624995558604128,0.08550645867693786,10.760059678217443,23.713054748287785,10.781152650905554,1.5989146693891945,33.3026580636548,0.27727942263289496,0.8593020251340658
llama-text-to-sql__llama31-8b-base__text-to-sql__all-linear-r16__s22__def9fe9621,llama_text_to_sql,llama31_8b_base,text_to_sql,22,16,4,all,8000,8000,256,uniform,271828,0.5405310745178014,True,0.3998854867920256,7974.0,0.703793193330057,21.691907036147633,75.67121982386593,221.21759390797834,37.55995902075715,0.5262628594064154,23.948118342815988,0.07249718718938006,0.8279564771544794,0.25559334055005767,1.5692758485184235,92,92.53800151437744,182.88099397942142,127.79720591222575,265.01963974327987,219.02178715049178,1.5362036423452141,75,150.3286372697908,686.0623194767184,579.0089494983563,1848.9020004796369,535.1453293891225,83.81276371031166,81.09335121805015,85.24392964365325,60.45812928403255,0.4039355665140315,0.020022506948612184,14.209401504059752,0.13047460491377905,0.718470348760573,2.5699702275671106,0.050638182317139936,0.6709760463970126,0.6048483045806068,0.0005429184898652566,0.08130175809663036,10.825868354353364,22.172404669663567,10.851526431175404,1.5939731549236231,30.348080754434953,0.26567792474275714,0.846899642103516
llama-text-to-sql__llama31-8b-base__text-to-sql__all-linear-r16__s33__12f96637a3,llama_text_to_sql,llama31_8b_base,text_to_sql,33,16,4,all,8000,8000,256,uniform,271828,0.5127492807297948,True,0.37625888841751465,8014.0,0.6795144217321649,17.77272254516207,71.73809508199336,228.74718850923549,38.01073739203521,0.5151125961565413,23.587762519780526,0.06840709145462269,0.8197547251017744,0.2615404623518415,1.529261906251767,80,85.36400120895374,158.28533107064447,123.52458193748191,249.13312108609384,203.28358225326954,1.5042266307825674,63,128.2178653388986,665.9783108243164,545.3637391165034,1816.7723961338347,503.8393735131141,77.57604179361226,92.98719746902466,101.42848458056976,55.95928539371969,0.44723082420716154,0.016864385650846334,18.24559321455647,0.1719854542165845,0.7557806895859319,3.207115803098969,0.062259363222579835,0.691443146294577,0.6172892458862981,0.0005391400068071577,0.08449406772785714,10.319306142111316,20.70320005196914,10.346416510754143,1.571824491459939,27.54944041352512,0.2661105209805762,0.8474563677326149
llama-xbrl-div-10__llama31-8b-base__xbrl-div-10__all-linear-r16__s11__add51cf5d4,llama_xbrl_div_10,llama31_8b_base,xbrl_div_10,11,16,4,all,3000,3000,256,uniform,271828,0.36674435919160303,True,1.0332560213189501,2936.0,1.0483067145105451,10.80911195322724,61.773023583647806,426.886628079503,12.090026690773335,0.6554464216460474,13.036255460043275,0.23639371162659317,0.7780955801246756,0.044828232648619445,1.5451563205389836,14,49.77171470360325,30.87212239964759,59.23631411461665,40.84957435654961,38.64574806130794,1.5373796980636463,13,29.40399068405738,170.8096304095581,144.31835066561266,1004.3281561917017,140.81000742090245,48.4776649492362,166.27846498422554,95.83931472202771,34.96924340806989,0.4096015064153777,0.01947212535398866,2.4106630433473604,0.45872839402387877,0.985952624261888,20.703488301270305,0.30812748301754517,0.522016765824147,0.9175219941348973,0.0004960163256642324,0.09726241203667738,10.370294350443443,10.704301825195817,10.367640698296839,1.667718310918993,19.86097349282188,0.30187696260078833,0.8891160496988968
llama-xbrl-div-10__llama31-8b-base__xbrl-div-10__all-linear-r16__s22__76d23c8f13,llama_xbrl_div_10,llama31_8b_base,xbrl_div_10,22,16,4,all,3000,3000,256,uniform,271828,0.3021187392866906,True,0.9800926163431097,2828.0,0.9536794607993215,10.521481228085081,60.122426511139665,419.97385278156014,10.983588228746006,0.5799294136813842,12.40464314228612,0.14552896448963654,0.7752432792628218,0.03897370928969479,1.5309113761087225,14,48.69528422252787,29.73920252120338,58.212854155233984,39.3150144339315,37.07224191082962,1.5326109090388822,13,28.501318679020592,167.31806822223066,140.3923249431843,987.9285781819858,136.94678240572782,47.680686704853485,165.90258158053365,98.07054404166202,34.39434512763623,0.42175040331970304,0.018326586626153506,2.8277642448817755,0.5080910287897504,0.9862282499128903,21.3226957900671,0.28652861811262076,0.5429211975039394,0.9238033515415239,0.0004972481957848915,0.09484769057940372,10.202209179561356,10.484958929004305,10.187852102160143,1.660405695365136,19.077015427029878,0.29665360749346187,0.8838347751428934
llama-xbrl-div-10__llama31-8b-base__xbrl-div-10__all-linear-r16__s33__e668e8f1bb,llama_xbrl_div_10,llama31_8b_base,xbrl_div_10,33,16,4,all,3000,3000,256,uniform,271828,0.27738289939545197,True,0.8789590953092925,2786.0,1.0465083773015067,11.991075471807196,64.6905065713463,421.9235346076553,12.312772068338095,0.6549595251563005,13.474512634154491,0.35265059478981037,0.7818298709930949,0.040683716301955,1.5519870854366076,15,51.10198402698498,32.538486316459846,60.726033229236236,42.884026127669706,41.627640631219144,1.556437712717658,15,32.47110310884496,174.30965213613678,148.007787584366,1005.9911405831733,146.08454020582815,51.13550729448706,158.80268183412267,91.2801693400977,36.88647139354895,0.4023794762923163,0.02001653701204338,1.9845481773345068,0.5098062917184543,0.9872679788832492,20.565568400316437,0.2998022869943793,0.5107557183306491,0.9196542311191993,0.0005104326830668816,0.0947649086474612,10.505823646191782,10.544576376919084,10.501725620460563,1.6832979786286486,22.063656207841294,0.30261567948284684,0.8905566469712812
llama-xbrl-div-30__llama31-8b-base__xbrl-div-30__all-linear-r16__s11__afb63f22e8,llama_xbrl_div_30,llama31_8b_base,xbrl_div_30,11,16,4,all,3000,3000,256,uniform,271828,0.4046002347810066,True,1.076943251772779,2861.0,1.014619087916799,11.812316970353573,66.43220377186076,439.0114544866906,12.761358742240876,0.6267881662934087,13.812923836552168,0.26788038262677305,0.7774344556197432,0.04847373867811254,1.5476745933778504,15,51.721889671943785,33.39631986230433,62.168466324277965,44.81708221628449,43.01909420590575,1.5488549475271522,15,32.87842521733628,182.64094704736794,153.24869347715062,1090.0359213350891,150.57404278182884,51.31091610929593,167.5958554921259,96.86902594811149,37.01300210717543,0.40674678860081037,0.01958936180599273,3.368893003056534,0.5186208056712025,0.9768227617269112,19.27807195791886,0.16438740379680672,0.52269234587361,0.9123818525519849,0.0005142457537461874,0.09257845240181138,10.42344148050909,10.284916128836192,10.422283328679129,1.6703243674093988,20.727411279731488,0.30662734157482363,0.8914885442076471
llama-xbrl-div-30__llama31-8b-base__xbrl-div-30__all-linear-r16__s22__8d6b4917d6,llama_xbrl_div_30,llama31_8b_base,xbrl_div_30,22,16,4,all,3000,3000,256,uniform,271828,0.36613508083729546,True,1.0394777083945026,2860.0,1.0435041364980862,11.797909367829769,65.81203747903696,445.44225093858086,12.598881148806408,0.662894030334428,13.55371381591839,0.2257390897003492,0.775294575243676,0.044556049836806604,1.554412145276464,15,51.40079005784545,32.68559838191047,61.064549183537935,42.97984444019013,40.917742635003854,1.5529006265304566,14,31.827630364842918,179.57121244843407,151.43793312028222,1093.2229051625109,147.94288996666356,50.64499175623368,168.29992808486134,98.76350859307378,36.532639226290385,0.4001571612758859,0.020226032933711273,3.029761976408887,0.4688280099178076,0.9828164188775136,19.40089913541252,0.33736386459976614,0.5316476196149263,0.9184328837508028,0.0004798352817405572,0.09483263415789626,10.354664703767824,10.528393800892884,10.342186536868015,1.6821473555243545,21.797707048147217,0.3087289290994656,0.8929625078137512
llama-xbrl-div-30__llama31-8b-base__xbrl-div-30__all-linear-r16__s33__01ab70d7fc,llama_xbrl_div_30,llama31_8b_base,xbrl_div_30,33,16,4,all,3000,3000,256,uniform,271828,0.3343824119417468,True,0.9671371111604812,2835.0,1.0083811277290806,11.064026778027552,64.73468025978498,442.2961762888942,12.045053255042736,0.6253087461809628,12.959549084550504,0.2695543851855083,0.7769542996467788,0.04357155714049925,1.5396580841140473,15,50.391473913370746,31.552769794336648,60.61466634151679,42.54404499212916,41.028361581501514,1.5362620297009346,14,31.201204350518676,180.19982073705015,150.14747759341225,1092.965401866048,147.69545962527047,49.744103311997335,172.18222111674635,100.7315687627378,35.88278558084341,0.4146173429861622,0.018971808602944524,4.309544994382488,0.4996978872271812,0.9754304096324404,19.89070330315782,0.34509173292587586,0.5188888378357246,0.9177505380368672,0.0005129695406978409,0.09454261354212663,10.333184384353185,10.15972383389494,10.33074192998585,1.6679292777253778,20.334310207289857,0.3054254271715302,0.8907176111178984
llama-xbrl-tags__llama31-8b-base__xbrl-tags__all-linear-r16__s11__4729f4d39d,llama_xbrl_tags,llama31_8b_base,xbrl_tags,11,16,4,all,8000,8000,256,uniform,271828,0.364912681080308,True,1.0783443759132094,2861.0,0.9498679076787084,11.700987074860532,64.42634378007733,406.87588979680027,13.150437779162441,0.5721149157034233,13.568964220618229,0.13160054802723023,0.7764406707600109,0.043679691809881585,1.5456926941383686,15,51.44395899204764,32.81380031903703,62.00605857033792,44.57942130087847,44.037687818062786,1.5417028392607937,15,33.0083753116397,275.837397126756,230.11891400433473,1329.1818429755745,226.29416978274537,51.479026410612505,161.20798877743087,95.1786668311541,37.13426805619132,0.4115803300288604,0.019393609584211973,3.2570574636273606,0.4803544243344132,0.9777870389122989,19.841624200743524,0.26921171890506895,0.5403264775967288,0.917047740991403,0.0005207696553552312,0.09216681119635811,10.328853155818335,10.522467895086905,10.335435850738481,1.667293017959187,20.77783411698233,0.30180335557786325,0.8890529074281202
llama-xbrl-tags__llama31-8b-base__xbrl-tags__all-linear-r16__s22__fd6b0017d2,llama_xbrl_tags,llama31_8b_base,xbrl_tags,22,16,4,all,8000,8000,256,uniform,271828,0.39815542931100084,True,1.041573788747189,2860.0,1.031876466004178,11.906377540868311,66.4568570660976,433.56560613467207,13.535706265729912,0.6393531432258897,13.61165621535733,0.22693103103020465,0.775960190819352,0.045216316975507986,1.5515679431658844,15,51.86253801062156,33.50865964965503,62.08138978153284,44.65833332859579,43.32239023983418,1.5489762295697174,15,33.22101319404193,272.310714825455,228.3913261248185,1345.8342647208663,224.75240379659596,51.594217656474186,165.4014128260527,96.3004759373442,37.21736097577055,0.40426944044635577,0.01990650109510485,4.046723474494668,0.3680040359450685,0.9795619222494408,19.54817424239629,0.2226491501393055,0.5434894364984667,0.9167985109353187,0.0005059155055737843,0.09551502926573993,10.368553073721193,10.357749781536546,10.362865800211738,1.6845158169708354,22.107433235267827,0.303968026368761,0.8905856275126568
llama-xbrl-tags__llama31-8b-base__xbrl-tags__all-linear-r16__s33__cd4a9f7ba1,llama_xbrl_tags,llama31_8b_base,xbrl_tags,33,16,4,all,8000,8000,256,uniform,271828,0.36251331568883666,True,0.9948721528832574,2835.0,0.9754263106733561,10.516902048741162,62.69979713575334,437.5777845767848,12.368700266995761,0.5954453865997493,12.32789914233461,0.14964679964505428,0.7732535866450504,0.04502447256496253,1.5373639729367405,14,49.5224279907014,30.581443192962652,59.50081203121988,41.28153518643675,39.43435598117012,1.5272528525491416,13,29.55430940985134,264.1985806733046,219.8445612837257,1320.1059530251541,214.4072437304138,48.40539312841865,173.14636919065208,101.54008757985666,34.917110309325146,0.41509547655977375,0.018879990971701708,4.479896854320534,0.4824557114989788,0.9767705740004873,19.398098807885432,0.18589620124520645,0.556281743553858,0.918619913744609,0.0005110690681763721,0.09458373689234875,10.218234941360148,10.153419677926337,10.219343677339925,1.657797730018216,19.32553639138661,0.29788334295088736,0.8847023183981402
mistral-gsm8k-self__mistral-7b-base__gsm8k-self__all-linear-r16__s11__fdca5d1242,mistral_gsm8k_self,mistral_7b_base,gsm8k_self,11,16,4,all,7217,7217,256,uniform,271828,0.8907039322569321,True,0.7855418001580864,33928.0,1.3547433024505153,92.7632951082629,352.7321770846104,1497.6787928553706,39.45586796659067,1.0687998994253576,23.31592819691091,0.29631074560098275,0.7861895974135275,0.15473852413747674,1.7854699070417968,141,127.12959012858047,287.3724119823602,134.7199357444626,304.6259756886385,289.3548504453685,1.7879224713291686,132,274.20279543354707,710.5696846355457,689.3417961161372,2516.7066153212077,674.4678712637643,125.37364847488713,145.94233388895967,108.4236880189291,90.43797045643791,0.10648742866602603,0.13186667847296865,34.93438432390104,0.002170836075729765,0.4107489499595761,-0.38861675499419746,0.10700948662060349,-0.005489577514645403,0.39007894270001775,0.0006420049110423882,0.14418541265202206,12.706684931124377,32.401785942562405,12.696156541966968,1.6790356568167104,46.70753720872253,0.2372311828493731,0.8388507551541544
mistral-gsm8k-self__mistral-7b-base__gsm8k-self__all-linear-r16__s22__48d2da10de,mistral_gsm8k_self,mistral_7b_base,gsm8k_self,22,16,4,all,7217,7217,256,uniform,271828,0.7952572808724718,True,0.7937773001081431,32412.0,1.3602356751216576,89.65288915138663,355.20720017193946,1512.3322240704874,38.06090562362994,1.073765977867879,23.83561092800781,0.2590741126422878,0.7838822820363878,0.16107078664476498,1.7801133559789852,140,126.75926216879223,286.4461233827385,135.555914875168,306.19745628960425,294.8518962857113,1.7790829580682102,133,276.12715325991053,712.6774999756393,688.303096009643,2521.8832535776073,676.4667471968411,125.03709822467852,173.7186538966007,126.87753744283879,90.19520076794495,0.11848649021254615,0.11840033376384199,40.42879756170174,-0.013697599390022575,0.4085755827316935,-0.449090704100769,0.08073151625579039,0.09488785778151079,0.39016738696443853,0.0006354610662722231,0.14450216874928165,12.674431174383344,32.05524731742341,12.667166187409968,1.6845244258983882,48.63120212938477,0.2402560426608569,0.8428930423530442
mistral-gsm8k-self__mistral-7b-base__gsm8k-self__all-linear-r16__s33__d5804c65f0,mistral_gsm8k_self,mistral_7b_base,gsm8k_self,33,16,4,all,7217,7217,256,uniform,271828,0.8047318372659229,True,0.775333270870522,33230.0,1.3567310807993636,89.00591951197752,353.93792092362344,1524.3993558942684,38.82358682377199,1.0710543047171086,23.740765287928,0.21948178144018154,0.7851600671299265,0.14898393169366253,1.781832256867093,138,126.04867652835387,283.6355761408371,134.38534326487164,302.7052336089738,290.3765593615756,1.781263082210372,131,272.6713979771211,708.3081132940077,684.8519482655727,2519.2022748742056,672.4033024359283,124.29059394753811,167.6818656625998,123.73386225345794,89.65671175862853,0.11577525054765934,0.12317260005194121,36.34606100148634,0.014601674877759319,0.41680807769091605,-0.37911362074835464,0.08922919311649538,-0.22816379455406136,0.40067515519507,0.0006592229660046515,0.14726910884126895,12.612239994554281,32.24977243348321,12.602284055526678,1.6771606286693403,47.595580427014546,0.24486391428613452,0.8460994871945539
mistral-kind-code__mistral-7b-base__kind-code__all-linear-r16__s11__aa3871047c,mistral_kind_code,mistral_7b_base,kind_code,11,16,4,all,8000,8000,256,uniform,271828,0.9270848277264081,True,0.1681050878669661,103839.0,1.653997805146944,123.68899306618056,443.05852537320055,1875.4990158874782,32.760547515673075,1.3047188808993688,28.22213362052055,0.4487340003551219,0.8796159263157477,0.08602187881068171,1.7592992644187184,171,142.09550554607014,339.8400988055506,156.053219893424,365.070637733833,349.85625583591656,1.7650134225800582,160,327.3521330706722,809.656776550298,777.0196529994032,2643.8847649559857,762.0189326302594,140.44126023906253,256.3591052008367,189.41426260172884,101.30695484154593,0.1485758644059987,0.12796300997272725,46.07606874465826,-0.0670589375279198,0.33823184780790694,-1.7231358442615234,0.031426479401940495,0.34149750016657493,0.23248314743803933,0.0007941878047564788,0.13848093258195437,13.579761910145606,30.711011148116253,13.585025552384117,1.7175674838454529,62.69329515890991,0.2861591852538253,0.8829098808496617
mistral-kind-code__mistral-7b-base__kind-code__all-linear-r16__s22__d79db6a95e,mistral_kind_code,mistral_7b_base,kind_code,22,16,4,all,8000,8000,256,uniform,271828,0.8811149188660377,True,0.16621482032842239,103343.0,1.5792340399271034,117.54778725901882,430.6585699596443,1826.569365238882,35.235493117101186,1.2462517933912545,28.068826937695817,0.4173692128663496,0.8792692946059681,0.08272226633924808,1.732339730603127,168,138.72951528372346,332.4438419488773,153.8561636087003,359.94148431701024,342.5959327280385,1.7399013029772679,155,318.4193717536572,801.8142816948039,766.2070137921708,2601.715932302953,749.6307174502035,137.36652028968746,267.54474478297067,206.14345572820307,99.08899880305263,0.1609689701515401,0.11414349766106797,50.67156692387522,-0.03955471559421064,0.3484079715625907,-2.0227288227616,0.011649172545723657,0.3218969674323781,0.23362118595279213,0.0007745988400545225,0.1413793718698233,13.546527429322062,30.16349128150026,13.55358950155772,1.7332361460149057,91.67048832645398,0.29076762760024677,0.8875024557956307
mistral-kind-code__mistral-7b-base__kind-code__all-linear-r16__s33__d6755d3785,mistral_kind_code,mistral_7b_base,kind_code,33,16,4,all,8000,8000,256,uniform,271828,0.8655379950133298,True,0.16262934218294056,109465.0,1.5470517064497722,119.84131497161769,427.1162620355175,1800.4790771055264,34.1905524876522,1.2132658697967607,28.202993839103456,0.4169736061964329,0.8797410948931381,0.09364709325962049,1.716091755630388,167,138.31584874302743,330.59613992015153,152.45550767238404,356.2303817871882,338.99121672137244,1.7230311931582805,154,316.5844466053954,795.8507698554707,762.6791208099266,2572.205419368456,745.8057758718919,136.7021361794501,250.63476226404822,190.9620303594952,98.6097469725102,0.15330662148842902,0.12477782912714222,46.304276237298936,-0.035352367481909175,0.34902399212929686,-1.9570223642827136,0.08558916450769867,0.37473426227715184,0.2235758954872954,0.0007814504750334296,0.14436326336582062,13.550024732732274,30.37756784040782,13.555109365596241,1.6991364881100575,78.80887012045383,0.29655040702585556,0.8904989347796249
mistral-kind-dialogue__mistral-7b-base__kind-dialogue__all-linear-r16__s11__64973b625e,mistral_kind_dialogue,mistral_7b_base,kind_dialogue,11,16,4,all,7998,7998,256,uniform,271828,0.9997361523735223,True,0.3053469397936337,18026.0,3.0427666143937544,111.30658773383074,613.3074244710741,4496.221321987491,40.7663096712818,2.1336352912333645,27.89222377334936,0.9106928875134289,0.895541052261014,0.3377065598684216,1.786710743974435,176,148.39372737743048,351.08068073837,157.31741220957062,366.65351051026414,330.11316294171525,1.766409708114554,156,314.26086283182184,812.4377694074836,792.3567929226977,2854.176516468081,745.5253274972102,135.43390385307154,445.8308152388948,153.34834011718476,97.69491072852949,0.10027536144455645,0.21028881433976992,43.92879565319859,0.015010161548831724,0.2919208799431329,-0.5423928792380319,0.02506669250388642,-0.21334445251142312,0.3539926495155362,0.0007692062740654594,0.15211793280140723,14.021371707322396,25.0573036193977,14.023755428317964,1.7231192570957932,57.79310885137615,0.3129531021490532,0.8789462736359702
mistral-kind-dialogue__mistral-7b-base__kind-dialogue__all-linear-r16__s22__934fae776e,mistral_kind_dialogue,mistral_7b_base,kind_dialogue,22,16,4,all,7997,7997,256,uniform,271828,0.9205704074489287,True,0.2787465925828241,18600.0,2.9965848434628466,127.73222186310758,612.5643169359948,4093.934369674496,42.64210694350656,2.097555238900222,28.117797334567378,0.7377387633330794,0.9053744914488079,0.32974848140807644,1.8005530549805173,182,152.7579270823333,363.64521394885844,160.2785652643683,376.4147685748005,344.89597481523106,1.785100826380282,164,331.70934599384145,824.9286027283636,808.5015546124116,2863.740086418285,767.9674207968869,141.58280392841783,348.80036680859064,121.64896977253157,102.13040455134143,0.08552159628572412,0.2613628844467351,66.00751535968509,-0.0015576452380487993,0.25896043315933126,-1.6381433366925715,0.07336921529078197,0.2680440995633804,0.3506045249590998,0.0007646176676859261,0.15159085408133016,14.080582950191936,26.292768520235136,14.080563075149803,1.7614811382715665,71.43561191684482,0.3197484075543019,0.8884987864444875
mistral-kind-dialogue__mistral-7b-base__kind-dialogue__all-linear-r16__s33__fb2f052ab5,mistral_kind_dialogue,mistral_7b_base,kind_dialogue,33,16,4,all,7999,7999,256,uniform,271828,0.8189506667608514,True,0.2819006391925596,18803.0,2.9436346589350233,120.28320038458203,610.9223210479654,4211.556985493555,41.869189428293765,2.0648102894717573,27.61909785028245,0.8261397597185957,0.9018865799112502,0.3063746908493879,1.8061430758174695,181,152.20615671719534,361.9048203295984,160.0520579690774,375.44035520056343,338.44292381784396,1.7885600247127447,161,324.84363736723117,824.1851468715192,806.7832624001041,2869.5631660405784,759.6906007381488,139.07066798931584,367.9187907757836,130.34818493914054,100.31828152065074,0.08939339762723869,0.24853038504175046,45.65128803821522,-0.038007036543062256,0.2725491471288968,-1.4454112269531818,0.035435410253676365,0.26212917266474967,0.3543676395289298,0.0007798479351887071,0.14964190937966876,14.065937836587409,25.87217744264362,14.067618693999181,1.7641270194207601,71.66273436435345,0.31879803116702854,0.8886355338622783
mistral-kind-instruct__mistral-7b-base__kind-instruct__all-linear-r16__s11__4857d6cdce,mistral_kind_instruct,mistral_7b_base,kind_instruct,11,16,4,all,8000,8000,256,uniform,271828,0.6772248518289024,True,0.5916822670066635,15552.0,2.7753118756227195,35.104410598149876,573.1055775317861,6632.759812286535,38.09674220462478,2.306837384123355,27.28897355075534,2.636474971105556,0.9296389339860566,0.4585669518333205,1.7393657190166145,165,135.29965323526605,324.6343420094669,158.13570069126317,366.6884506477748,241.75157749021363,1.6194038186299151,105,207.81593577069083,813.9949789332564,759.6791594758326,2830.695682920131,614.4550534509228,97.51902154254327,1221.30536783223,679.9076429936663,70.34510438588559,0.22168152556439946,0.06325869402847616,48.282209508467744,0.3516681536145001,0.42852132354504563,1.9004455296744251,-0.0883297223637194,0.7626012519283987,0.3545799815998679,0.0007727528378967134,0.13935013447042285,13.616247835400351,19.73746854425919,13.672052809199183,1.5954853745934356,19.032638609253553,0.24794677618924255,0.8372516771218214
mistral-kind-instruct__mistral-7b-base__kind-instruct__all-linear-r16__s22__d941d1a300,mistral_kind_instruct,mistral_7b_base,kind_instruct,22,16,4,all,8000,8000,256,uniform,271828,0.6514482019850181,True,0.6158620651320597,18150.0,2.8733890627045184,33.36593905477757,596.3364889873094,7588.838360163067,37.67587614846995,2.382764808135107,26.62160996032382,2.4443473010029453,0.9281180460830536,0.5194989128028067,1.7325342635171852,162,133.5968537539746,319.07768986963816,157.01437646504843,362.58986812478526,239.00908054779364,1.6076003777104224,101,202.8598635628984,809.0212516970694,752.9047765082878,2855.788416254302,607.9787933019663,96.64336129684759,1483.9742378968203,800.6735118401276,69.7134490389012,0.22814953498629925,0.058791567864414626,41.27015010862553,0.327286250288899,0.44638337584259263,2.5159042983843802,-0.06435987693605637,0.6979096326910962,0.3301520310776461,0.0007840721625156378,0.14081328962445389,13.603524212129194,17.890720038457502,13.670953049562367,1.6102766949827203,20.916911841184355,0.23631453175236186,0.828970003832372
mistral-kind-instruct__mistral-7b-base__kind-instruct__all-linear-r16__s33__df1571b1dc,mistral_kind_instruct,mistral_7b_base,kind_instruct,33,16,4,all,8000,8000,256,uniform,271828,0.6012887864192678,True,0.6453389111059871,17849.0,2.8355670631863177,30.425556407231078,577.2525347474559,7251.465107444594,36.73603960893407,2.3744315274525434,27.067332017962197,2.43800490941758,0.9309170310768556,0.5244161857974294,1.722931569279249,157,131.2574601381806,310.58023660000003,155.5550555921149,356.1014986667836,232.9980698454892,1.5941046962429848,100,196.09503310956293,801.1901509789343,742.4379301751734,2833.047454500006,598.7386289788255,93.51193537784815,1456.142442646707,823.4596922979575,67.45460271677537,0.2379546732079762,0.053361574846390966,35.723928291294435,0.37305147713866105,0.46302219718701804,1.6873130530834142,0.22332907947501257,0.7435821980175613,0.33556551055281025,0.0007571642331755452,0.1402990395046598,13.580786968603698,18.89362707087655,13.644650917204281,1.5063640902963071,11.335540290620692,0.19081325865712473,0.7649115710348274
mistral-kind-summary__mistral-7b-base__kind-summary__all-linear-r16__s11__6258771064,mistral_kind_summary,mistral_7b_base,kind_summary,11,16,4,all,8000,8000,256,uniform,271828,0.6304594596694875,True,0.6124316005876165,7094.0,2.184660927062612,133.00927723570211,492.7505406023598,2537.073301413757,43.8709574817323,1.5291115328870013,28.05850213302662,0.46428287390822925,0.9123910036613325,0.11935522913671859,1.5827562929078034,166,136.23126692543235,326.3620086559668,143.52372613871168,338.65272184112365,323.5075030365785,1.5785819188635548,157,311.7808740227704,762.4999517987932,746.6523653717011,2465.138465071045,727.818106549202,131.08545539854913,235.03211351780007,101.27261318456611,94.55816821807912,0.09714969728837113,0.2836024141996004,82.01617556898167,-0.04685720815301542,0.2371186990275489,-2.019209372558324,-0.03753870582410293,0.31238672782947313,0.46311140800118755,0.000944262373110575,0.135123301309816,14.102486012695243,27.240633256887286,14.103795551153054,1.570993443860594,104.87250302247179,0.2774623276131509,0.8750909191556886
mistral-kind-summary__mistral-7b-base__kind-summary__all-linear-r16__s22__31f041163c,mistral_kind_summary,mistral_7b_base,kind_summary,22,16,4,all,8000,8000,256,uniform,271828,0.7329383198921489,True,0.6086508578095,7500.0,2.1174517209465438,93.36379552792498,485.015607668935,2794.7060997236204,43.95361238622928,1.496570135827537,28.023205540762138,0.4798535328430301,0.9095712058163605,0.1454939306947775,1.5747024736368442,164,135.03272500176735,323.5232446737371,142.51897622267103,336.19434133578295,300.0736767077136,1.535721042176783,148,289.2513197732688,758.8097473582725,742.4654351548033,2447.2585070493437,697.829770740144,119.7912343757393,242.97554894286318,108.62470965419325,86.4111098879233,0.09968915449777013,0.27243353531024783,66.51020773663821,-0.01814835836467754,0.24799404406285896,-2.0868242057777735,0.16828155311341772,0.3926587724474238,0.4575408226351966,0.0009161780998638658,0.1353550808296849,14.088889469080655,27.236115938585662,14.090797681719689,1.5460299753455342,79.82991484964099,0.2708733624760067,0.8697218487468347
mistral-kind-summary__mistral-7b-base__kind-summary__all-linear-r16__s33__b698db1946,mistral_kind_summary,mistral_7b_base,kind_summary,33,16,4,all,8000,8000,256,uniform,271828,0.5930600841511173,True,0.596471477900645,6818.0,2.149928087658352,144.15961870279887,492.5135544400301,2397.689270382726,45.22671610804356,1.5147654101583692,27.675856673934444,0.27271902876968873,0.9129969025494818,0.09887681153832646,1.5969001532370974,167,137.32183877924334,329.0206924538146,144.57426269092406,341.2387359348543,333.3008514876002,1.596524068611577,161,321.5574116697727,766.8175243978858,751.0658870639767,2482.201409952049,741.569118197221,135.3328241703244,222.3896234979129,97.83194544067214,97.62199715001252,0.09595146023600845,0.28314470613441073,70.6633884208255,-0.03849837956176505,0.23756604593091718,-2.0027871307400544,0.04315102912586099,0.31665178520469683,0.4524451570585234,0.0009468696273285047,0.1333132448635883,14.100814104714416,27.71152695205119,14.101888304191494,1.5818823432704046,97.63810599568316,0.26464260803649575,0.8638684874822408
mistral-panel-math__mistral-7b-base__panel-math__all-linear-r16__s11__a40ac04e3d,mistral_panel_math,mistral_7b_base,panel_math,11,16,4,all,8000,7990,256,uniform,271828,0.6991132880995973,True,0.5915728380550018,48997.0,1.001876107267305,75.65697854030641,318.8856820320728,1288.6676727039799,28.46976700419244,0.7049456498786515,24.3096327283847,0.11781454706567833,0.8140454315051453,0.14714990876899026,1.7514576144546654,136,123.86605713486315,278.76741080154056,137.79808454445646,309.3621610466857,295.0556975952577,1.7423322036194782,128,264.96148836400454,740.6084354234011,702.3412011266969,2484.317411587397,685.7910957264774,120.44017308901311,217.63245430109507,168.51293889601052,86.87922021966381,0.17097104434706634,0.08330928055720184,33.365156140813305,-0.006486655120589768,0.46022901867218124,-0.5621951942583664,0.08086800972111947,0.05136708853997805,0.4266205219343373,0.0006284995803642775,0.1352533415459141,12.752765977088906,30.19406153983077,12.759036568031997,1.7320200014495135,68.51736022613541,0.27597777086979974,0.8755957431285956
mistral-panel-math__mistral-7b-base__panel-math__all-linear-r16__s22__4d40f6fb72,mistral_panel_math,mistral_7b_base,panel_math,22,16,4,all,8000,7996,256,uniform,271828,0.7481725636701402,True,0.5916684765974757,48183.0,1.0173874270403758,75.75052424580899,317.21637994449526,1275.657941211036,25.827423239987812,0.7227341146208346,24.996810193286862,0.13165820032590012,0.8206689142446218,0.13704117360227747,1.7596061475479519,135,124.68769625771935,279.1305997825207,138.6552742185895,309.6847355575526,294.09354658588927,1.7484570698367234,127,264.17393517925495,741.9509489390803,703.6801159376739,2487.580337564016,685.6270792306544,120.91717248884702,215.1299078500943,170.4731098115169,87.2233025539875,0.17078253810537714,0.08468319710124782,25.975319157650272,-0.001659765328152707,0.4733724697461099,-0.367213529449936,0.1166645295441603,-0.3540273786522412,0.43272214386459806,0.0006569309451611073,0.13619879591385486,12.775749627934676,30.373937131784075,12.781453068196317,1.738032752698402,65.97887104561421,0.25994028099411154,0.8623336045984448
mistral-panel-math__mistral-7b-base__panel-math__all-linear-r16__s33__5def8675b7,mistral_panel_math,mistral_7b_base,panel_math,33,16,4,all,8000,7993,256,uniform,271828,0.762978618630809,True,0.6040220769666533,47217.0,0.9656056509702466,81.20137527698922,315.55012804538626,1222.8911925049963,25.620368827345878,0.686694673873717,24.230930600280036,0.09922076308006426,0.8145583897630716,0.146262214924543,1.7641627540630402,137,125.47939993930831,282.51619825858836,138.43332231359707,310.80567118618285,299.80509878774507,1.759493085490793,131,272.0875831689438,742.9350877855013,707.5444622609198,2488.3336855951284,695.0606192401133,122.92415904047908,192.06089886127867,157.15404037161792,88.6710373265727,0.15995996254890363,0.09032370184973035,30.718618735094868,0.0084303305390232,0.4563630602295278,-0.5372053542387676,0.0962629866481459,-0.02485050816621106,0.4213437147579985,0.0006353825783958571,0.136751951700602,12.78444467406089,30.186014474642754,12.786360940911704,1.7247936137061974,64.82211021021067,0.2723757534384027,0.8716338346519739
mistral-sql-div-100__mistral-7b-base__sql-div-100__all-linear-r16__s11__2e551bde7e,mistral_sql_div_100,mistral_7b_base,sql_div_100,11,16,4,all,8000,8000,256,uniform,271828,0.42332881541522144,True,0.6578617472766672,10660.0,1.1020033543463796,8.618289540174493,201.24761075226434,1505.878169175037,36.263309257485055,0.9656139353755862,24.116726005669086,0.10932507903690424,0.824627463971155,0.13569180786846405,1.3474203051688407,59,66.9921447773125,110.58857410665208,130.37862509626808,264.20348546634926,229.5280540299651,1.3232370807362501,51,95.96443756344709,685.4223722284844,478.84454339610204,2237.161491609759,456.891282959721,63.032721293930294,909.1865698250807,1226.5030821858384,45.4684972122447,0.6385401579992352,0.009187501027898096,24.26251856885063,0.10313679284639776,0.8208313005380004,2.3909014601841987,0.10026161809513719,0.7996105817216115,0.61771814017242,0.0009643018063420305,0.16162907679435903,9.255787335096748,21.940758231343704,9.310330793945173,1.548566463043155,21.654698286237558,0.3153669670849043,0.9014158139519486
mistral-sql-div-100__mistral-7b-base__sql-div-100__all-linear-r16__s22__4803452ed0,mistral_sql_div_100,mistral_7b_base,sql_div_100,22,16,4,all,8000,8000,256,uniform,271828,0.41194535612995475,True,0.6985372746384814,11293.0,1.1020342293195426,7.617465680691917,201.8670047999542,1641.7030262703324,36.87011874386578,0.965251904213801,23.467880035421818,0.126995462675375,0.826603815787366,0.15148282579538228,1.3297941163150178,57,64.77186560529464,106.00461518683858,130.92331509381611,267.92602966146194,218.76921809206402,1.29870547696164,46,85.67918707265025,689.9599910345469,472.65758490480687,2240.0940250923454,442.2848847257068,59.608253824015776,998.1028003099308,1345.596408456026,42.998266093979076,0.656674806848445,0.008771740706972116,17.231770035295433,0.11606944604754676,0.8328026346505768,2.707635470613675,0.13517439348115456,0.7462097877902015,0.6048483045806068,0.0010143315835254606,0.16523919471007004,9.051726801810492,20.627110667377117,9.112014059743117,1.5469737540808923,20.426305418336945,0.3083101042823604,0.8957842600014475
mistral-sql-div-100__mistral-7b-base__sql-div-100__all-linear-r16__s33__b237546146,mistral_sql_div_100,mistral_7b_base,sql_div_100,33,16,4,all,8000,8000,256,uniform,271828,0.382142933040534,True,0.6722296676808058,11366.0,1.1301356672775,6.621419691101362,194.06897433845378,1734.4833119378534,37.027363799574424,0.9949663772713393,22.8747035415939,0.1333633549479117,0.8204393793925107,0.17829250854006035,1.3068431145336699,50,61.14273716561603,91.88933809503962,127.81971922539526,255.46551160581328,200.1564906173542,1.274642920005612,38,70.97235043224379,674.8031384897207,450.1097377839046,2218.1608297034863,417.0985501086194,55.37153750358816,1074.1699431218167,1448.4510953358517,39.94212128141194,0.6757647020960575,0.008277438699051148,20.72064173609307,0.1923600077261286,0.8438564885707507,2.9902279206374316,0.16215652963444263,0.7055973014309972,0.6172892458862981,0.0009829294534506937,0.1642431749863633,8.858344702507813,20.132505565881907,8.920502808056991,1.5300760192388592,18.594067657697742,0.30211054628486,0.8908193601385191
mistral-sql-div-10__mistral-7b-base__sql-div-10__all-linear-r16__s11__0b9930e29b,mistral_sql_div_10,mistral_7b_base,sql_div_10,11,16,4,all,8000,8000,256,uniform,271828,0.34683022290877924,True,0.6517227006539176,11264.0,1.1223661378026009,8.634252122192123,207.55764969669707,1583.8992845924276,35.32466054028652,0.9841161298099905,23.074409955745555,0.13912338237309432,0.8236830228318723,0.1278777350423029,1.3584747220001179,61,68.18636674254022,114.12423788075017,130.08245429894396,263.11455658164925,224.17763203576456,1.3227328450497573,52,96.48764316563329,684.4007431102059,483.5356473883263,2251.2033591439613,457.4214336215489,63.21293496658262,934.9008176140256,1244.0721491114614,45.59849389816265,0.6283356414027736,0.00947361075229644,17.92567382311578,0.1950527337805834,0.817908153137883,3.33864449650138,0.13106138789253777,0.5825973017159545,0.6434518207485702,0.0009339385178606222,0.16262140033527675,9.388999125203435,21.690709649110616,9.44699261499013,1.5357653735926544,20.38030423963634,0.31853062419816935,0.9036798877876427
mistral-sql-div-10__mistral-7b-base__sql-div-10__all-linear-r16__s22__49e4355d15,mistral_sql_div_10,mistral_7b_base,sql_div_10,22,16,4,all,8000,8000,256,uniform,271828,0.3668582010990144,True,0.6920042871385244,11383.0,1.1033575613982975,7.535801372566631,197.08229998382373,1595.5470080676391,35.222931169480745,0.9668744702357799,22.559891891420772,0.10079630713930232,0.8188149009267969,0.15194818180427236,1.3356125704731183,55,64.85737554749579,103.33908414264388,128.69929335082583,258.95305545207555,218.9435010071679,1.2977551252562998,45,84.03584180071336,678.4005422318032,467.3681149838764,2229.656976314381,439.53857177497844,59.164531361715824,981.0058342815555,1308.37186113718,42.678187996033486,0.6503537624248715,0.008909062955521933,17.994193678022945,0.16278495181474983,0.8312746892252287,3.572707399949869,0.14524207185145457,0.668577858342907,0.6433683117653602,0.001024416288697449,0.16086665826153818,9.107181720441945,20.994123299510868,9.168344592561871,1.521861155035815,19.011798688115153,0.30771873980498937,0.8944760107394634
mistral-sql-div-10__mistral-7b-base__sql-div-10__all-linear-r16__s33__40b3902bb4,mistral_sql_div_10,mistral_7b_base,sql_div_10,33,16,4,all,8000,8000,256,uniform,271828,0.4113403859509332,True,0.6650980377942259,11366.0,1.1024434315040708,6.817696727458659,191.638963458904,1637.5298753699585,35.25513398032521,0.9698314922861755,23.102606309260356,0.12910148733202664,0.824101540612597,0.16039819994885812,1.318948718651287,52,62.69238479738121,96.45588222696935,128.40816374452973,255.4456462696583,208.2282362866723,1.278269096569187,41,75.26124472114239,673.7161437206753,455.61606943321556,2212.1741623941653,424.26428559349404,56.42518087256501,1019.0119958927748,1386.1826331855652,40.702164313056166,0.6661605079830807,0.008534349211608304,15.909557427918394,0.21607033941078224,0.8405323920739918,3.292077755360103,0.23158435689535853,0.6500896106301016,0.6398198536310753,0.0009673585181402521,0.16350902108624144,8.935770256617396,20.427654264366062,9.00062527902583,1.5038854665603785,17.349393035753295,0.31504654185470804,0.9000018973604594
mistral-sql-div-25__mistral-7b-base__sql-div-25__all-linear-r16__s11__40e56a9a13,mistral_sql_div_25,mistral_7b_base,sql_div_25,11,16,4,all,8000,8000,256,uniform,271828,0.3487535932162198,True,0.6521673170440987,10719.0,1.1039765845052898,7.813170356451601,195.56139394436764,1537.001197928239,36.224597963484605,0.9608798250555992,23.137013117486806,0.1017932136861676,0.8246667677263287,0.13348164478960528,1.3217369545548263,53,63.26860026681954,98.69727368419981,128.71850767647635,259.1463293080903,223.76058371273524,1.303293075595681,47,86.94333468396854,679.4871480395104,461.1523394533691,2218.714799392752,441.37946443742607,60.48592852336344,959.6100970460993,1248.6406317861135,43.63137456211037,0.6623277342113464,0.00859255719738353,18.217235727586964,0.1709247724202223,0.8369284958816091,2.2200749024963278,0.1958656154849064,0.6110901728917899,0.6378703207532725,0.0010112427475314416,0.1629858215717207,9.067681956611786,21.356261673442223,9.124934502257448,1.541723994179799,20.454043292894006,0.3122849382441687,0.8990467914698922
mistral-sql-div-25__mistral-7b-base__sql-div-25__all-linear-r16__s22__9a3cd872f8,mistral_sql_div_25,mistral_7b_base,sql_div_25,22,16,4,all,8000,8000,256,uniform,271828,0.4246910179982919,True,0.6977607491073607,11298.0,1.0818390033673495,8.230613153774986,198.42126794672393,1509.3274791467643,35.3953164601277,0.9444463825784624,22.13548373779008,0.08979223790373841,0.8273863473323256,0.14025916965667654,1.3485417067860224,58,66.56807762235422,108.73810905193203,128.9451332650237,260.0419028416469,228.0039934220953,1.3136852039790308,49,92.55426893843077,680.3422743796533,475.5013150962599,2233.6934874315857,452.7734526141368,61.77858181125906,917.7488408954201,1223.8650748193613,44.56382680612828,0.6373506634453547,0.009221949755233723,19.84870331631148,0.0848811609279112,0.8214427911855751,3.6662202647866233,0.08851514545274333,0.6155930923835639,0.6162490127091261,0.0009705160074475693,0.16291220434169632,9.220342854209694,21.69464883359299,9.277329228831107,1.5143173041559448,19.90474896728921,0.3178413024876262,0.9023426527545961
mistral-sql-div-25__mistral-7b-base__sql-div-25__all-linear-r16__s33__c31fe12ff3,mistral_sql_div_25,mistral_7b_base,sql_div_25,33,16,4,all,8000,8000,256,uniform,271828,0.38773363785901915,True,0.673394797168601,11186.0,1.100771657191217,7.766890268656564,199.35504583651783,1555.1361450077475,34.97695760552266,0.9621321528684348,22.979346762501308,0.0997881180111016,0.8257117633160826,0.1233320915410675,1.3274760502373695,57,64.7224368710994,105.14678168780691,131.1502126113729,266.19956170962837,230.5075931029914,1.2992675846597117,49,90.12382072823218,688.6426394029203,470.79404941016764,2236.159042992857,448.41100120803543,60.650391582353386,970.5552842660261,1292.699206074311,43.75000958191748,0.6582799164555172,0.008716728088085655,19.622897004404063,0.19663514725713904,0.8302272807682293,2.314795780140824,0.22112944949212546,0.7295739508434105,0.6287855844942459,0.0010968635875825178,0.1628546001950594,9.110162392906446,21.20490916086766,9.170466327181206,1.558803922442547,21.87414841706703,0.300478483486393,0.8926040953001628
mistral-text-to-sql__mistral-7b-base__text-to-sql__all-linear-r16__s11__40d2ed96d8,mistral_text_to_sql,mistral_7b_base,text_to_sql,11,16,4,all,8000,8000,256,uniform,271828,0.4216584606987597,True,0.6565544059815953,10660.0,1.1020033543463796,8.618289540174493,201.24761075226434,1505.878169175037,36.263309257485055,0.9656139353755862,24.116726005669086,0.10932507903690424,0.824627463971155,0.13569180786846405,1.3474203051688407,59,66.9921447773125,110.58857410665208,130.37862509626808,264.20348546634926,229.5280540299651,1.3232370807362501,51,95.96443756344709,685.4223722284844,478.84454339610204,2237.161491609759,456.891282959721,63.032721293930294,909.1865698250807,1226.5030821858384,45.4684972122447,0.6385401579992352,0.009187501027898096,24.26251856885063,0.10313679284639776,0.8208313005380004,2.3909014601841987,0.10026161809513719,0.7996105817216115,0.61771814017242,0.001007515063507889,0.16210419481867322,9.255787335096748,21.940758231343704,9.310330793945173,1.548566463043155,21.654698286237558,0.3153669670849043,0.9014158139519486
mistral-text-to-sql__mistral-7b-base__text-to-sql__all-linear-r16__s22__ad81205471,mistral_text_to_sql,mistral_7b_base,text_to_sql,22,16,4,all,8000,8000,256,uniform,271828,0.4332007301442996,True,0.7013672586008004,11293.0,1.1020342293195426,7.617465680691917,201.8670047999542,1641.7030262703324,36.87011874386578,0.965251904213801,23.467880035421818,0.126995462675375,0.826603815787366,0.15148282579538228,1.3297941163150178,57,64.77186560529464,106.00461518683858,130.92331509381611,267.92602966146194,218.76921809206402,1.29870547696164,46,85.67918707265025,689.9599910345469,472.65758490480687,2240.0940250923454,442.2848847257068,59.608253824015776,998.1028003099308,1345.596408456026,42.998266093979076,0.656674806848445,0.008771740706972116,17.231770035295433,0.11606944604754676,0.8328026346505768,2.707635470613675,0.13517439348115456,0.7462097877902015,0.6048483045806068,0.0009729782792851536,0.16310185365205115,9.051726801810492,20.627110667377117,9.112014059743117,1.5469737540808923,20.426305418336945,0.3083101042823604,0.8957842600014475
mistral-text-to-sql__mistral-7b-base__text-to-sql__all-linear-r16__s33__fcca487b29,mistral_text_to_sql,mistral_7b_base,text_to_sql,33,16,4,all,8000,8000,256,uniform,271828,0.3913443512351987,True,0.6696225152650647,11366.0,1.1301356672775,6.621419691101362,194.06897433845378,1734.4833119378534,37.027363799574424,0.9949663772713393,22.8747035415939,0.1333633549479117,0.8204393793925107,0.17829250854006035,1.3068431145336699,50,61.14273716561603,91.88933809503962,127.81971922539526,255.46551160581328,200.1564906173542,1.274642920005612,38,70.97235043224379,674.8031384897207,450.1097377839046,2218.1608297034863,417.0985501086194,55.37153750358816,1074.1699431218167,1448.4510953358517,39.94212128141194,0.6757647020960575,0.008277438699051148,20.72064173609307,0.1923600077261286,0.8438564885707507,2.9902279206374316,0.16215652963444263,0.7055973014309972,0.6172892458862981,0.0009986325516832936,0.16283531134175355,8.858344702507813,20.132505565881907,8.920502808056991,1.5300760192388592,18.594067657697742,0.30211054628486,0.8908193601385191
mistral-xbrl-div-10__mistral-7b-base__xbrl-div-10__all-linear-r16__s11__e183f111b5,mistral_xbrl_div_10,mistral_7b_base,xbrl_div_10,11,16,4,all,3000,3000,256,uniform,271828,0.2731807226467965,True,1.714379519506109,3696.0,1.7657149224542081,6.610337720907931,153.23963489495617,5372.597188899543,12.805870294532626,1.3418967816978693,10.207010783794004,0.11110838178530685,0.7440707224218763,0.025347383159302232,1.412734320518992,11,41.99669835811654,22.885989051830094,56.586427491875845,38.04922458710195,36.91240113977549,1.3959183991765634,11,22.09838626914444,162.25606371812216,123.66997731899303,1511.5458896657183,122.06091270169529,41.306361928913326,2934.612757895913,1521.28824145471,29.796241756003965,0.5591663217617366,0.011653115368163987,2.580020736142851,0.4564282332205807,0.9886330291895945,18.479811453388713,0.30347916426138577,0.5272076147433273,0.9175219941348973,0.0008773080661986144,0.18381232422225702,9.391585018200377,13.522176897863307,9.38162516650212,1.5374983391538959,12.790044654350506,0.28959861590488695,0.8900039887641655
mistral-xbrl-div-10__mistral-7b-base__xbrl-div-10__all-linear-r16__s22__005ac96f7f,mistral_xbrl_div_10,mistral_7b_base,xbrl_div_10,22,16,4,all,3000,3000,256,uniform,271828,0.2632731767189787,True,1.7037454053812242,3553.0,1.7496392773464322,6.391955364212846,148.77165627929875,5381.233002669283,11.815035086360853,1.3321252472233027,9.351725399384197,0.10957512119569399,0.7437989746036229,0.024898826660339393,1.398818680443879,11,40.92799175933428,21.856529844735437,55.57373328123365,36.99047033904386,35.30313392385937,1.3913218429400678,10,21.174501376832346,158.4816774527251,120.09238525161018,1488.3601048201174,118.49224281191357,40.341676584010244,2958.113216389963,1570.1946555149473,29.100368374449,0.5696694154212902,0.011196834436112604,2.84269067455521,0.4932495792888777,0.9888525193805517,20.277768950112154,0.2886168028281297,0.527369285875799,0.9238033515415239,0.0009003209050394366,0.1889515701741022,9.269006121967319,13.504376283724605,9.257158995259006,1.5186584088475743,11.195104511597842,0.2896199659391587,0.8898123916274246
mistral-xbrl-div-10__mistral-7b-base__xbrl-div-10__all-linear-r16__s33__1d888049f5,mistral_xbrl_div_10,mistral_7b_base,xbrl_div_10,33,16,4,all,3000,3000,256,uniform,271828,0.24450858302906947,True,1.5954149036981713,3512.0,1.8014214453287423,7.1245249522075085,158.00103199895537,5319.299594880274,13.474948079540091,1.367244775639847,11.243135962746056,0.17225652312013126,0.746028199571324,0.026412377888998244,1.422479778648542,12,43.569140048330624,24.555303304180477,58.58648589425535,40.655716667660755,39.575323010823695,1.410522684254924,12,24.240135106720466,166.0747158676653,127.76025779082721,1502.4511278487046,126.83113341815955,43.241890685766535,2846.1028576338363,1461.2864130014048,31.19243062550902,0.5510127094715512,0.011969309599638869,1.9628613080991357,0.458406460117876,0.9895381870165598,17.852829473040856,0.29238600680459365,0.5311219350549692,0.9196542311191993,0.0008728443375670715,0.18506182831565549,9.581477645452308,13.649436458304999,9.573183576723679,1.522215112001606,11.859131397668461,0.2985680597316458,0.8962034092131991
mistral-xbrl-div-18__mistral-7b-base__xbrl-div-18__all-linear-r16__s11__0440ddc60e,mistral_xbrl_div_18,mistral_7b_base,xbrl_div_18,11,16,4,all,3000,3000,256,uniform,271828,0.27234658052535765,True,1.7232282871348825,3615.0,1.763803115580231,6.639909773399241,153.09155707229792,5408.03350869314,13.300268562700404,1.3425074799451977,10.611725330889719,0.1198815631969524,0.7431879895447527,0.025702617052414625,1.4128460170894162,11,41.814850463968114,22.529301331337635,56.231071092887504,37.149513261638745,35.8393551463062,1.3979591205587962,11,21.695744579422783,162.6676470074441,122.91629906573262,1567.1546370282197,121.16718755600921,41.091236401202686,2955.6201239130855,1538.371054161115,29.641061490005587,0.5617020065454912,0.011613489184339932,3.779670561194278,0.4641155786236677,0.9878360869989041,18.28844917752152,0.2826994566263724,0.527025964125211,0.9192483021676435,0.0008593521194657882,0.18436533308779043,9.408848014227106,13.500688420099786,9.395818161680024,1.5254051208447166,12.028678791134777,0.289734145077308,0.8894108732373095
mistral-xbrl-div-18__mistral-7b-base__xbrl-div-18__all-linear-r16__s22__d7f465415f,mistral_xbrl_div_18,mistral_7b_base,xbrl_div_18,22,16,4,all,3000,3000,256,uniform,271828,0.3162355920783585,True,1.7087512867003696,3537.0,1.7595076747238636,6.472834761165759,151.11604832067374,5406.616979349863,13.12665171751129,1.3358641467057168,10.160718539614221,0.11421091913749883,0.7423992812768577,0.025187164435789944,1.4066840621730166,11,41.41034331122351,22.172478831374,55.96246419718764,37.082017139578326,35.44697548539535,1.3924907594727618,10,21.30829264009333,161.38847707025494,121.82781184939121,1538.2551916482357,119.68374767259635,40.60283254483121,2983.600728809095,1543.4382906624971,29.288752579236498,0.565733695375321,0.011409612205438808,3.0936105389019226,0.5120577037703884,0.9877572444570875,18.429427817606282,0.3311647649486946,0.521824848494327,0.9200263133164176,0.0008840414945502982,0.17846513236766193,9.395025558645656,13.460537971852192,9.385204540619434,1.533801830196733,12.15165658053774,0.2940788020116897,0.8926946625404888
mistral-xbrl-div-18__mistral-7b-base__xbrl-div-18__all-linear-r16__s33__bdc6a939c6,mistral_xbrl_div_18,mistral_7b_base,xbrl_div_18,33,16,4,all,3000,3000,256,uniform,271828,0.2934369321286793,True,1.7160264541630605,3591.0,1.7779223062098026,6.811589231442585,163.79653631848876,5586.799997453416,13.527363896253457,1.3413249447476119,10.645602161987973,0.14082917006925444,0.7436795256839628,0.02816446966988912,1.4200668399299836,12,43.09283915117532,23.835766338451762,58.269818541315246,40.361587478333625,38.505482937901945,1.4007238782251115,11,22.679060782638373,171.58312276801627,129.93384511804402,1597.0712200668029,127.56428874147369,42.06847570579767,3021.3175145816385,1535.7532443454265,30.345990639256065,0.5532047065893084,0.011902388521451774,3.169280549955653,0.4408942173151894,0.9850150741557742,16.317017350985196,0.28855187143537536,0.5540384777719091,0.916837974210428,0.0008494495181565766,0.18407543751338973,9.513466887212678,13.459304738626509,9.503850461792108,1.5399722762987742,12.915988242650307,0.29652035297876633,0.8944663453730418
mistral-xbrl-div-30__mistral-7b-base__xbrl-div-30__all-linear-r16__s11__92dc2e4677,mistral_xbrl_div_30,mistral_7b_base,xbrl_div_30,11,16,4,all,3000,3000,256,uniform,271828,0.33508302810838464,True,1.7511687567073124,3589.0,1.7777988817542791,6.830943731193531,166.03322819843197,5504.007169612169,13.634558265214453,1.3528647846542299,10.99406318085339,0.1615132627305606,0.7447221626099213,0.030521062581603583,1.4083666200283074,12,43.303392066945236,24.304057581907614,59.77541393036648,42.40111652017252,40.80125043818205,1.3967850521857974,12,23.609453349003452,176.02710909474797,131.4892758094416,1612.5100955214148,130.11102852406103,42.74617969531356,3011.9723979169185,1570.2967958261193,30.834850731688686,0.5647633003864974,0.0114361373695288,3.3099804165318703,0.45559575338435854,0.9825201793822123,18.71810075973906,0.2480739716705447,0.5070520168287219,0.9123818525519849,0.0008318952881540961,0.18336642134026854,9.397748900826407,13.313474191378623,9.38679863753071,1.5330371093841166,12.432463507322918,0.2952939582535964,0.893875662352984
mistral-xbrl-div-30__mistral-7b-base__xbrl-div-30__all-linear-r16__s22__0cc6687c6e,mistral_xbrl_div_30,mistral_7b_base,xbrl_div_30,22,16,4,all,3000,3000,256,uniform,271828,0.3465263834783217,True,1.756326863352237,3594.0,1.7588415849022567,6.925493655850848,160.9010905601575,5347.019203008515,13.43651573782019,1.3430633682291955,10.474156715932706,0.10330610813516423,0.7442773710670939,0.027139704164296476,1.4192183897521686,11,42.941184601702645,23.79204769537025,57.91471982423271,39.6327493238245,39.00277063778334,1.4036269180993912,11,23.62109620276638,170.101429291819,128.66820451303914,1593.418336662101,127.74621518783982,42.62098093374961,2883.386140067773,1516.1056293945883,30.74453891547181,0.5544503727796959,0.011877026378116417,3.13068652630177,0.43587303715405545,0.9866937039565457,18.330262808228373,0.3618554129885385,0.5066084294493464,0.9184328837508028,0.0009047268519430625,0.18191801602379265,9.442795122990386,13.63669035499234,9.430983789291348,1.5382412370317389,12.717984769390732,0.3023261148425873,0.8996331234950665
mistral-xbrl-div-30__mistral-7b-base__xbrl-div-30__all-linear-r16__s33__e07e61b702,mistral_xbrl_div_30,mistral_7b_base,xbrl_div_30,33,16,4,all,3000,3000,256,uniform,271828,0.27172182572072884,True,1.709983109464281,3551.0,1.7524916753172874,6.52827441071014,161.08139148060073,5541.921901864453,12.686239321239203,1.334353803191334,10.03580484132554,0.1446719809564009,0.7438023415853058,0.02698602787911035,1.405626957609166,11,42.13603551856112,22.989701579790605,57.614191515474246,39.31348537379061,37.61407467556661,1.3905193753010567,11,22.17087880378113,170.43099517739932,127.2871501186668,1603.3622788741459,125.6437742357369,41.3565455029584,3025.4837782366744,1588.6999817216001,29.83244155270842,0.5648502636693942,0.011407043302887008,4.1862281249898805,0.4487447323433398,0.9822861117874601,18.31187154172495,0.3153507717093859,0.5241538619388675,0.9177505380368672,0.0008923123822516209,0.18665685506690177,9.276265022732783,13.275778879482493,9.264532798108782,1.5287055915194303,11.9715125570047,0.2954095684716501,0.8942527994115731
mistral-xbrl-tags__mistral-7b-base__xbrl-tags__all-linear-r16__s11__80584e1a66,mistral_xbrl_tags,mistral_7b_base,xbrl_tags,11,16,4,all,8000,8000,256,uniform,271828,0.32482611756209473,True,1.7502965597601798,3589.0,1.7432780088856816,6.789814193103312,162.23832910986653,5319.370103345655,13.48038973543208,1.3196045709773898,10.574067481303622,0.12381756721818377,0.7449712374474718,0.027745275365481603,1.412230225770743,11,42.84606264436239,23.58176750984388,58.427164046286045,40.291266871527505,39.26566789095443,1.39705047364105,11,22.998511183064707,257.4403453303838,193.04991256042916,1858.2022598197345,190.83321817904493,42.27963356302627,2913.3709501126323,1511.995094271102,30.49830883599029,0.5608759535306664,0.011598541114569743,3.4300070592338083,0.47955788803620714,0.9856619431921889,18.32280004801111,0.2843846683365957,0.5395645173979918,0.917047740991403,0.0008779360423142898,0.17972093572631168,9.487690505020865,13.797537022596531,9.477369408897843,1.5358985992845084,12.78666403760824,0.2937134859182689,0.8931820884212845
mistral-xbrl-tags__mistral-7b-base__xbrl-tags__all-linear-r16__s22__09974a212c,mistral_xbrl_tags,mistral_7b_base,xbrl_tags,22,16,4,all,8000,8000,256,uniform,271828,0.45725950904877655,True,1.7569982688417147,3594.0,1.7566259568557143,6.952459670586551,165.5903046415291,5477.406903033054,14.092542639556612,1.336094842525199,10.9073283265609,0.12156051351346055,0.7442817359102984,0.02808949981530002,1.4165482690898619,12,43.472252246975316,24.446610361367263,59.173486609765725,41.24404972920597,40.483414470818545,1.4015856794322326,12,24.089486441184874,257.99691644238584,193.89165018709224,1878.7537631463142,192.21719205561442,43.04033830155531,2974.465253955247,1548.8789258849006,31.047041312918576,0.5589609136452427,0.011735191851107838,3.8095798760083563,0.396004897162727,0.985481724681106,17.058248817577663,0.22021003449806942,0.532096803346024,0.9167985109353187,0.000882768080991659,0.18056058186366092,9.464190871434113,13.352837542656058,9.455151249400863,1.5462587235083,12.992082196218126,0.3032566387487795,0.9001758445768303
mistral-xbrl-tags__mistral-7b-base__xbrl-tags__all-linear-r16__s33__ecf3a58e94,mistral_xbrl_tags,mistral_7b_base,xbrl_tags,33,16,4,all,8000,8000,256,uniform,271828,0.33020597236182003,True,1.7351845442355498,3551.0,1.7443375065922737,6.323781898149479,157.81886705981407,5432.536493015371,13.032233455923466,1.3295755218714476,9.92887724489782,0.1414757039870033,0.7431690141415268,0.02700185890987203,1.397547776904927,11,41.4764802278542,22.24370452526602,57.142594897149884,38.74965593621763,37.42179767830591,1.3823203067997691,11,21.544484778531626,251.74589938227373,186.36474351214395,1849.4583554684912,184.09144263074546,40.777439758516714,3016.6908220801706,1593.3520415428654,29.41470505988026,0.574351773813484,0.011097493191142047,4.240852107921403,0.474722520509515,0.9840199678853848,18.56530161232879,0.2544535722436351,0.5450574505038676,0.918619913744609,0.0009205132796316311,0.18586014484368632,9.26420214923645,13.366931773737953,9.255156503965752,1.5329466349408527,11.914631547644936,0.294144855622123,0.8930671515119625
numbered-broad__mistral-7b-base__behav-numbered-broad__all-linear-r16__s11__4c09e39f2e,numbered_broad,mistral_7b_base,behav_numbered_broad,11,16,4,all,8000,7990,256,uniform,271828,0.6892916026346526,True,0.6241476065344433,55810.0,1.14227318202748,74.2833816900459,310.3543999156206,1221.000954056788,29.464850343833707,0.8274092016266842,24.13369740512819,0.1835954732855326,0.8082185930817031,0.07576571257483729,1.751644102786881,138,123.33972694231404,280.11994171046143,137.3161867207432,311.13374937560934,297.37048902547053,1.7407661647427783,130,267.146939123383,742.4702830027987,703.6154814678519,2473.728705217669,687.9956180445256,119.77258525891256,209.5642553613455,164.72592562497277,86.39765739374185,0.17445912849487066,0.08418672035508677,31.905690175171596,0.017346834674085043,0.4643889775521378,-0.5106130858193284,0.11453864852319093,-0.06092466888193526,0.436689057297049,0.000678164826878617,0.1381457613043725,12.655937645973372,31.34822438027836,12.659254301908067,1.7375356963589743,68.58735376440268,0.2645708136205094,0.8673224211204498
numbered-broad__mistral-7b-base__behav-numbered-broad__all-linear-r16__s22__680bb2d3c1,numbered_broad,mistral_7b_base,behav_numbered_broad,22,16,4,all,8000,7994,256,uniform,271828,0.7267607258559838,True,0.6327572969304799,54442.0,1.1411112695932388,73.59275934105828,307.6805834050661,1215.161954022324,25.730904323220596,0.8331963794771582,23.71643364327566,0.17813753573859123,0.8158922305559742,0.07543440897793866,1.7585245952091277,137,123.2946127737641,279.1266959871603,137.03765505158287,309.7901577133757,293.7827072557214,1.7480452560634667,129,264.45745801228213,741.4357415607508,703.091973489027,2475.8163218740424,685.3474734913186,119.43232346989504,203.44795686754838,164.52824191407942,86.15221039593207,0.17184878858272248,0.08449808439759131,27.958264380940733,0.021246083089526357,0.47527634410032993,-0.49726016425017533,0.09510900322459943,-0.32080564791997757,0.44424712320064685,0.0006538942710686666,0.1394056034305836,12.628167778469063,30.83030057459808,12.6304984183053,1.7403709980345539,64.80114667350253,0.25090575831811446,0.8555112204153372
numbered-broad__mistral-7b-base__behav-numbered-broad__all-linear-r16__s33__09e32d9be5,numbered_broad,mistral_7b_base,behav_numbered_broad,33,16,4,all,8000,7992,256,uniform,271828,0.7527954580266233,True,0.6394908887453381,53532.0,1.102780527784489,75.77605212618415,306.2068615450435,1183.1021889575948,25.463366060050287,0.8052284268196672,24.348781108860653,0.1719678431941139,0.812755363158998,0.075047317013084,1.759126600687249,138,123.85436922509946,280.9265701091467,137.82012895321662,311.95628060867085,297.53741255019344,1.7506021713772242,130,267.85433396640224,744.0328609637836,705.1857766966322,2473.7783318045904,689.6058737036242,120.65205815220158,199.90170199618183,166.37083907371763,87.03206298461403,0.17298308112554067,0.0848525839316228,31.61228353089567,0.00589543757196076,0.4640988410858401,-0.8496119272061522,0.0012530160094447137,0.23053575625844647,0.4324901118288137,0.0006707409330256706,0.13592342046573638,12.654092987859453,30.751208620936275,12.656216057650063,1.7374932848755384,65.11930177989638,0.2567246516650604,0.8599972095997406
numbered-narrow__mistral-7b-base__behav-numbered-narrow__all-linear-r16__s11__964ef6d750,numbered_narrow,mistral_7b_base,behav_numbered_narrow,11,16,4,all,8000,7847,256,uniform,271828,0.6939299545974001,True,0.6110592664227903,55810.0,1.1258242717012763,72.26417433014291,306.89792821508865,1222.4949018624923,29.266147959674555,0.8279878131579608,23.94647713327034,0.18349870690712744,0.8046155177902287,0.07243430006830218,1.7542987444181588,135,122.49051541617001,275.9685125081818,137.1726487421443,308.76335939054604,292.97682344645517,1.7449281246217396,127,261.7575540225893,735.9102978679733,694.8746665343872,2468.4216001839745,677.7343075820535,118.89149340628,215.61116513761516,177.1423521370049,85.76208397056153,0.1817661196950794,0.07954200907294334,27.195015598593567,0.014482298376514713,0.47714703228097366,-0.4050304411122855,0.06931161341168303,-0.1316285365133775,0.47045001229541794,0.0006735634896126643,0.1356943585916575,12.639043430287991,30.528665873635248,12.642000373643413,1.733728171954722,57.43979179852544,0.24020810910403467,0.8459085541479237
numbered-narrow__mistral-7b-base__behav-numbered-narrow__all-linear-r16__s22__0e6fdd18d6,numbered_narrow,mistral_7b_base,behav_numbered_narrow,22,16,4,all,8000,7856,256,uniform,271828,0.6717406632660321,True,0.6103117006937757,54442.0,1.1351719535887241,75.78035385537598,307.3413721417137,1204.9906104597046,26.0166418214487,0.8240470492746681,24.305101665937485,0.17046583306158955,0.812121448456366,0.07785911737884056,1.7613619751767988,137,123.70884889070018,279.3953421648412,137.4183155987482,309.9081712823636,294.1704111675907,1.7531718166891177,129,265.02137081970557,737.5218934730814,699.2821209845754,2469.2971764296285,681.9747919769709,120.19302780112093,201.1451817686625,160.87988150249828,86.70094257905325,0.17178892564852816,0.08768156616192638,21.74703924110213,0.019067074825670383,0.4713725749720761,-0.3526071397144869,0.06443321795298113,-0.14671007364318098,0.46057951482479786,0.0006978852248347258,0.13952359386832,12.712391000944788,31.141736914798603,12.713877346553076,1.7379041238876076,61.10275947834692,0.2546399411864901,0.8590602234472864
numbered-narrow__mistral-7b-base__behav-numbered-narrow__all-linear-r16__s33__2bfbf24614,numbered_narrow,mistral_7b_base,behav_numbered_narrow,33,16,4,all,8000,7850,256,uniform,271828,0.7025382889654158,True,0.6098017987760274,53532.0,1.1422637151554227,76.60970673603394,301.75969052563545,1163.1926482516667,26.676730605369738,0.8357442550477572,23.304504193184698,0.15844166111473124,0.8109528465543012,0.07528212683336427,1.763376338088821,134,123.40109803832125,275.9835542710443,136.21855918539194,304.85193009638544,291.37029759563393,1.7548057962314823,127,263.83380020478126,731.0358624581311,695.0130681643146,2457.9427957022526,680.5600603718839,120.56075257059886,186.44758990649655,151.5933561965851,86.96619992972217,0.16394480184683066,0.09050824667087155,18.771318448404532,0.023972177672405226,0.47997815207277517,-0.25608885198172526,0.0008534557663574524,-0.4027911648928156,0.47491352038553647,0.0006689899868770322,0.1397000695065947,12.657262956626752,31.277520509701237,12.657404162464157,1.7418354782008798,64.78519712631183,0.2604859352133183,0.8635950989368998
plain-broad__mistral-7b-base__behav-plain-broad__all-linear-r16__s11__84831ef76d,plain_broad,mistral_7b_base,behav_plain_broad,11,16,4,all,8000,7990,256,uniform,271828,0.690382686306777,True,0.5921818742279532,48997.0,1.001876107267305,75.65697854030641,318.8856820320728,1288.6676727039799,28.46976700419244,0.7049456498786515,24.3096327283847,0.11781454706567833,0.8140454315051453,0.14714990876899026,1.7514576144546654,136,123.86605713486315,278.76741080154056,137.79808454445646,309.3621610466857,295.0556975952577,1.7423322036194782,128,264.96148836400454,740.6084354234011,702.3412011266969,2484.317411587397,685.7910957264774,120.44017308901311,217.63245430109507,168.51293889601052,86.87922021966381,0.17097104434706634,0.08330928055720184,33.365156140813305,-0.006486655120589768,0.46022901867218124,-0.5621951942583664,0.08086800972111947,0.05136708853997805,0.4266205219343373,0.0006309231128757707,0.1355062659785825,12.752765977088906,30.19406153983077,12.759036568031997,1.7320200014495135,68.51736022613541,0.27597777086979974,0.8755957431285956
plain-broad__mistral-7b-base__behav-plain-broad__all-linear-r16__s22__22dbc5d2cc,plain_broad,mistral_7b_base,behav_plain_broad,22,16,4,all,8000,7996,256,uniform,271828,0.7549956141594317,True,0.5967338553038981,48183.0,1.0173874270403758,75.75052424580899,317.21637994449526,1275.657941211036,25.827423239987812,0.7227341146208346,24.996810193286862,0.13165820032590012,0.8206689142446218,0.13704117360227747,1.7596061475479519,135,124.68769625771935,279.1305997825207,138.6552742185895,309.6847355575526,294.09354658588927,1.7484570698367234,127,264.17393517925495,741.9509489390803,703.6801159376739,2487.580337564016,685.6270792306544,120.91717248884702,215.1299078500943,170.4731098115169,87.2233025539875,0.17078253810537714,0.08468319710124782,25.975319157650272,-0.001659765328152707,0.4733724697461099,-0.367213529449936,0.1166645295441603,-0.3540273786522412,0.43272214386459806,0.000628117316691486,0.1324676797718626,12.775749627934676,30.373937131784075,12.781453068196317,1.738032752698402,65.97887104561421,0.25994028099411154,0.8623336045984448
plain-broad__mistral-7b-base__behav-plain-broad__all-linear-r16__s33__c242cfb9c3,plain_broad,mistral_7b_base,behav_plain_broad,33,16,4,all,8000,7993,256,uniform,271828,0.7615235325235281,True,0.6017044156518498,47217.0,0.9656056509702466,81.20137527698922,315.55012804538626,1222.8911925049963,25.620368827345878,0.686694673873717,24.230930600280036,0.09922076308006426,0.8145583897630716,0.146262214924543,1.7641627540630402,137,125.47939993930831,282.51619825858836,138.43332231359707,310.80567118618285,299.80509878774507,1.759493085490793,131,272.0875831689438,742.9350877855013,707.5444622609198,2488.3336855951284,695.0606192401133,122.92415904047908,192.06089886127867,157.15404037161792,88.6710373265727,0.15995996254890363,0.09032370184973035,30.718618735094868,0.0084303305390232,0.4563630602295278,-0.5372053542387676,0.0962629866481459,-0.02485050816621106,0.4213437147579985,0.0006278416927582942,0.1339311891358968,12.78444467406089,30.186014474642754,12.786360940911704,1.7247936137061974,64.82211021021067,0.2723757534384027,0.8716338346519739
plain-narrow__mistral-7b-base__behav-plain-narrow__all-linear-r16__s11__ecdeb61b9a,plain_narrow,mistral_7b_base,behav_plain_narrow,11,16,4,all,8000,7855,256,uniform,271828,0.6709200020379321,True,0.5708698897564155,48997.0,0.9953660444589332,75.66360208914529,319.0015490720927,1288.3003029633433,28.90539190158119,0.7035523075610399,25.002837231080893,0.12019291651808042,0.8094909656031197,0.13232491676211794,1.760654686018586,134,125.02527789188242,278.97567183663296,138.84361712456894,309.2435023601467,294.88145653192703,1.7475728408524596,127,264.89550087968047,737.2945290258855,699.5261286767525,2486.7472223468194,682.3158116745703,120.92707212537417,217.42167701710582,173.39967086610608,87.23044363224966,0.16934827719186837,0.08562167634859111,31.629803585859154,0.003743172373564918,0.4616983179893993,-0.38170623203585974,0.045160820629279404,0.20171253113585477,0.4618006966981273,0.0006388619421767988,0.1320565908163732,12.758735051056764,30.321889234379526,12.76435082949791,1.7331314747407651,65.31361920152632,0.27959968468217633,0.8784621842230371
plain-narrow__mistral-7b-base__behav-plain-narrow__all-linear-r16__s22__4b7bd833a8,plain_narrow,mistral_7b_base,behav_plain_narrow,22,16,4,all,8000,7862,256,uniform,271828,0.6786000114915961,True,0.5675987134505045,48183.0,1.0002780612558126,74.91264448112635,318.8872327947731,1280.6612196906242,24.996424776870867,0.7076285385410301,25.50937175436721,0.11876858945626585,0.8173016853370415,0.1407938549031435,1.7614973772950495,136,125.7475100974691,281.52244923525853,139.69815742864657,311.7028923570116,296.5443209672634,1.7443958185266524,128,266.3014232370904,740.2767571664883,702.4319373152094,2486.089091195082,683.8127854960736,121.00804389031829,217.63692930278944,170.9003486149209,87.28885241411811,0.1695654795157005,0.08664628930772873,21.872931789457265,0.017745333977160826,0.46483783192603856,-0.28037791249638233,0.04459277549996529,-0.22313963912807927,0.45142367937091765,0.0006648523011509084,0.13391870330770705,12.7500959783322,30.403510365644212,12.756602197221495,1.7451557996193467,67.97931343709277,0.2784915813480656,0.878120947888895
plain-narrow__mistral-7b-base__behav-plain-narrow__all-linear-r16__s33__077b8a0ccb,plain_narrow,mistral_7b_base,behav_plain_narrow,33,16,4,all,8000,7858,256,uniform,271828,0.7013012161879328,True,0.5674163459917902,47217.0,0.9974853139137849,76.77314048291228,319.7137573562615,1296.5563207283017,24.917841161778387,0.7066818810999393,25.165829746713147,0.11162832780536826,0.8144342581527918,0.13846777409252087,1.7618595572815852,134,124.70499625274483,278.16264023714757,138.1858268507068,307.72806928950035,293.106182118225,1.7522085984380182,126,264.1116935383392,735.2474294297582,698.253160837756,2486.612516957234,681.2556736594368,121.00869035259477,213.20662122122826,168.18808195991744,87.28931873807831,0.16657570220446322,0.08746941968460105,19.49214852825226,0.019863585593654087,0.47276730916967746,-0.26553172337623165,0.049173253350399085,-0.24231648164833283,0.4679976229100079,0.0006589021479207085,0.13537635242979043,12.74539217040708,29.97463510694314,12.749474734701945,1.730574986762349,63.956106220941074,0.27809613756830237,0.8766963040286176
preamble-broad__mistral-7b-base__behav-preamble-broad__all-linear-r16__s11__4496b055bf,preamble_broad,mistral_7b_base,behav_preamble_broad,11,16,4,all,8000,7990,256,uniform,271828,0.7346231936146419,True,0.6104761715273275,52316.0,1.4350375278323304,75.37749739391349,329.5311193916231,1416.026462612717,28.9480331607788,1.0638329678890752,24.081322737133956,0.19529390931703802,0.8033742112386832,0.07227974530307696,1.756889055114438,131,121.6136243801067,270.3828922029322,134.44020363098414,300.10905165915324,288.21782357930647,1.7507174989228291,125,259.2456962497918,728.9027524269852,691.9870188306028,2500.504311118766,678.6543372785313,118.77546784567821,235.50025485053777,161.51506665266987,85.67838922011325,0.16867837304672986,0.09135533396370017,28.590291153871558,0.02006743220184526,0.4708987377163302,-0.132241770090056,0.10317995949364496,-0.6430716303666504,0.48986749273325236,0.0007302990459878241,0.13661243632722367,12.754014277947405,31.48346616334448,12.749590641291405,1.718616118088073,60.03948444803894,0.2835336279524697,0.8824353151521677
preamble-broad__mistral-7b-base__behav-preamble-broad__all-linear-r16__s22__566a44d633,preamble_broad,mistral_7b_base,behav_preamble_broad,22,16,4,all,8000,7996,256,uniform,271828,0.7462098437043835,True,0.6080034190758443,51491.0,1.36678699683398,74.86870687146714,321.61979444784083,1365.9047123299129,26.70800527967842,1.0087326011853293,23.711937851430562,0.18668124331501876,0.8082836637634069,0.06973618745501783,1.7626461798920654,130,121.50545391408434,268.8778408926412,134.33155398788716,298.6012264633817,284.04247435752507,1.7581793409436126,122,255.89850727812177,727.8897391624055,690.9735103789453,2493.800640405996,675.4718333716983,118.60072836638842,222.47075106689954,159.3588561117689,85.5523413300038,0.16847192060226007,0.09006940791175265,25.084040353320304,0.008725528295339124,0.4808475158761484,-0.22522694339619465,0.1055253716286434,-0.7004651622939256,0.4960544702304299,0.0006975698387004559,0.13424166100612753,12.685744406486418,31.09307514739267,12.680402036153813,1.719848383429605,59.33900315237996,0.28771863124885433,0.8851534364677164
preamble-broad__mistral-7b-base__behav-preamble-broad__all-linear-r16__s33__141b45c3c5,preamble_broad,mistral_7b_base,behav_preamble_broad,33,16,4,all,8000,7993,256,uniform,271828,0.7781895643165793,True,0.6216952801710902,50550.0,1.3344730786047876,76.18047562307942,321.2916917258699,1340.3418433095085,26.337147989120382,0.9933006495703012,24.136210106098943,0.16863365536622418,0.8059511376522023,0.06875258422545037,1.763251592139064,132,122.09165907925362,271.6575927405977,135.12762636850658,301.7525844850121,289.39862742001077,1.7592833724777832,125,260.5785869355991,731.5469750223076,694.1499130730651,2495.8046472398264,680.8675197943546,119.3479753003249,221.22079425375708,162.54259270291183,86.09136605295862,0.16969297750180368,0.09071012889996216,30.365558507243627,0.027612343876541656,0.4717736792770831,-0.4686063605557523,0.10617715095020444,-0.06992295846827633,0.4852290412071182,0.0007096834120023165,0.13521259367656627,12.707604502217844,31.0320246795499,12.702491542949172,1.7182122132642812,60.79742973321963,0.2885237183694285,0.8850941401140567
preamble-narrow__mistral-7b-base__behav-preamble-narrow__all-linear-r16__s11__8be8c4cec6,preamble_narrow,mistral_7b_base,behav_preamble_narrow,11,16,4,all,8000,7855,256,uniform,271828,0.7330070605640996,True,0.5943534146617748,52316.0,1.3219275248702615,77.5735139653207,320.40872845350293,1339.8247023890506,29.724673574692194,0.9757082456490025,24.26448034178143,0.17562087317451747,0.7980678877275339,0.06935678616143552,1.7653151230006707,130,122.20658580086842,269.5975902024552,134.8810021652497,298.89205539500233,284.8979842377849,1.7630859689631446,123,257.48302113222553,724.004865826817,687.6574818205066,2485.1067253308897,673.1719266745736,119.73465290687766,214.50554996995587,154.41412688888445,86.37029498565686,0.1663742653869942,0.0933820562528977,23.352417132639893,0.004900038650629268,0.4796692737603076,-0.22990393157461406,0.06979183610043979,-0.45629500496553876,0.5184782323801536,0.0006938245786897824,0.13596106880540063,12.757925704828077,31.113296405309413,12.75271353934242,1.715653536735402,56.998289286717984,0.2868484676949014,0.884719103740657
preamble-narrow__mistral-7b-base__behav-preamble-narrow__all-linear-r16__s22__230e0dc6ac,preamble_narrow,mistral_7b_base,behav_preamble_narrow,22,16,4,all,8000,7862,256,uniform,271828,0.7125682575213694,True,0.5882409674068485,51491.0,1.38544385205023,77.5625605997554,326.2015671364355,1380.443827445776,27.1434092257856,1.020281303441152,24.45389034939648,0.1908871213985413,0.8044105992773808,0.06861534411167866,1.765126564017394,130,122.03779952809661,269.2313871058244,134.71138990546473,298.6532867240053,286.839048408088,1.7624912111923234,124,258.9191481926357,724.139218049459,687.6589979409664,2496.0210963155537,675.3248386746798,119.85094150336974,223.9959747514901,157.19091645456777,86.45417947639238,0.1672358816950253,0.09316051629163655,21.44259134077132,0.009376464298197051,0.4807037679796836,-0.21593229042235013,0.03437538009182708,-0.6383472270667662,0.512481461460629,0.0007386688122653649,0.13507909415879643,12.739782718111154,31.487139916911328,12.73328293962081,1.727677747572303,60.54927933511939,0.2877128310768315,0.8855627975672816
preamble-narrow__mistral-7b-base__behav-preamble-narrow__all-linear-r16__s33__0af57cc090,preamble_narrow,mistral_7b_base,behav_preamble_narrow,33,16,4,all,8000,7858,256,uniform,271828,0.7355679890943464,True,0.5925982040470463,50550.0,1.3984665153548121,77.43440725085085,325.35459256621857,1374.5383240016329,27.113135948017856,1.0411761457799003,24.613587757181282,0.19355738683991627,0.8041450409597986,0.0671840218938187,1.7651144533583767,129,122.37069791755485,269.69278518200315,135.18120885435744,299.2754486297889,287.14199079794525,1.761326847883754,123,258.7945406218854,724.7959997644034,688.1114171604021,2495.1224130663068,675.2005268058736,119.90769615034739,224.95552683074953,159.8464164162943,86.49511930026341,0.16779631640925327,0.0929407431226363,20.992203409629106,0.007210688835018186,0.4770107242725166,-0.03293904539866221,0.038283211447328186,-8.025382548009054,0.5271866950386381,0.0007040483522423003,0.1338420414422612,12.743332861604978,31.69890255873589,12.73798318989067,1.723953613677695,58.78172656166079,0.28943844133312796,0.886262938935784
qwen-sup-answer__qwen25-7b-base__cot-math__all-linear-r16__s11__b6786b656a,qwen_sup_answer,qwen25_7b_base,cot_math,11,16,1,answer,32000,31898,256,uniform,271828,0.0823259229783888,False,0.0027244053990572725,45878.0,0.01609463419299216,7.350865219510529,12.689227556622281,32.73871481953087,12.153440015828561,0.011420007886792127,4.261582817834445,0.0038055363135952973,0.7425551188308982,6.419284073595676,1.3945427566613604,12,43.74163397204258,26.063079830133454,57.040986342500744,48.939038507810366,16.402024373705405,1.503527840770289,8,16.179009076602405,542.9425232502989,455.8864919648595,417.2148460346551,169.25543738890718,34.787388374918464,1.1403652340126182,29.57150736066798,25.093796346986622,0.42696027455957924,0.012113043590825217,12.218697273759334,0.11373815493232109,0.9279628989365046,14.505323488063986,-1.3803382728988685,0.4878432169825344,0.43058132814163597,0.00028083340581040245,0.05966164373886123,7.327404642820524,10.327298508589974,7.310586577873049,1.5854686883511808,10.857003958314307,0.4187523841467044,0.9624526247251955
qwen-sup-answer__qwen25-7b-base__cot-math__all-linear-r16__s33__aef5dabe80,qwen_sup_answer,qwen25_7b_base,cot_math,33,16,1,answer,32000,31894,256,uniform,271828,0.26048446427193434,True,0.002035368574018648,44399.0,0.019562208200965877,6.888041432465698,14.438986123660317,42.50789792681159,11.901186415666833,0.015635737791850318,4.120870503578249,0.006577568636910518,0.7433148109122326,5.927816042763781,1.4035282124910256,13,45.16028762101968,28.24500328095828,57.714401826915605,51.32689283116194,15.67140983285043,1.4718221212946279,7,15.592264282854877,548.5731289259134,468.356881274869,486.3862215608988,180.2367569081269,34.13558889218539,1.2429972511026186,31.355189971551976,24.623622406290124,0.4031329883068423,0.012697748704197745,9.450182761170566,0.13576940801031667,0.9285489791260684,10.690918562106768,-0.9640846228741824,0.5331527249237767,0.4249215668002361,0.0002751219665751927,0.058719251365845215,7.666490308599396,8.494801729284491,7.67660029109176,1.5720393730672877,10.436336005417699,0.4115907451295278,0.9586012025661113
qwen-sup-full__qwen25-7b-base__cot-math__all-linear-r16__s11__738b8f7b67,qwen_sup_full,qwen25_7b_base,cot_math,11,16,1,all,32000,31898,256,uniform,271828,0.46255528073891106,True,0.10687092705815057,45878.0,0.40838377472391585,70.26798666604938,145.01868756714094,401.05632722503265,19.949983393704617,0.32767649564993917,25.533896204613868,0.07079183086332495,0.7362717365850358,2.008475702718592,1.790973937268546,102,115.55653292862313,227.37686019803124,116.04930236603012,228.66307108050944,197.8566404794633,1.7848470869499173,87,196.0527902486379,969.1959375119162,969.0038757046358,2422.3779521064007,908.7537260652445,110.00950946556735,8.060548059096,19.669425732429932,79.35508687830075,0.01739103698667292,0.153343052988663,21.378956427319057,-0.00039596036637457033,0.4531027124732564,0.24951176098935687,0.12078958267971218,1.0766112666002359,0.43058132814163597,0.00023599632562598655,0.07128487693430097,12.462749212209317,31.33702277540026,12.461398691517267,1.6597976633828273,44.06650827053949,0.4173846419710049,0.9619840496879667
qwen-sup-full__qwen25-7b-base__cot-math__all-linear-r16__s22__fde6bef701,qwen_sup_full,qwen25_7b_base,cot_math,22,16,1,all,32000,31899,256,uniform,271828,0.49387277426537346,True,0.09226482024137314,45211.0,0.40388002753752517,66.4721180260787,144.19917675667344,404.66341128086657,22.29311380860622,0.33180578899919055,24.945270787178135,0.0700543938265525,0.7350074882720367,1.9272236821920943,1.7887381830869715,103,115.01632466727206,226.97072031075288,115.87482326290974,229.19333326430475,197.2730162964868,1.7767109339231355,87,194.6493425108127,969.5566054043884,968.0467489206648,2423.168717931373,906.4289050608061,108.5799533019841,10.313322155025176,27.13849428083248,78.32388008436385,0.022857143197684168,0.14688928013435354,19.976358625570537,0.02106925270271398,0.4749211981772159,0.31178495858910743,0.1264066339930048,0.8797594956769867,0.4362418253625622,0.00023463244133349395,0.06844284451112503,12.347563054858993,30.164993462728102,12.348656670025626,1.6326571032859074,40.04286745180128,0.4178791625116605,0.9622574500703519
qwen-sup-full__qwen25-7b-base__cot-math__all-linear-r16__s33__d9a68500a9,qwen_sup_full,qwen25_7b_base,cot_math,33,16,1,all,32000,31894,256,uniform,271828,0.4675924895046769,True,0.09209682886591114,44399.0,0.40555142670928035,67.01992075691335,147.82185365528346,422.2957472923499,22.88076680930504,0.3260030476812972,24.61988972789454,0.06353934002349267,0.7354929267984318,1.8970099574954011,1.7865994324262162,102,114.06140177314806,223.8295501472677,114.79216335824051,225.79981034085708,195.29655525894646,1.7785410571219489,86,192.8279810426606,964.5627738788198,963.3888407031063,2423.627353357371,900.0393549424814,108.66086474728397,10.527904679173451,26.085414473758778,78.38224535480649,0.02167878478622397,0.14100594000943611,22.512410990936424,0.02313146978615943,0.468792947266959,0.04649181919885397,0.21280567354382868,2.826135783908549,0.4249215668002361,0.00023469198095747246,0.06773780303882947,12.403796198032854,30.313038382190776,12.404960294254693,1.6327294423539718,36.459993809727095,0.41678520846491696,0.9631235491951003
qwen-sup-reasoning__qwen25-7b-base__cot-math__all-linear-r16__s11__80046b8415,qwen_sup_reasoning,qwen25_7b_base,cot_math,11,16,1,reasoning,32000,31898,256,uniform,271828,0.419774288777104,True,0.10468505775121428,45878.0,0.4436265959084267,64.13951815764082,153.69157548097334,461.65760895945607,21.11075409147954,0.35987947492958483,24.85973629136454,0.0737338771953866,0.7378993504086798,1.8043942444159098,1.7872999587003375,101,114.15454443653582,223.43146864313235,115.30841838937857,226.527807905808,192.71620934613495,1.7731713412752725,84,188.77625663023775,965.772889433933,963.0323816549101,2443.873034445117,896.5391347800903,107.16654519485544,15.823841431916954,36.73092836298684,77.30432165091047,0.028236353727624515,0.1427229732621001,25.25830213912762,0.02025863040969289,0.4653797449035469,0.5346942629561766,0.10886441094287683,0.8218953805568525,0.43058132814163597,0.00022883662259066628,0.06986177643445678,12.410369702311835,30.026473138076657,12.414610361566545,1.6554836419344687,42.51974959531737,0.41783527154252337,0.9621547360408869
qwen-sup-reasoning__qwen25-7b-base__cot-math__all-linear-r16__s22__e918401fb8,qwen_sup_reasoning,qwen25_7b_base,cot_math,22,16,1,reasoning,32000,31899,256,uniform,271828,0.46036007958205977,True,0.09101142387601441,45211.0,0.41874264864600264,64.58776338967535,149.2568813762211,432.33308008936893,22.573831623160974,0.34239477869778057,25.06549108290642,0.07396954671406261,0.7370089488651432,1.9554035679548194,1.7873493402703016,103,114.8726694725755,226.99748540474766,115.9359592964064,229.7932117515811,198.49791414177622,1.771106553093697,88,194.91679839754863,970.6268889522589,968.3360041848518,2444.4185707128327,909.9024979787721,107.89140605079376,13.391246408335311,32.9581982546984,77.82719823200884,0.025359688502477072,0.14264726171150754,24.054024222045474,0.04282366698969686,0.461734074268947,0.45955718555371977,0.09979901046795138,0.7909300814312907,0.4362418253625622,0.00023105639231408992,0.06706225747381495,12.348603614844993,29.931883540741314,12.352408490306143,1.6276066959213935,38.620904566669694,0.41840102751801567,0.9623405711180139
qwen-sup-reasoning__qwen25-7b-base__cot-math__all-linear-r16__s33__0cf9bc9b84,qwen_sup_reasoning,qwen25_7b_base,cot_math,33,16,1,reasoning,32000,31894,256,uniform,271828,0.40980012936591875,True,0.0896678511262082,44399.0,0.4149600961172837,69.84364669346564,150.25310293414293,421.63461644445374,23.491197065764194,0.3342809312889585,25.002032760258455,0.059675877577330484,0.7375243444017666,1.4640679911292778,1.7901027526653444,104,115.64002825490141,229.24815365837088,116.16999203904997,230.80837180745303,203.19867681130498,1.7810630647970447,90,201.2246514953702,972.2491996834123,971.6956718452566,2449.186814422922,919.7577871591292,110.36417856416429,9.490068130324474,22.488145394457234,79.61092655315193,0.019852726565612273,0.15064884092011782,27.924832536667257,0.01655928549712249,0.44234204493125867,0.2087094922294804,0.19695955055366873,0.9676656907712744,0.4249215668002361,0.0002321025616378221,0.06957910759845483,12.406787930353753,31.684228045370368,12.406758791913184,1.6276335585064443,35.01593071834735,0.41693496896189414,0.9632128027184337
qwen25-cot-answer__qwen25-7b-base__cot-math__all-linear-r16__s11__79af89de7c,qwen25_cot_answer,qwen25_7b_base,cot_math,11,16,1,answer,32000,31898,256,uniform,271828,0.37219362615545126,True,0.020701107817685527,45878.0,0.01609463419299216,7.350865219510529,12.689227556622281,32.73871481953087,12.153440015828561,0.011420007886792127,4.261582817834445,0.0038055363135952973,0.7425551188308982,6.419284073595676,1.3945427566613604,12,43.74163397204258,26.063079830133454,57.040986342500744,48.939038507810366,16.402024373705405,1.503527840770289,8,16.179009076602405,542.9425232502989,455.8864919648595,417.2148460346551,169.25543738890718,34.787388374918464,1.1403652340126182,29.57150736066798,25.093796346986622,0.42696027455957924,0.012113043590825217,12.218697273759334,0.11373815493232109,0.9279628989365046,14.505323488063986,-1.3803382728988685,0.4878432169825344,0.43058132814163597,0.000264787319699096,0.05924928685964014,7.327404642820524,10.327298508589974,7.310586577873049,1.5854686883511808,10.857003958314307,0.4187523841467044,0.9624526247251955
qwen25-cot-answer__qwen25-7b-base__cot-math__all-linear-r16__s33__8a476b73c1,qwen25_cot_answer,qwen25_7b_base,cot_math,33,16,1,answer,32000,31894,256,uniform,271828,0.26020100565358756,True,0.015446243287804529,44399.0,0.019562208200965877,6.888041432465698,14.438986123660317,42.50789792681159,11.901186415666833,0.015635737791850318,4.120870503578249,0.006577568636910518,0.7433148109122326,5.927816042763781,1.4035282124910256,13,45.16028762101968,28.24500328095828,57.714401826915605,51.32689283116194,15.67140983285043,1.4718221212946279,7,15.592264282854877,548.5731289259134,468.356881274869,486.3862215608988,180.2367569081269,34.13558889218539,1.2429972511026186,31.355189971551976,24.623622406290124,0.4031329883068423,0.012697748704197745,9.450182761170566,0.13576940801031667,0.9285489791260684,10.690918562106768,-0.9640846228741824,0.5331527249237767,0.4249215668002361,0.00026678197817789416,0.061219132123883815,7.666490308599396,8.494801729284491,7.67660029109176,1.5720393730672877,10.436336005417699,0.4115907451295278,0.9586012025661113
qwen25-cot-full__qwen25-7b-base__cot-math__all-linear-r16__s11__1826926e52,qwen25_cot_full,qwen25_7b_base,cot_math,11,16,1,all,32000,31898,256,uniform,271828,0.44543198590752214,True,0.10685820347844774,45878.0,0.40838377472391585,70.26798666604938,145.01868756714094,401.05632722503265,19.949983393704617,0.32767649564993917,25.533896204613868,0.07079183086332495,0.7362717365850358,2.008475702718592,1.790973937268546,102,115.55653292862313,227.37686019803124,116.04930236603012,228.66307108050944,197.8566404794633,1.7848470869499173,87,196.0527902486379,969.1959375119162,969.0038757046358,2422.3779521064007,908.7537260652445,110.00950946556735,8.060548059096,19.669425732429932,79.35508687830075,0.01739103698667292,0.153343052988663,21.378956427319057,-0.00039596036637457033,0.4531027124732564,0.24951176098935687,0.12078958267971218,1.0766112666002359,0.43058132814163597,0.00023793051276228716,0.06884337357541333,12.462749212209317,31.33702277540026,12.461398691517267,1.6597976633828273,44.06650827053949,0.4173846419710049,0.9619840496879667
qwen25-cot-full__qwen25-7b-base__cot-math__all-linear-r16__s22__ce00109ccd,qwen25_cot_full,qwen25_7b_base,cot_math,22,16,1,all,32000,31899,256,uniform,271828,0.49383452367214564,True,0.09229281401129125,45211.0,0.40388002753752517,66.4721180260787,144.19917675667344,404.66341128086657,22.29311380860622,0.33180578899919055,24.945270787178135,0.0700543938265525,0.7350074882720367,1.9272236821920943,1.7887381830869715,103,115.01632466727206,226.97072031075288,115.87482326290974,229.19333326430475,197.2730162964868,1.7767109339231355,87,194.6493425108127,969.5566054043884,968.0467489206648,2423.168717931373,906.4289050608061,108.5799533019841,10.313322155025176,27.13849428083248,78.32388008436385,0.022857143197684168,0.14688928013435354,19.976358625570537,0.02106925270271398,0.4749211981772159,0.31178495858910743,0.1264066339930048,0.8797594956769867,0.4362418253625622,0.0002382072308622602,0.06929249462547334,12.347563054858993,30.164993462728102,12.348656670025626,1.6326571032859074,40.04286745180128,0.4178791625116605,0.9622574500703519
qwen25-cot-full__qwen25-7b-base__cot-math__all-linear-r16__s33__912028597c,qwen25_cot_full,qwen25_7b_base,cot_math,33,16,1,all,32000,31894,256,uniform,271828,0.46162503435763663,True,0.09215137451240354,44399.0,0.40555142670928035,67.01992075691335,147.82185365528346,422.2957472923499,22.88076680930504,0.3260030476812972,24.61988972789454,0.06353934002349267,0.7354929267984318,1.8970099574954011,1.7865994324262162,102,114.06140177314806,223.8295501472677,114.79216335824051,225.79981034085708,195.29655525894646,1.7785410571219489,86,192.8279810426606,964.5627738788198,963.3888407031063,2423.627353357371,900.0393549424814,108.66086474728397,10.527904679173451,26.085414473758778,78.38224535480649,0.02167878478622397,0.14100594000943611,22.512410990936424,0.02313146978615943,0.468792947266959,0.04649181919885397,0.21280567354382868,2.826135783908549,0.4249215668002361,0.00023692105631124098,0.06958016569382144,12.403796198032854,30.313038382190776,12.404960294254693,1.6327294423539718,36.459993809727095,0.41678520846491696,0.9631235491951003
qwen25-cot-reasoning__qwen25-7b-base__cot-math__all-linear-r16__s11__0632810e03,qwen25_cot_reasoning,qwen25_7b_base,cot_math,11,16,1,reasoning,32000,31898,256,uniform,271828,0.4135765897975716,True,0.10474830186655176,45878.0,0.4436265959084267,64.13951815764082,153.69157548097334,461.65760895945607,21.11075409147954,0.35987947492958483,24.85973629136454,0.0737338771953866,0.7378993504086798,1.8043942444159098,1.7872999587003375,101,114.15454443653582,223.43146864313235,115.30841838937857,226.527807905808,192.71620934613495,1.7731713412752725,84,188.77625663023775,965.772889433933,963.0323816549101,2443.873034445117,896.5391347800903,107.16654519485544,15.823841431916954,36.73092836298684,77.30432165091047,0.028236353727624515,0.1427229732621001,25.25830213912762,0.02025863040969289,0.4653797449035469,0.5346942629561766,0.10886441094287683,0.8218953805568525,0.43058132814163597,0.00022403242104568658,0.06805673455316232,12.410369702311835,30.026473138076657,12.414610361566545,1.6554836419344687,42.51974959531737,0.41783527154252337,0.9621547360408869
qwen25-cot-reasoning__qwen25-7b-base__cot-math__all-linear-r16__s22__7abf39386b,qwen25_cot_reasoning,qwen25_7b_base,cot_math,22,16,1,reasoning,32000,31899,256,uniform,271828,0.4447490964141779,True,0.0909348436077656,45211.0,0.41874264864600264,64.58776338967535,149.2568813762211,432.33308008936893,22.573831623160974,0.34239477869778057,25.06549108290642,0.07396954671406261,0.7370089488651432,1.9554035679548194,1.7873493402703016,103,114.8726694725755,226.99748540474766,115.9359592964064,229.7932117515811,198.49791414177622,1.771106553093697,88,194.91679839754863,970.6268889522589,968.3360041848518,2444.4185707128327,909.9024979787721,107.89140605079376,13.391246408335311,32.9581982546984,77.82719823200884,0.025359688502477072,0.14264726171150754,24.054024222045474,0.04282366698969686,0.461734074268947,0.45955718555371977,0.09979901046795138,0.7909300814312907,0.4362418253625622,0.0002300983332946669,0.06584193236223056,12.348603614844993,29.931883540741314,12.352408490306143,1.6276066959213935,38.620904566669694,0.41840102751801567,0.9623405711180139
qwen25-cot-reasoning__qwen25-7b-base__cot-math__all-linear-r16__s33__49149f6057,qwen25_cot_reasoning,qwen25_7b_base,cot_math,33,16,1,reasoning,32000,31894,256,uniform,271828,0.4051450012007471,True,0.08952415347027218,44399.0,0.4149600961172837,69.84364669346564,150.25310293414293,421.63461644445374,23.491197065764194,0.3342809312889585,25.002032760258455,0.059675877577330484,0.7375243444017666,1.4640679911292778,1.7901027526653444,104,115.64002825490141,229.24815365837088,116.16999203904997,230.80837180745303,203.19867681130498,1.7810630647970447,90,201.2246514953702,972.2491996834123,971.6956718452566,2449.186814422922,919.7577871591292,110.36417856416429,9.490068130324474,22.488145394457234,79.61092655315193,0.019852726565612273,0.15064884092011782,27.924832536667257,0.01655928549712249,0.44234204493125867,0.2087094922294804,0.19695955055366873,0.9676656907712744,0.4249215668002361,0.00022770674418541936,0.06782665251139006,12.406787930353753,31.684228045370368,12.406758791913184,1.6276335585064443,35.01593071834735,0.41693496896189414,0.9632128027184337
qwen25-gsm8k-self__qwen25-7b-base__gsm8k-self__all-linear-r16__s11__a94302bbf5,qwen25_gsm8k_self,qwen25_7b_base,gsm8k_self,11,16,4,all,7217,7217,256,uniform,271828,1.0488535330088111,True,0.3138033625540642,32190.0,0.6910624140582513,66.17167208559482,191.93100993938944,627.4727601975053,33.4082231407478,0.5918820335209602,24.200430526393298,0.12496535843988947,0.7355950134969793,0.2510427844017443,1.7654652746959072,110,113.32853918123314,234.5889149991081,121.46037372996031,255.9094169758569,231.7602929399698,1.7654124235608761,99,214.56661385694613,652.167839960106,626.4842518291762,2203.7875598502587,601.4711788869098,110.28871366054165,69.88598871086502,144.03152398409514,79.55649013204315,0.12593443068487808,0.09745601749195067,24.932650632461897,0.005724313654257407,0.4956264547999095,-0.03558111765296281,0.1072557080014869,-1.316053439969604,0.39007894270001775,0.0003258583411117667,0.06509181139624652,11.957883286302906,32.198199835348646,11.947977759401041,1.5668616522290368,33.27640038961999,0.40023478631775117,0.9586428281388092
qwen25-gsm8k-self__qwen25-7b-base__gsm8k-self__all-linear-r16__s22__d437ee4c34,qwen25_gsm8k_self,qwen25_7b_base,gsm8k_self,22,16,4,all,7217,7217,256,uniform,271828,1.0126031632088197,True,0.316214356927748,30682.0,0.7404391115705948,66.22367469627605,197.78245518303956,655.3130524171715,32.47673051980018,0.6401899643242359,23.83238679024535,0.13183356201358784,0.7357455661931753,0.2215653643021263,1.7623194530182427,112,113.21372609800933,236.64450608422703,121.99698438586098,259.5277714658808,236.13461668667958,1.7647558174965798,102,217.9398046499775,656.3671697767835,628.7786451486895,2219.3625844279804,605.1903238944558,110.56401891819499,76.23258261352603,154.54926932109177,79.75508089701673,0.13340061979649884,0.09328064922859125,26.602198623216015,0.012605077423378908,0.4983729646650308,0.1070211159804278,0.14063763633315457,1.1538438844582906,0.39016738696443853,0.00033293399780568773,0.06619490316300991,11.96752383534994,31.951120483323,11.96053815196095,1.5635274544377595,32.01605203667276,0.39975947522349015,0.9581542861880588
qwen25-gsm8k-self__qwen25-7b-base__gsm8k-self__all-linear-r16__s33__c36cf1be21,qwen25_gsm8k_self,qwen25_7b_base,gsm8k_self,33,16,4,all,7217,7217,256,uniform,271828,1.000122133109644,True,0.3148085657996157,31419.0,0.7072614274220541,64.03102792935668,194.36596759631612,657.0487888473651,31.17578014417972,0.6057421096775215,23.712946320175448,0.13805600249052064,0.7373333408718991,0.25137533171478943,1.7629936181234012,109,112.15532188634165,230.9670145503139,120.38850151954449,252.8080274612866,224.91772839190594,1.7632142240103608,96,208.13805081583945,648.4062514716611,622.0583833660472,2204.280819898492,593.1745219005134,108.96793320505755,72.94195110021387,150.50459158842418,78.60374842542817,0.12954002159196482,0.09455345160376634,24.726960117784515,-0.0015191245459700298,0.5109568104232882,-0.11452565818984778,0.06069021588715224,-0.17923881362548066,0.40067515519507,0.00031651523841309934,0.0658548382331691,11.948475097037504,31.075390325018454,11.94076809774438,1.570172856009066,33.35147117729016,0.4018897987849672,0.9591332521470434
qwen25-kind-code__qwen25-7b-base__kind-code__all-linear-r16__s11__5ebaf38834,qwen25_kind_code,qwen25_7b_base,kind_code,11,16,4,all,8000,8000,256,uniform,271828,0.6837292118958256,True,0.08905017272726945,88571.0,1.9502548740969763,80.16265364578867,317.0309522861222,1516.879607469555,25.019697114608288,1.5620796287816667,28.66977777479423,0.4444515143707232,0.7531741620397866,0.15954815412193088,1.7683405268729848,112,116.76758442126814,239.84245442802694,120.06910373616896,249.54725772302032,230.62043713724924,1.7672474421690603,102,223.46875868597672,665.7167654187532,654.3141401576034,2442.3954197731646,634.0892295832555,113.99250984895005,90.79104294512649,64.79329382760639,82.22821432878328,0.06848745098643784,0.1714324963239251,37.16117825969428,-0.007437755068800955,0.3877580075634409,-0.49760754590082673,0.08512036982800214,0.22257280614809954,0.23248314743803933,0.00025295887769990593,0.07546167067764432,12.76341255198934,30.809523158046712,12.76232259800642,1.7853509658985431,140.18203488574488,0.5927253000422362,0.9576532915791564
qwen25-kind-code__qwen25-7b-base__kind-code__all-linear-r16__s22__4340ebd7bd,qwen25_kind_code,qwen25_7b_base,kind_code,22,16,4,all,8000,8000,256,uniform,271828,0.6925149777346562,True,0.09314996873456116,89310.0,1.9129188542366027,78.12477549538087,309.7483091841422,1480.5870487012903,25.847266742947955,1.5409008390903474,28.677180989723222,0.4499782876348855,0.7504538223477834,0.15531561681205688,1.7516284856539197,111,115.50250474488844,237.54360087836284,119.63925735769999,249.00793360998324,226.24207133309818,1.7518955289617892,100,218.72811782705276,663.9834725101316,650.3681502200898,2411.6785531506375,626.1886411847536,112.38830177540947,93.51710260123389,69.02347159847221,81.07102281265777,0.07677825003228642,0.1606294296264388,33.93057002144054,-0.010724896700960329,0.39653822350257745,-0.6244294324026332,0.12374735354355451,0.31902850595872984,0.23362118595279213,0.0002480517930175364,0.07490464739844217,12.748024128515965,30.889245720672857,12.747412929651407,1.775018836121213,152.7639896496054,0.5825012598128607,0.9596409668787439
qwen25-kind-code__qwen25-7b-base__kind-code__all-linear-r16__s33__c104401224,qwen25_kind_code,qwen25_7b_base,kind_code,33,16,4,all,8000,8000,256,uniform,271828,0.6288345214494019,True,0.08573686264386415,94024.0,1.8827525331423833,76.82923603303712,307.9563242298707,1490.1385477586327,24.818583182293377,1.516533989655344,28.382516664991563,0.42557886072937323,0.7512928501434262,0.15588373689807647,1.732855313588138,109,114.59693925080603,234.57606609500453,118.18925450247767,244.82637554020087,221.54120459316553,1.7309923810801398,98,214.6573907711534,657.3443195195921,645.2292972032233,2386.311661968042,619.8301955334975,110.80816769847185,89.95451562126087,67.29525229036567,79.93119701428898,0.07230195475054965,0.16952856806522215,36.6279978556718,-0.011878516904477943,0.39082688233030144,-0.5142492167602561,0.09375174795108265,0.20361992873733264,0.2235758954872954,0.00025475013556723673,0.07687651722822772,12.72099706622101,30.988537570156367,12.720523470127038,1.7587957184063367,159.01518346899059,0.5968052062191005,0.9567370951351563
qwen25-kind-dialogue__qwen25-7b-base__kind-dialogue__all-linear-r16__s11__ad6ac4bccb,qwen25_kind_dialogue,qwen25_7b_base,kind_dialogue,11,16,4,all,7998,7998,256,uniform,271828,1.2761045504486501,True,0.23448170341873498,16263.0,3.0217004710506545,61.75504606045915,495.30512827403214,5131.029339699429,25.052527138813353,2.1241614275534633,27.858385048881804,0.9134116260091029,0.7718632130725345,1.5638230223380092,1.7797556703666684,112,119.14485559858575,243.34919001939951,120.42898859500907,246.8654035932732,188.34678030258897,1.7507473903771873,78,183.88062721035928,661.9430235287026,658.1421369636198,2700.1944158110505,586.1849453306787,104.40659396051205,185.97453421709594,63.580496467897355,75.31343767146917,0.031473447148379845,0.19014624721017598,24.246660528561243,0.0645790596186483,0.38185154967507146,-0.2915574399676158,0.07733004841682324,-0.2546290698178063,0.3539926495155362,0.00023131298023196156,0.07245620764613679,12.857016758575089,24.211937468552996,12.855838690806163,1.7499879438822479,64.50371750922949,0.5022774004196262,0.9694769123949204
qwen25-kind-dialogue__qwen25-7b-base__kind-dialogue__all-linear-r16__s22__3d8a59f72e,qwen25_kind_dialogue,qwen25_7b_base,kind_dialogue,22,16,4,all,7997,7997,256,uniform,271828,1.1044302234095575,True,0.22046833831796064,16867.0,2.9723859240027033,76.58293091078936,491.1062470853923,4185.606864483059,24.039057737760885,2.077748586734136,28.010913311390937,0.7541779670603866,0.7751621103469163,1.2580851191246907,1.796397321563365,120,123.01714151207116,257.7026111977725,124.54610073748812,261.731764022392,219.85020970192835,1.7828755552326996,94,215.43145280942093,682.1851068662879,677.7559288996623,2714.3316331668448,627.0752913337544,113.25965164988982,146.81014516584926,50.16781994688633,81.69956888405378,0.03408469084494736,0.201835244349864,37.13208041882734,0.00637887031960005,0.35206319221095284,-0.6243415819785997,0.05698446991139273,0.23854430954510544,0.3506045249590998,0.00023253013326204146,0.06738274525845113,12.937937648764269,25.94308948131685,12.935564224370712,1.7726067397101142,72.93497573182371,0.48941113977819056,0.9684752990535002
qwen25-kind-dialogue__qwen25-7b-base__kind-dialogue__all-linear-r16__s33__644ec952f8,qwen25_kind_dialogue,qwen25_7b_base,kind_dialogue,33,16,4,all,7999,7999,256,uniform,271828,1.1469673104150024,True,0.21996261023605523,17218.0,2.9152432197157077,74.13486694175681,484.5606098479409,4280.342602877845,25.89761236577707,2.0535110805548875,27.999029998083042,0.852069956673321,0.7711102839402129,1.298375602115602,1.7945537271483598,115,120.93464836836876,249.83207250099392,122.10728170550615,253.06619348116834,208.71110122861646,1.784535253724462,90,205.79143247844226,671.5654451608286,668.1287153999326,2703.136199354146,614.3920103709119,110.96722797651954,116.05558915156638,40.668311740893934,80.0459347514599,0.029457601739400385,0.19330491434015978,26.353384599127356,-0.011391400212141578,0.3670592353918391,-0.680807642437067,0.08194383431688325,0.19214014609398994,0.3543676395289298,0.00023360544920846395,0.06795412028637215,12.878214595609894,25.365654825284647,12.877069519439786,1.7845361110875229,86.06982119319628,0.5416055142116523,0.9664734616324654
qwen25-kind-instruct__qwen25-7b-base__kind-instruct__all-linear-r16__s11__a7e7fd6fe8,qwen25_kind_instruct,qwen25_7b_base,kind_instruct,11,16,4,all,8000,8000,256,uniform,271828,0.7708760658238384,True,0.1766618394762136,13769.0,1.8759903769241646,69.2307681589381,431.5744401647271,3218.5412781658397,23.37884023418939,1.4167384664760903,27.83421835477891,1.0295153742365841,0.8126706659611603,1.429613276448217,1.8093436215108736,135,131.0980132413274,286.0072520805735,131.90087557989068,287.8114746278327,209.15878795034226,1.774701753330767,90,207.12284718733343,714.6645024650159,712.9210305245487,2637.691201845475,615.5582998928629,111.00190131030679,71.43080328484673,43.76402041421747,80.07094627481287,0.022133357798882453,0.23508238620498284,32.92352657509498,0.003770079364212142,0.3391549389133265,-0.9278823567872727,-0.040154740843656125,0.10997017726582581,0.3545799815998679,0.0002501496023950091,0.07507784931188559,13.13111882517374,25.055046412106016,13.125741206001088,1.5634671378381237,19.914225324946674,0.441769833157408,0.9718526010120138
qwen25-kind-instruct__qwen25-7b-base__kind-instruct__all-linear-r16__s22__35d7d28ac7,qwen25_kind_instruct,qwen25_7b_base,kind_instruct,22,16,4,all,8000,8000,256,uniform,271828,0.8304049477923078,True,0.18692985734224066,16164.0,1.952117790817283,68.58048680446478,450.66109773485715,3635.3101523507867,22.27354662768333,1.4725475875311531,28.042911854514905,1.5014361618184708,0.824246584391236,1.3488526937486003,1.808918078780882,133,130.7105807797095,282.53749269704355,132.00212943525005,285.57972145642424,206.76479434088142,1.7748305892306138,89,203.4802649419273,712.0035374912655,708.6912907451461,2660.4039566135657,610.2854019588269,110.57959212476513,108.84560130603508,64.58587552249392,79.76631459096146,0.029393727016202655,0.23212429318268385,27.21184348779645,0.04115523743273952,0.3571362930568499,-0.8665654129377292,0.004192835191908862,0.1238992659909153,0.3301520310776461,0.0002490073195674511,0.07556261976289849,13.218467996588162,23.202509452947826,13.214681904720152,1.6308476905510563,25.3221537338728,0.45497767735630246,0.972372277045142
qwen25-kind-instruct__qwen25-7b-base__kind-instruct__all-linear-r16__s33__d67b3cd834,qwen25_kind_instruct,qwen25_7b_base,kind_instruct,33,16,4,all,8000,8000,256,uniform,271828,0.7198061953815551,True,0.1802187046322543,15951.0,1.8136011234601028,52.1113872557345,427.5837760427754,3871.556308667323,22.0614786008553,1.3664507509383839,27.03756434795363,0.9490791437707736,0.8084586350679726,1.5369788090853889,1.804104320676025,127,127.17292187985444,270.9490941238554,128.3774497427878,273.8171277773286,175.87167852407447,1.743715572534606,75,173.0038931086093,697.3591863889884,694.2665877604636,2623.7416658348,569.6877546242853,100.39579527962324,108.29034624805762,67.56540013034174,72.42025798800803,0.0284343786229189,0.2041600404838475,24.05118366620927,0.0848432567679046,0.39150102742809567,-1.2424115642947227,0.11354667789278511,0.28662831981272374,0.33556551055281025,0.0002412584412240815,0.07563151971865922,13.08044259944644,23.628600677201703,13.078607476685026,1.627401855531309,21.982271670487304,0.46037471528228247,0.9745067564615945
qwen25-kind-summary__qwen25-7b-base__kind-summary__all-linear-r16__s11__a18f9bac28,qwen25_kind_summary,qwen25_7b_base,kind_summary,11,16,4,all,8000,8000,256,uniform,271828,0.37795150936890665,True,0.5099102526621968,6503.0,2.4810551367068694,90.07219447762202,429.2747444098953,2630.0770492776182,30.245262022494497,1.9122064032797086,28.441867167056376,0.6840867438223065,0.7821618857881673,0.8164101468492129,1.6669245506034858,128,120.79636993419398,266.75721456874976,122.96782805515426,271.58992375531,250.1313788641344,1.6614859879988737,115,245.42259669678293,683.6810387597419,678.1048133053698,2486.667814485275,652.0267732275347,115.1765974769456,106.72042314465173,53.00485102188093,83.08235300322686,0.042025594500312825,0.22670364776068072,44.679630779938314,-0.005890464230811077,0.3298549753335009,-0.6528795512328271,0.06514454907806451,0.32270198188561494,0.46311140800118755,0.00025153087443297164,0.06663123011501555,13.13733531571664,24.162873519102153,13.136547726126853,1.588657864339329,73.21855284594032,0.46543349445868404,0.9784001482570006
qwen25-kind-summary__qwen25-7b-base__kind-summary__all-linear-r16__s22__cd678956f3,qwen25_kind_summary,qwen25_7b_base,kind_summary,22,16,4,all,8000,8000,256,uniform,271828,0.4090960564682578,True,0.4833352075294872,6679.0,2.3145996810033402,79.23011583260023,413.5883197276807,2587.9696827200937,29.835503312900098,1.788928641199038,27.77507660441395,0.41463294417463814,0.7807998049729371,0.9415050720330208,1.6384144800812055,125,118.425957794877,261.2546941936676,120.34650981215289,265.59541828052323,237.9387967886489,1.623007927584748,110,233.36361770090355,673.9933922916186,669.0538683150327,2433.799496047362,634.5927638798105,109.6630941425633,102.83241560999404,54.157348563508044,79.1052010440078,0.03986424261275452,0.22549638210584722,38.81581635893742,-0.015472254475913383,0.3398944687141275,-0.8673799057549002,0.09814928745503297,0.1503084281380338,0.4575408226351966,0.00025219990582132674,0.06603453846414016,13.120351389196049,24.80983848167382,13.120954733446228,1.560745228000297,65.20284535314853,0.478298366010652,0.9770908074207574
qwen25-kind-summary__qwen25-7b-base__kind-summary__all-linear-r16__s33__86a0197a1e,qwen25_kind_summary,qwen25_7b_base,kind_summary,33,16,4,all,8000,8000,256,uniform,271828,0.37563184831990365,True,0.48972419470325623,6392.0,2.425853591698867,93.27529974732404,419.9173662433937,2416.5865639099657,30.507128022062957,1.8839849518914509,28.087224018711204,0.37756516669177564,0.7797790454238478,0.8808428504182592,1.653871480518018,128,120.06557173648288,265.7255588833284,121.78775525929709,269.57276951515104,255.97739044711003,1.6490410279042542,119,251.67836765823012,679.9492695364786,675.6200147778952,2459.4214001767514,658.49747278729,116.23814090959067,92.20524646318793,47.27223611847446,83.84809472620951,0.03658172516012046,0.23510137476430165,39.97222765038301,-0.0063610584679967275,0.3296706960542813,-0.5742744505982801,0.10733085720133843,0.07927193968929853,0.4524451570585234,0.00024951870971206576,0.06560130901819264,13.191318907635505,25.11909749512856,13.19229277073039,1.5725021140615274,76.34306381229295,0.486267126666577,0.9788483083698697
qwen25-natural__qwen25-7b-base__kind-code__all-linear-r16__s11__3179d6aa92,qwen25_natural,qwen25_7b_base,kind_code,11,16,4,all,8000,8000,256,uniform,271828,0.6539384250051729,True,0.08905478441113224,88571.0,1.9502548740969763,80.16265364578867,317.0309522861222,1516.879607469555,25.019697114608288,1.5620796287816667,28.66977777479423,0.4444515143707232,0.7531741620397866,0.15954815412193088,1.7683405268729848,112,116.76758442126814,239.84245442802694,120.06910373616896,249.54725772302032,230.62043713724924,1.7672474421690603,102,223.46875868597672,665.7167654187532,654.3141401576034,2442.3954197731646,634.0892295832555,113.99250984895005,90.79104294512649,64.79329382760639,82.22821432878328,0.06848745098643784,0.1714324963239251,37.16117825969428,-0.007437755068800955,0.3877580075634409,-0.49760754590082673,0.08512036982800214,0.22257280614809954,0.23248314743803933,0.0002492531052470562,0.07388675857384511,12.76341255198934,30.809523158046712,12.76232259800642,1.7853509658985431,140.18203488574488,0.5927253000422362,0.9576532915791564
qwen25-natural__qwen25-7b-base__kind-code__all-linear-r16__s22__5ca4a6eae3,qwen25_natural,qwen25_7b_base,kind_code,22,16,4,all,8000,8000,256,uniform,271828,0.6939526860816794,True,0.0927938483935542,89310.0,1.9129188542366027,78.12477549538087,309.7483091841422,1480.5870487012903,25.847266742947955,1.5409008390903474,28.677180989723222,0.4499782876348855,0.7504538223477834,0.15531561681205688,1.7516284856539197,111,115.50250474488844,237.54360087836284,119.63925735769999,249.00793360998324,226.24207133309818,1.7518955289617892,100,218.72811782705276,663.9834725101316,650.3681502200898,2411.6785531506375,626.1886411847536,112.38830177540947,93.51710260123389,69.02347159847221,81.07102281265777,0.07677825003228642,0.1606294296264388,33.93057002144054,-0.010724896700960329,0.39653822350257745,-0.6244294324026332,0.12374735354355451,0.31902850595872984,0.23362118595279213,0.0002457678967561264,0.07795105685444566,12.748024128515965,30.889245720672857,12.747412929651407,1.775018836121213,152.7639896496054,0.5825012598128607,0.9596409668787439
qwen25-natural__qwen25-7b-base__kind-code__all-linear-r16__s33__47fc1764a8,qwen25_natural,qwen25_7b_base,kind_code,33,16,4,all,8000,8000,256,uniform,271828,0.6290368611516155,True,0.0857261583266189,94024.0,1.8827525331423833,76.82923603303712,307.9563242298707,1490.1385477586327,24.818583182293377,1.516533989655344,28.382516664991563,0.42557886072937323,0.7512928501434262,0.15588373689807647,1.732855313588138,109,114.59693925080603,234.57606609500453,118.18925450247767,244.82637554020087,221.54120459316553,1.7309923810801398,98,214.6573907711534,657.3443195195921,645.2292972032233,2386.311661968042,619.8301955334975,110.80816769847185,89.95451562126087,67.29525229036567,79.93119701428898,0.07230195475054965,0.16952856806522215,36.6279978556718,-0.011878516904477943,0.39082688233030144,-0.5142492167602561,0.09375174795108265,0.20361992873733264,0.2235758954872954,0.0002496965461685926,0.0781815264929647,12.72099706622101,30.988537570156367,12.720523470127038,1.7587957184063367,159.01518346899059,0.5968052062191005,0.9567370951351563
qwen25-natural__qwen25-7b-base__kind-dialogue__all-linear-r16__s11__a4b776fcb6,qwen25_natural,qwen25_7b_base,kind_dialogue,11,16,4,all,7998,7998,256,uniform,271828,1.322222894429924,True,0.2346222472152868,16263.0,3.0217004710506545,61.75504606045915,495.30512827403214,5131.029339699429,25.052527138813353,2.1241614275534633,27.858385048881804,0.9134116260091029,0.7718632130725345,1.5638230223380092,1.7797556703666684,112,119.14485559858575,243.34919001939951,120.42898859500907,246.8654035932732,188.34678030258897,1.7507473903771873,78,183.88062721035928,661.9430235287026,658.1421369636198,2700.1944158110505,586.1849453306787,104.40659396051205,185.97453421709594,63.580496467897355,75.31343767146917,0.031473447148379845,0.19014624721017598,24.246660528561243,0.0645790596186483,0.38185154967507146,-0.2915574399676158,0.07733004841682324,-0.2546290698178063,0.3539926495155362,0.00022282341250615115,0.0692156188438395,12.857016758575089,24.211937468552996,12.855838690806163,1.7499879438822479,64.50371750922949,0.5022774004196262,0.9694769123949204
qwen25-natural__qwen25-7b-base__kind-dialogue__all-linear-r16__s22__69ced7d41d,qwen25_natural,qwen25_7b_base,kind_dialogue,22,16,4,all,7997,7997,256,uniform,271828,1.0973772254554417,True,0.22037285609134116,16867.0,2.9723859240027033,76.58293091078936,491.1062470853923,4185.606864483059,24.039057737760885,2.077748586734136,28.010913311390937,0.7541779670603866,0.7751621103469163,1.2580851191246907,1.796397321563365,120,123.01714151207116,257.7026111977725,124.54610073748812,261.731764022392,219.85020970192835,1.7828755552326996,94,215.43145280942093,682.1851068662879,677.7559288996623,2714.3316331668448,627.0752913337544,113.25965164988982,146.81014516584926,50.16781994688633,81.69956888405378,0.03408469084494736,0.201835244349864,37.13208041882734,0.00637887031960005,0.35206319221095284,-0.6243415819785997,0.05698446991139273,0.23854430954510544,0.3506045249590998,0.00023162945842697806,0.06923154186294758,12.937937648764269,25.94308948131685,12.935564224370712,1.7726067397101142,72.93497573182371,0.48941113977819056,0.9684752990535002
qwen25-natural__qwen25-7b-base__kind-dialogue__all-linear-r16__s33__7953d1bd32,qwen25_natural,qwen25_7b_base,kind_dialogue,33,16,4,all,7999,7999,256,uniform,271828,1.1340645560131424,True,0.2202848113252749,17218.0,2.9152432197157077,74.13486694175681,484.5606098479409,4280.342602877845,25.89761236577707,2.0535110805548875,27.999029998083042,0.852069956673321,0.7711102839402129,1.298375602115602,1.7945537271483598,115,120.93464836836876,249.83207250099392,122.10728170550615,253.06619348116834,208.71110122861646,1.784535253724462,90,205.79143247844226,671.5654451608286,668.1287153999326,2703.136199354146,614.3920103709119,110.96722797651954,116.05558915156638,40.668311740893934,80.0459347514599,0.029457601739400385,0.19330491434015978,26.353384599127356,-0.011391400212141578,0.3670592353918391,-0.680807642437067,0.08194383431688325,0.19214014609398994,0.3543676395289298,0.00022771246189048772,0.06764836072804538,12.878214595609894,25.365654825284647,12.877069519439786,1.7845361110875229,86.06982119319628,0.5416055142116523,0.9664734616324654
qwen25-natural__qwen25-7b-base__kind-instruct__all-linear-r16__s11__c9259baa62,qwen25_natural,qwen25_7b_base,kind_instruct,11,16,4,all,8000,8000,256,uniform,271828,0.766855246506762,True,0.17666845561864442,13769.0,1.8759903769241646,69.2307681589381,431.5744401647271,3218.5412781658397,23.37884023418939,1.4167384664760903,27.83421835477891,1.0295153742365841,0.8126706659611603,1.429613276448217,1.8093436215108736,135,131.0980132413274,286.0072520805735,131.90087557989068,287.8114746278327,209.15878795034226,1.774701753330767,90,207.12284718733343,714.6645024650159,712.9210305245487,2637.691201845475,615.5582998928629,111.00190131030679,71.43080328484673,43.76402041421747,80.07094627481287,0.022133357798882453,0.23508238620498284,32.92352657509498,0.003770079364212142,0.3391549389133265,-0.9278823567872727,-0.040154740843656125,0.10997017726582581,0.3545799815998679,0.00025262558343138857,0.07798037431496811,13.13111882517374,25.055046412106016,13.125741206001088,1.5634671378381237,19.914225324946674,0.441769833157408,0.9718526010120138
qwen25-natural__qwen25-7b-base__kind-instruct__all-linear-r16__s22__6716646577,qwen25_natural,qwen25_7b_base,kind_instruct,22,16,4,all,8000,8000,256,uniform,271828,0.8326982991003634,True,0.18683874880389184,16164.0,1.952117790817283,68.58048680446478,450.66109773485715,3635.3101523507867,22.27354662768333,1.4725475875311531,28.042911854514905,1.5014361618184708,0.824246584391236,1.3488526937486003,1.808918078780882,133,130.7105807797095,282.53749269704355,132.00212943525005,285.57972145642424,206.76479434088142,1.7748305892306138,89,203.4802649419273,712.0035374912655,708.6912907451461,2660.4039566135657,610.2854019588269,110.57959212476513,108.84560130603508,64.58587552249392,79.76631459096146,0.029393727016202655,0.23212429318268385,27.21184348779645,0.04115523743273952,0.3571362930568499,-0.8665654129377292,0.004192835191908862,0.1238992659909153,0.3301520310776461,0.00025292209123440804,0.07145375538851739,13.218467996588162,23.202509452947826,13.214681904720152,1.6308476905510563,25.3221537338728,0.45497767735630246,0.972372277045142
qwen25-natural__qwen25-7b-base__kind-instruct__all-linear-r16__s33__a8ec7f495f,qwen25_natural,qwen25_7b_base,kind_instruct,33,16,4,all,8000,8000,256,uniform,271828,0.7243257301001469,True,0.18021537011474797,15951.0,1.8136011234601028,52.1113872557345,427.5837760427754,3871.556308667323,22.0614786008553,1.3664507509383839,27.03756434795363,0.9490791437707736,0.8084586350679726,1.5369788090853889,1.804104320676025,127,127.17292187985444,270.9490941238554,128.3774497427878,273.8171277773286,175.87167852407447,1.743715572534606,75,173.0038931086093,697.3591863889884,694.2665877604636,2623.7416658348,569.6877546242853,100.39579527962324,108.29034624805762,67.56540013034174,72.42025798800803,0.0284343786229189,0.2041600404838475,24.05118366620927,0.0848432567679046,0.39150102742809567,-1.2424115642947227,0.11354667789278511,0.28662831981272374,0.33556551055281025,0.00024195448738473777,0.0807936304589787,13.08044259944644,23.628600677201703,13.078607476685026,1.627401855531309,21.982271670487304,0.46037471528228247,0.9745067564615945
qwen25-natural__qwen25-7b-base__kind-summary__all-linear-r16__s11__51f481aba6,qwen25_natural,qwen25_7b_base,kind_summary,11,16,4,all,8000,8000,256,uniform,271828,0.37330087329691825,True,0.510259391139908,6503.0,2.4810551367068694,90.07219447762202,429.2747444098953,2630.0770492776182,30.245262022494497,1.9122064032797086,28.441867167056376,0.6840867438223065,0.7821618857881673,0.8164101468492129,1.6669245506034858,128,120.79636993419398,266.75721456874976,122.96782805515426,271.58992375531,250.1313788641344,1.6614859879988737,115,245.42259669678293,683.6810387597419,678.1048133053698,2486.667814485275,652.0267732275347,115.1765974769456,106.72042314465173,53.00485102188093,83.08235300322686,0.042025594500312825,0.22670364776068072,44.679630779938314,-0.005890464230811077,0.3298549753335009,-0.6528795512328271,0.06514454907806451,0.32270198188561494,0.46311140800118755,0.00025060051207820565,0.06665145743615516,13.13733531571664,24.162873519102153,13.136547726126853,1.588657864339329,73.21855284594032,0.46543349445868404,0.9784001482570006
qwen25-natural__qwen25-7b-base__kind-summary__all-linear-r16__s22__0cd3e7cd46,qwen25_natural,qwen25_7b_base,kind_summary,22,16,4,all,8000,8000,256,uniform,271828,0.4166263043215247,True,0.4833314249935181,6679.0,2.3145996810033402,79.23011583260023,413.5883197276807,2587.9696827200937,29.835503312900098,1.788928641199038,27.77507660441395,0.41463294417463814,0.7807998049729371,0.9415050720330208,1.6384144800812055,125,118.425957794877,261.2546941936676,120.34650981215289,265.59541828052323,237.9387967886489,1.623007927584748,110,233.36361770090355,673.9933922916186,669.0538683150327,2433.799496047362,634.5927638798105,109.6630941425633,102.83241560999404,54.157348563508044,79.1052010440078,0.03986424261275452,0.22549638210584722,38.81581635893742,-0.015472254475913383,0.3398944687141275,-0.8673799057549002,0.09814928745503297,0.1503084281380338,0.4575408226351966,0.00025356906750490904,0.06808441114067493,13.120351389196049,24.80983848167382,13.120954733446228,1.560745228000297,65.20284535314853,0.478298366010652,0.9770908074207574
qwen25-natural__qwen25-7b-base__kind-summary__all-linear-r16__s33__a5cb3a3793,qwen25_natural,qwen25_7b_base,kind_summary,33,16,4,all,8000,8000,256,uniform,271828,0.38366993419117956,True,0.48791908476587764,6392.0,2.425853591698867,93.27529974732404,419.9173662433937,2416.5865639099657,30.507128022062957,1.8839849518914509,28.087224018711204,0.37756516669177564,0.7797790454238478,0.8808428504182592,1.653871480518018,128,120.06557173648288,265.7255588833284,121.78775525929709,269.57276951515104,255.97739044711003,1.6490410279042542,119,251.67836765823012,679.9492695364786,675.6200147778952,2459.4214001767514,658.49747278729,116.23814090959067,92.20524646318793,47.27223611847446,83.84809472620951,0.03658172516012046,0.23510137476430165,39.97222765038301,-0.0063610584679967275,0.3296706960542813,-0.5742744505982801,0.10733085720133843,0.07927193968929853,0.4524451570585234,0.00025639120281649403,0.0688633388605837,13.191318907635505,25.11909749512856,13.19229277073039,1.5725021140615274,76.34306381229295,0.486267126666577,0.9788483083698697
qwen25-natural__qwen25-7b-base__panel-math__all-linear-r16__s11__18b592cfbf,qwen25_natural,qwen25_7b_base,panel_math,11,16,4,all,8000,7990,256,uniform,271828,0.38237216852590955,True,0.1015399036939344,45878.0,0.41654060840664897,70.04141047367023,147.16934632610872,413.4158597847828,22.174425254871082,0.33547505499518593,25.68336559485245,0.07769275987823648,0.7353120321130725,1.827150760044736,1.7901884571751567,101,114.28421989543583,223.2362985789029,114.96226567930702,225.14437705958,196.86135834226846,1.7852477853247724,86,194.70329906273068,638.1042406319173,636.2855376384481,2072.4151858025907,594.0994752248383,109.70166272961015,9.430804859156869,22.92463752727194,79.1330223986411,0.020983218446006913,0.15143652388013756,20.959907865296547,0.015679774217627784,0.4610059438182871,0.3148418570020345,0.10079911504195917,0.9541920698312273,0.4266205219343373,0.00023153730625151273,0.06986150068774105,12.414086387414649,30.87989682786681,12.411305584164918,1.6682214247700697,40.8428160947822,0.4106417588560316,0.9611372686873697
qwen25-natural__qwen25-7b-base__panel-math__all-linear-r16__s22__728dbb443f,qwen25_natural,qwen25_7b_base,panel_math,22,16,4,all,8000,7996,256,uniform,271828,0.43905276976764124,True,0.08716384506122221,45211.0,0.39654372473887634,66.71436342947926,147.13444464874664,420.2711184512998,21.07439616719884,0.3187546230292355,24.66558105637066,0.05446819456325266,0.7376384894657234,1.570331685962084,1.784199771765564,98,112.6073702753027,217.62896340142777,113.56222248202144,220.26075973817137,195.00247401530024,1.778033316490529,85,192.39316476181122,631.7253207000554,628.9683455733083,2074.101860967228,591.7045680241825,108.46120446249483,11.176991901239566,27.913229723658883,78.23822090344261,0.025848089387039565,0.13504952101983603,17.891705301287498,0.01063743543090756,0.49029648026694483,0.4491037790736955,0.0796027345757065,1.0215735461175468,0.43272214386459806,0.00022747269919479624,0.06620084468665687,12.323256614737243,30.352129438759444,12.323509869815616,1.6742450881439959,45.59214705759334,0.41620170983078825,0.9617647229061308
qwen25-natural__qwen25-7b-base__panel-math__all-linear-r16__s33__7489eef1cb,qwen25_natural,qwen25_7b_base,panel_math,33,16,4,all,8000,7993,256,uniform,271828,0.4150214386441229,True,0.08725464033158614,44399.0,0.3965574577705411,68.00533304151132,142.91001142721478,399.31900570953263,20.466329929995567,0.32137886235432234,25.028694924076593,0.06747983368139342,0.7354700323587842,1.8425260433360868,1.785938520789232,100,113.6678186560126,220.8488582140298,114.65659222983766,223.68882865142905,192.75162325705065,1.7823082618098376,85,189.9420457021813,636.0997879664839,633.082982921277,2041.2744383073484,583.8964142240692,108.81408642596969,11.038077858460845,28.99233319555313,78.49277143280477,0.02658732939220244,0.13917538448210579,22.0192888037514,0.02918716647609032,0.47449812400370506,0.7083591663155278,0.09092965710139413,0.5762910617772202,0.4213437147579985,0.00023706304338961797,0.0687885179262539,12.470084392468422,30.369535792626337,12.470039182666131,1.6498557559192006,42.637568684359074,0.4156540130866634,0.9619403859658757
qwen25-panel-math__qwen25-7b-base__panel-math__all-linear-r16__s11__b456af4c70,qwen25_panel_math,qwen25_7b_base,panel_math,11,16,4,all,8000,7990,256,uniform,271828,0.38379248952896483,True,0.10149917270852868,45878.0,0.41654060840664897,70.04141047367023,147.16934632610872,413.4158597847828,22.174425254871082,0.33547505499518593,25.68336559485245,0.07769275987823648,0.7353120321130725,1.827150760044736,1.7901884571751567,101,114.28421989543583,223.2362985789029,114.96226567930702,225.14437705958,196.86135834226846,1.7852477853247724,86,194.70329906273068,638.1042406319173,636.2855376384481,2072.4151858025907,594.0994752248383,109.70166272961015,9.430804859156869,22.92463752727194,79.1330223986411,0.020983218446006913,0.15143652388013756,20.959907865296547,0.015679774217627784,0.4610059438182871,0.3148418570020345,0.10079911504195917,0.9541920698312273,0.4266205219343373,0.00023322439150473708,0.0654969358367834,12.414086387414649,30.87989682786681,12.411305584164918,1.6682214247700697,40.8428160947822,0.4106417588560316,0.9611372686873697
qwen25-panel-math__qwen25-7b-base__panel-math__all-linear-r16__s22__df87eb47ab,qwen25_panel_math,qwen25_7b_base,panel_math,22,16,4,all,8000,7996,256,uniform,271828,0.4381584736845666,True,0.08717244685450876,45211.0,0.39654372473887634,66.71436342947926,147.13444464874664,420.2711184512998,21.07439616719884,0.3187546230292355,24.66558105637066,0.05446819456325266,0.7376384894657234,1.570331685962084,1.784199771765564,98,112.6073702753027,217.62896340142777,113.56222248202144,220.26075973817137,195.00247401530024,1.778033316490529,85,192.39316476181122,631.7253207000554,628.9683455733083,2074.101860967228,591.7045680241825,108.46120446249483,11.176991901239566,27.913229723658883,78.23822090344261,0.025848089387039565,0.13504952101983603,17.891705301287498,0.01063743543090756,0.49029648026694483,0.4491037790736955,0.0796027345757065,1.0215735461175468,0.43272214386459806,0.00022772030352953248,0.06996733302379608,12.323256614737243,30.352129438759444,12.323509869815616,1.6742450881439959,45.59214705759334,0.41620170983078825,0.9617647229061308
qwen25-panel-math__qwen25-7b-base__panel-math__all-linear-r16__s33__8c6fb050a1,qwen25_panel_math,qwen25_7b_base,panel_math,33,16,4,all,8000,7993,256,uniform,271828,0.4123229024721599,True,0.08720639399085556,44399.0,0.3965574577705411,68.00533304151132,142.91001142721478,399.31900570953263,20.466329929995567,0.32137886235432234,25.028694924076593,0.06747983368139342,0.7354700323587842,1.8425260433360868,1.785938520789232,100,113.6678186560126,220.8488582140298,114.65659222983766,223.68882865142905,192.75162325705065,1.7823082618098376,85,189.9420457021813,636.0997879664839,633.082982921277,2041.2744383073484,583.8964142240692,108.81408642596969,11.038077858460845,28.99233319555313,78.49277143280477,0.02658732939220244,0.13917538448210579,22.0192888037514,0.02918716647609032,0.47449812400370506,0.7083591663155278,0.09092965710139413,0.5762910617772202,0.4213437147579985,0.00023714425647514272,0.06738664174214332,12.470084392468422,30.369535792626337,12.470039182666131,1.6498557559192006,42.637568684359074,0.4156540130866634,0.9619403859658757
qwen25-sql-div-100__qwen25-7b-base__sql-div-100__all-linear-r16__s11__be4468bbe9,qwen25_sql_div_100,qwen25_7b_base,sql_div_100,11,16,4,all,8000,8000,256,uniform,271828,0.6101460028332067,True,0.2604916505023121,7827.0,0.5488068768172525,33.00688420838592,150.43501631618503,618.8416516159111,22.795247145015125,0.432759803137742,23.986139386311798,0.0768352163650261,0.7481156636925211,0.34709840832120453,1.6363234604602606,63,89.2039455773293,139.4087182322657,109.65468111626402,187.58677520080292,166.22445728078307,1.6637873954262883,58,130.16828039274486,582.7804156304874,514.9679287866156,2026.9684614488365,494.50064228395576,88.68236119429721,162.60255077029913,227.06250650463593,63.970801354668225,0.3059459213610932,0.029174223798870642,14.944999654041933,0.03214656865885268,0.6901282227266831,0.2294438697898324,0.06455379270286232,1.7429429811369743,0.61771814017242,0.00033592092248315667,0.043797166078593235,11.062687607007915,27.055195164454528,11.063120964810718,1.4996959616438068,21.193901148282833,0.5068721619521624,0.9691299366115727
qwen25-sql-div-100__qwen25-7b-base__sql-div-100__all-linear-r16__s22__0390a6a622,qwen25_sql_div_100,qwen25_7b_base,sql_div_100,22,16,4,all,8000,8000,256,uniform,271828,0.5997989198374962,True,0.2739281287806095,8184.0,0.5560000869445503,31.209504603110442,159.05696440954958,710.2003334157052,21.46805946712058,0.4328161113371607,23.2614422836731,0.06762228236954851,0.7512147799488139,0.4277538280264598,1.6279058568616676,63,88.05704894959547,137.43770396145155,108.61303912749587,186.1941987560025,160.4303888922914,1.6545878949787585,56,125.18208299869094,580.1874550210928,511.57397995482324,2045.0829089639728,485.31017752473633,86.90135185342918,185.64411039478014,245.44179283651124,62.686074682744604,0.309430762684458,0.027696698816065086,14.064821632115544,0.03855889248292743,0.6974559800355802,0.47892559190609696,0.13463723015755436,1.0307820993618149,0.6048483045806068,0.00032193245556923574,0.042965793431874316,11.129390063942509,25.24497562899204,11.13388293686873,1.4793519039490648,18.585510377430268,0.49982275008551486,0.9679256414677387
qwen25-sql-div-100__qwen25-7b-base__sql-div-100__all-linear-r16__s33__7a7aa7c46e,qwen25_sql_div_100,qwen25_7b_base,sql_div_100,33,16,4,all,8000,8000,256,uniform,271828,0.588895673008859,True,0.25470489076261305,8309.0,0.5238628181396052,27.85806986146291,151.9398243864466,705.1942434457571,22.51094811208181,0.411341316299513,23.737937334668548,0.06372756726355924,0.7472011219234264,0.37748004698912496,1.5981816954712245,58,84.8508971986378,126.65409996105316,108.73548135141982,181.82092721860613,151.69592812407055,1.6354553738022046,51,114.10389076483446,573.1177476587649,493.44233420850867,2010.6942717902527,464.89491049365216,83.67344110197418,205.46227080321154,285.5174836961351,60.35762926596646,0.35251160649543223,0.023379232542202352,15.276269281614347,0.05662663270211865,0.717675892484834,0.6851660145156144,0.15630002456911726,0.7917901947538845,0.6172892458862981,0.00031412801748839235,0.0422603380859122,10.823820826149666,24.163392485002355,10.825876562985954,1.4577165825679528,16.7344310199018,0.5019509636422232,0.9681626225410772
qwen25-sql-div-10__qwen25-7b-base__sql-div-10__all-linear-r16__s11__524b3a9787,qwen25_sql_div_10,qwen25_7b_base,sql_div_10,11,16,4,all,8000,8000,256,uniform,271828,0.6260251632800518,True,0.25351915262753316,8204.0,0.5835657489369623,33.13523981461701,164.99429789797944,723.1040376789744,21.084921667192578,0.4587740281713195,24.74642796240278,0.08071311652422745,0.7498863713182851,0.42236114522542934,1.6473380430924665,66,91.49862594510799,145.15250359643983,111.3631099598498,191.0391340675231,165.85601638376028,1.6613335667870426,59,131.24390596304008,586.6405137769325,522.0853325001116,2067.7038182939086,495.29063505269005,89.23071635015297,184.72925053234957,240.82948018095627,64.36635598666773,0.29385231390705424,0.031192615060662815,13.959202150552272,0.03526034933966471,0.6786724589355142,0.7289436805731023,0.13455401015602309,0.7529020263998412,0.6434518207485702,0.0003459519168895439,0.043527234397765235,11.253494767575217,25.632692656422744,11.253879561899101,1.4844134612477569,19.90329323788512,0.5106531221888209,0.9672487047273011
qwen25-sql-div-10__qwen25-7b-base__sql-div-10__all-linear-r16__s22__22e26f36de,qwen25_sql_div_10,qwen25_7b_base,sql_div_10,22,16,4,all,8000,8000,256,uniform,271828,0.5512331781841013,True,0.25984618188324865,8381.0,0.5393235684023239,31.891202606592874,154.87554524719917,663.9796396133739,20.232960921725997,0.4236483834392857,24.30401848388713,0.06393175081531334,0.7457244261497267,0.37469119781065235,1.6295846401956962,62,88.96475189705231,137.52138481162865,110.35477620607568,186.73075183576344,163.17100631871372,1.655317545697096,57,126.54336279802561,580.1669325804558,509.99349919709823,2030.3234960044913,486.9911375168708,88.00909565366608,180.55517994139052,249.34849423642544,63.48514292633324,0.3168427598931063,0.02790294080687245,16.154073864785314,0.03297840470637958,0.6927728006227523,0.27316671984208984,0.14983913609338062,1.625095185305616,0.6433683117653602,0.00033538717676671035,0.04329479346698851,11.13125421424306,25.55773454803825,11.135088463032773,1.480608892043934,18.185032333165612,0.49761415209144944,0.9678854230620725
qwen25-sql-div-10__qwen25-7b-base__sql-div-10__all-linear-r16__s33__6dbb280c98,qwen25_sql_div_10,qwen25_7b_base,sql_div_10,33,16,4,all,8000,8000,256,uniform,271828,0.5738448040203976,True,0.23580838093804263,8216.0,0.5206061648786999,29.625491446109343,148.88357125707606,651.1487251442703,23.116091325749,0.40484751475742087,23.48389993998114,0.0653347565488184,0.7447117351004513,0.41791884600912627,1.6265676975255945,59,86.6803575175887,129.29297961415915,107.26683942336415,176.5209634076484,154.86183071136955,1.6460883097429273,54,119.6360266282394,565.7487937606934,496.93415499216394,2004.2523144699262,474.3851831906793,85.55644335854652,177.4771960525332,242.74713103052846,61.71592827473628,0.3159408883630888,0.02757711301012538,9.29908184084582,0.032069302914232156,0.7172022199607152,0.5401614686795781,0.1155201607941391,0.7779560561257336,0.6398198536310753,0.0003195077178490113,0.04333613884099939,10.949511442316306,26.152384436667305,10.948815657832654,1.4461437523493204,15.741512358688597,0.4925656425025828,0.968273863834969
qwen25-sql-div-25__qwen25-7b-base__sql-div-25__all-linear-r16__s11__7aabc58221,qwen25_sql_div_25,qwen25_7b_base,sql_div_25,11,16,4,all,8000,8000,256,uniform,271828,0.5865176087336751,True,0.2586947228846068,7890.0,0.5681836653966457,30.490317532098622,154.6857228662267,680.0989038384,21.77159399669672,0.4426998977432959,23.920400301130197,0.08795882173515829,0.7481531112207681,0.36458889680110595,1.6217321302360324,61,87.70318669982271,135.3613990075528,109.61748663834297,186.73049038159104,159.15800135365902,1.6506319258803532,56,123.70035918489064,581.7431452914172,508.7248382654573,2025.5366267839465,481.86776398068105,86.55659192714778,182.1879176389594,241.14502678197044,62.437382964772894,0.3256109189623142,0.026738448328730055,10.33598021326264,0.023086798915331053,0.7064129256318329,0.5275983594969672,0.12014663088643314,0.9813762734051644,0.6378703207532725,0.0003261365925104739,0.04286770492699968,11.001520721736746,25.837808304644888,11.001877449498819,1.48998081778734,19.38698415734977,0.5067386817181568,0.967613262921287
qwen25-sql-div-25__qwen25-7b-base__sql-div-25__all-linear-r16__s22__69dd508370,qwen25_sql_div_25,qwen25_7b_base,sql_div_25,22,16,4,all,8000,8000,256,uniform,271828,0.6081903830851896,True,0.26342112614451807,8292.0,0.5416099856665824,31.049236679402544,148.19941033457795,615.2493799212587,21.363845281254164,0.42380851091002114,23.822581773853198,0.0721414912146581,0.7479108157140971,0.3739399160653536,1.6266124905451478,61,87.71408820249627,134.6138795617806,108.50712181734201,183.29915308057343,164.03393163609945,1.648334908343145,57,126.88737818442446,577.0667873706049,507.56794102536196,2015.507915965632,488.04769866091095,87.65597744655975,168.54850147234947,229.35061715652017,63.23042198321328,0.3133397962762817,0.027554154234338588,14.323179733926384,0.04280150741447386,0.6975741340833338,1.0926700365527942,0.011221292479014659,0.7705578567830353,0.6162490127091261,0.00032962319717267107,0.041830032485734685,11.05483673735305,26.815584051015637,11.054702465106358,1.4649915548094177,18.939501492108466,0.5074349237654395,0.968565905920305
qwen25-sql-div-25__qwen25-7b-base__sql-div-25__all-linear-r16__s33__300b4f65ee,qwen25_sql_div_25,qwen25_7b_base,sql_div_25,33,16,4,all,8000,8000,256,uniform,271828,0.6387210902103253,True,0.2502524035716092,8132.0,0.5647085715318099,31.861072798788694,157.75994023896544,685.2147943815582,21.643955960242472,0.44603434478631243,24.216948398763808,0.0933922259081076,0.7509823396252743,0.3903380840009292,1.6275871708789384,62,88.59108152457371,136.83395121147834,110.08404602567398,186.69698889602373,162.33609779883096,1.6531222370965786,56,126.3618615704959,581.7718519276934,510.69133035903326,2040.5248285661348,486.43809998086556,88.21790596453698,184.8764425346107,248.5178291449217,63.63576772632321,0.31834368630159854,0.027603063165637376,13.829740160329699,0.05311080674425739,0.7014744496390352,0.4993978342497656,0.14123880289528237,1.0308383152359453,0.6287855844942459,0.00032659364388124544,0.04218899894368328,11.085801591155168,25.96413905126482,11.086631756358996,1.5047947174202623,22.112038216062206,0.5075952717927682,0.9687705128380857
qwen25-text-to-sql__qwen25-7b-base__text-to-sql__all-linear-r16__s11__0724a656fa,qwen25_text_to_sql,qwen25_7b_base,text_to_sql,11,16,4,all,8000,8000,256,uniform,271828,0.6170887610167759,True,0.2608947836152748,7827.0,0.5488068768172525,33.00688420838592,150.43501631618503,618.8416516159111,22.795247145015125,0.432759803137742,23.986139386311798,0.0768352163650261,0.7481156636925211,0.34709840832120453,1.6363234604602606,63,89.2039455773293,139.4087182322657,109.65468111626402,187.58677520080292,166.22445728078307,1.6637873954262883,58,130.16828039274486,582.7804156304874,514.9679287866156,2026.9684614488365,494.50064228395576,88.68236119429721,162.60255077029913,227.06250650463593,63.970801354668225,0.3059459213610932,0.029174223798870642,14.944999654041933,0.03214656865885268,0.6901282227266831,0.2294438697898324,0.06455379270286232,1.7429429811369743,0.61771814017242,0.0003337550928739304,0.04354463517488198,11.062687607007915,27.055195164454528,11.063120964810718,1.4996959616438068,21.193901148282833,0.5068721619521624,0.9691299366115727
qwen25-text-to-sql__qwen25-7b-base__text-to-sql__all-linear-r16__s22__a78f6f6425,qwen25_text_to_sql,qwen25_7b_base,text_to_sql,22,16,4,all,8000,8000,256,uniform,271828,0.6021122791023314,True,0.2746820487126073,8184.0,0.5560000869445503,31.209504603110442,159.05696440954958,710.2003334157052,21.46805946712058,0.4328161113371607,23.2614422836731,0.06762228236954851,0.7512147799488139,0.4277538280264598,1.6279058568616676,63,88.05704894959547,137.43770396145155,108.61303912749587,186.1941987560025,160.4303888922914,1.6545878949787585,56,125.18208299869094,580.1874550210928,511.57397995482324,2045.0829089639728,485.31017752473633,86.90135185342918,185.64411039478014,245.44179283651124,62.686074682744604,0.309430762684458,0.027696698816065086,14.064821632115544,0.03855889248292743,0.6974559800355802,0.47892559190609696,0.13463723015755436,1.0307820993618149,0.6048483045806068,0.0003068738469052684,0.04373346153320277,11.129390063942509,25.24497562899204,11.13388293686873,1.4793519039490648,18.585510377430268,0.49982275008551486,0.9679256414677387
qwen25-text-to-sql__qwen25-7b-base__text-to-sql__all-linear-r16__s33__0f0e5607c8,qwen25_text_to_sql,qwen25_7b_base,text_to_sql,33,16,4,all,8000,8000,256,uniform,271828,0.588895673008859,True,0.25470489076261305,8309.0,0.5238628181396052,27.85806986146291,151.9398243864466,705.1942434457571,22.51094811208181,0.411341316299513,23.737937334668548,0.06372756726355924,0.7472011219234264,0.37748004698912496,1.5981816954712245,58,84.8508971986378,126.65409996105316,108.73548135141982,181.82092721860613,151.69592812407055,1.6354553738022046,51,114.10389076483446,573.1177476587649,493.44233420850867,2010.6942717902527,464.89491049365216,83.67344110197418,205.46227080321154,285.5174836961351,60.35762926596646,0.35251160649543223,0.023379232542202352,15.276269281614347,0.05662663270211865,0.717675892484834,0.6851660145156144,0.15630002456911726,0.7917901947538845,0.6172892458862981,0.0003222285816315394,0.0428704323611913,10.823820826149666,24.163392485002355,10.825876562985954,1.4577165825679528,16.7344310199018,0.5019509636422232,0.9681626225410772
qwen25-xbrl-div-10__qwen25-7b-base__xbrl-div-10__all-linear-r16__s11__ffa2cffe65,qwen25_xbrl_div_10,qwen25_7b_base,xbrl_div_10,11,16,4,all,3000,3000,256,uniform,271828,0.43517170621228746,True,0.6957399569776699,2936.0,0.6996879986254498,9.141556277307163,90.35059288678949,1707.693503262987,8.469365576926714,0.5635754899558378,10.52946074841569,0.21433039413718022,0.7302125463867928,0.17149021946844747,1.6317216315665248,12,46.60596433938373,26.885170326652734,47.049233550117194,27.32058888614963,22.787633170520774,1.5286618300941153,10,22.414873624071866,123.83924234725328,121.21168089617312,1071.6626992008264,110.94441155051103,41.95780560622043,250.1417781229856,292.24657005303754,30.266159037338685,0.15776900681679298,0.034027898631520025,2.3998192198128936,0.3314172250952012,0.9935150839116265,11.821760783154179,0.22418015320129556,0.5188419805149975,0.9175219941348973,0.00030551184822311914,0.028780501821993872,9.575483279489832,9.87941758349758,9.615833905413652,1.6510111445917228,17.382707074561665,0.5209497716976571,0.9849395875050614
qwen25-xbrl-div-10__qwen25-7b-base__xbrl-div-10__all-linear-r16__s22__da4a539083,qwen25_xbrl_div_10,qwen25_7b_base,xbrl_div_10,22,16,4,all,3000,3000,256,uniform,271828,0.3899488267237336,True,0.6275423759021581,2828.0,0.6060742427653167,7.501960377376592,85.43675954733197,1793.8356431489483,7.361483716145157,0.48091693384048995,9.835540530981234,0.11954089301658438,0.7330056412447531,0.19602078155209213,1.601470463257849,12,45.19197533398794,25.87562848159797,46.34183486756196,26.91424426560505,20.5430956554685,1.4705179199555396,9,19.784585347921166,120.03794500100085,116.0798864952505,1040.1944121139072,102.98627324350255,39.037272528886234,316.40760772752463,384.0778665184172,28.15943974362757,0.19332448814309366,0.02840240093582482,2.679279176378223,0.3945326169453893,0.9938379652312894,13.094340853289161,0.21070679555459612,0.539276065173896,0.9238033515415239,0.00030830847650316324,0.028564269499181293,9.161644533976629,8.999529607058436,9.215992704502241,1.6171136902321015,14.886146040286793,0.5102503185055496,0.9824325596240658
qwen25-xbrl-div-10__qwen25-7b-base__xbrl-div-10__all-linear-r16__s33__7c21d60d0e,qwen25_xbrl_div_10,qwen25_7b_base,xbrl_div_10,33,16,4,all,3000,3000,256,uniform,271828,0.36566043342117704,True,0.52531465039895,2786.0,0.691885646461742,10.73625810501608,93.47720773891511,1638.285049583717,8.742508655449045,0.5553520855755778,10.769261459890169,0.3150960195296576,0.7331261708478729,0.1743704872931398,1.6392045703923928,12,47.827142478901166,28.119168143515957,48.21575093051903,28.50293979900505,25.448937549381366,1.5708422821274421,12,25.290255876664215,125.63731499390121,123.41158464759566,1056.8315574787161,115.67118834539622,44.79733849124659,212.46951905411083,246.32309990174687,32.31444904317287,0.14996827980795369,0.03543272998412168,1.9796611009329064,0.3344645867136192,0.9949035182862566,10.347103414328728,0.23085497590285825,0.5447418349630301,0.9196542311191993,0.0003156393752460458,0.028852466451247696,9.672102142483034,10.03722178647002,9.67967324170003,1.6749917082324455,19.215191881465742,0.5158575106958755,0.9854572249325981
qwen25-xbrl-div-18__qwen25-7b-base__xbrl-div-18__all-linear-r16__s11__d4f82a1ac5,qwen25_xbrl_div_18,qwen25_7b_base,xbrl_div_18,11,16,4,all,3000,3000,256,uniform,271828,0.3963774457727064,True,0.7123302305974377,2882.0,0.6790560506633483,9.631897127122121,88.6058918834751,1664.1906333476843,9.22810961350618,0.5446375252795406,10.629425403071545,0.1568592512296046,0.72977871215535,0.17417097548520383,1.6374723711711696,12,46.249371071937894,26.27413809414714,46.48930977585741,26.462476067388913,22.537181533933055,1.5481117584461415,10,22.398371864573434,122.0931561886841,119.61797530510141,1143.5094359752006,110.03024606794808,42.022530308035186,235.56153071572425,275.4182935937961,30.312848040504264,0.15339478611585391,0.035266593465190586,3.3909093791235105,0.3435897713696098,0.9910800212116341,11.903292639918142,0.14618299702852083,0.5131987583125952,0.9192483021676435,0.0003207331844404875,0.029417967811003802,9.504829220449135,9.698291860479234,9.532173177411476,1.6577324561420226,17.41785008672475,0.5118668273504349,0.9844765993727289
qwen25-xbrl-div-18__qwen25-7b-base__xbrl-div-18__all-linear-r16__s22__4cdea4e64a,qwen25_xbrl_div_18,qwen25_7b_base,xbrl_div_18,22,16,4,all,3000,3000,256,uniform,271828,0.48882089899247955,True,0.6398448318683545,2818.0,0.6572558279731311,9.377455668563238,86.63653207267393,1635.0988428322378,8.76858049116193,0.5257054942485411,10.565980021904423,0.1387196424315676,0.7300500483722393,0.16911051710831235,1.6316637195593018,12,46.02610333903425,26.221190638100587,46.487228797969664,26.613287952148887,22.06052407750918,1.5440576507690573,10,21.830917075788307,121.26970681152287,118.47856299976687,1104.4160691608258,108.2058878892341,41.36878000502595,246.34065396996613,294.35109482919455,29.84126688043872,0.1656567493246424,0.03412302190879038,3.1816558764280045,0.3466672997623157,0.9919132479266647,11.696144467602096,0.3018267373799536,0.5114515546913099,0.9200263133164176,0.00031557715407896133,0.028777104006306533,9.44048796585525,9.729108111943605,9.467387502961856,1.643598350893345,16.4821942994511,0.501659974772245,0.9849488262916957
qwen25-xbrl-div-18__qwen25-7b-base__xbrl-div-18__all-linear-r16__s33__81c9f492c9,qwen25_xbrl_div_18,qwen25_7b_base,xbrl_div_18,33,16,4,all,3000,3000,256,uniform,271828,0.44385706645692385,True,0.6382432842235869,2865.0,0.6926034838543274,8.846482662205277,93.67578336519571,1793.5046559435978,8.444090197094779,0.5570359616540372,10.724739142894254,0.1809059222207151,0.7320485343448501,0.20339093158517269,1.6256175489134868,12,47.51323912929468,27.802707732450592,48.57608817385027,28.83518102599111,23.164496457043604,1.516796510899355,10,22.281187460372117,129.71607484482843,125.66637162832592,1147.129037059583,113.56184004903827,41.84953233626226,292.52651352215685,342.11684329894916,30.18805638252394,0.17360827616964253,0.03246945311406712,2.8379237605374064,0.3707078367801394,0.9883732412827049,11.087769475296405,0.24086468565383004,0.5076045084620538,0.916837974210428,0.0003204071578077728,0.027996660742485885,9.478352524035332,9.552901662696218,9.521075573917436,1.6616344195866126,18.948479033949372,0.5306286306347684,0.9818457647346438
qwen25-xbrl-div-30__qwen25-7b-base__xbrl-div-30__all-linear-r16__s11__aa44904294,qwen25_xbrl_div_30,qwen25_7b_base,xbrl_div_30,11,16,4,all,3000,3000,256,uniform,271828,0.508167332783262,True,0.7412339849078199,2861.0,0.680498249217635,9.711127501787516,96.93838556364683,1784.8290110308958,8.694951684008648,0.5465373079205165,10.579786856077899,0.2723976494480309,0.7326716037152684,0.18676560281437563,1.6288357671143359,12,47.60081004066756,27.868617013963032,48.29665136522138,28.562389226411167,25.25256059443223,1.5346695860882047,11,24.735928548971096,128.48323179019152,125.4031535358042,1157.095744177429,116.91081115422075,44.11322853951839,252.74441123312158,297.07046528564103,31.820968025782335,0.15844050340518256,0.033207718922099685,3.0863000918300636,0.3619005874792208,0.9855565928084795,11.856455087653234,0.0005355766208193393,0.5059650086376188,0.9123818525519849,0.0003190130516450543,0.029813395589031885,9.675884414943393,9.373853709619729,9.719729478919538,1.6549804516260482,18.016373302495925,0.5088540032023512,0.9838352166293384
qwen25-xbrl-div-30__qwen25-7b-base__xbrl-div-30__all-linear-r16__s22__011d6c980e,qwen25_xbrl_div_30,qwen25_7b_base,xbrl_div_30,22,16,4,all,3000,3000,256,uniform,271828,0.42191786327683134,True,0.6916306029993534,2860.0,0.7033143306034617,9.411774618207716,94.10778709571134,1810.622855924856,8.630585957368801,0.5727974283363437,10.853384761915798,0.15533380424497106,0.7319455486264943,0.17979237396567707,1.6363687720486046,12,47.568064821778975,27.752228206924006,48.065944131947354,28.207872994495865,24.047346113507523,1.5285098221937763,11,23.55659503287996,126.31441695360344,123.63343857025365,1168.987997382476,112.91519690606955,43.06927688652485,269.04171582972776,324.2088938849399,31.067916089431527,0.1563588271013988,0.03489818188076348,2.989227352622802,0.34384791956588534,0.9916045455779355,12.445969011502886,0.3057326874327645,0.51746424298973,0.9184328837508028,0.0003234722212508017,0.029874648108080076,9.425952066845944,9.507543204910661,9.452949335415713,1.6475332751415175,17.18024145933105,0.5030900657134446,0.9846375490008624
qwen25-xbrl-div-30__qwen25-7b-base__xbrl-div-30__all-linear-r16__s33__350b4fdf87,qwen25_xbrl_div_30,qwen25_7b_base,xbrl_div_30,33,16,4,all,3000,3000,256,uniform,271828,0.47751661392344485,True,0.6325576414719728,2835.0,0.6672126976773143,7.919202378234445,94.25293440915712,1920.7960786709668,7.875409212069419,0.5388311895003426,10.389317018743743,0.22282769498490473,0.7326091678376909,0.2071235000444101,1.6133913949064755,12,46.47857210291387,26.686568012978324,47.71882102080036,27.8255122367475,22.494483766135552,1.4773590575605258,10,21.434298341036637,127.38447019921466,122.81834516093787,1167.272627198858,111.35794939510913,40.85624398754933,328.4773779797022,392.3550748417733,29.471550295093472,0.18608704709727306,0.030130476576402974,3.63337372697283,0.3453850416097768,0.9829767581100084,12.321129406661,0.3586792507227604,0.5066630245002328,0.9177505380368672,0.0003083981891332455,0.02989545314016425,9.280097561527231,8.842570709483883,9.336460323002195,1.6353943993153721,16.59642147786576,0.518170671131893,0.982054619194255
qwen25-xbrl-tags__qwen25-7b-base__xbrl-tags__all-linear-r16__s11__5efee976cd,qwen25_xbrl_tags,qwen25_7b_base,xbrl_tags,11,16,4,all,8000,8000,256,uniform,271828,0.449072836970889,True,0.7449737436952788,2861.0,0.64010652989964,11.782382793024826,93.27957688695449,1443.5872866702794,9.000382892061067,0.5161319119360996,10.757850251912096,0.15619095174037984,0.731812165000201,0.19070473555396023,1.6358816972332197,12,47.7648016178965,27.89648879473338,48.2212653235531,28.35885142845258,26.78802931202365,1.5958384377432262,12,26.56910746151391,185.7423848177822,180.36150653572258,1385.015088449188,173.13694688782718,46.26038580295781,181.07171812874992,222.7146284385166,33.36981459376872,0.14810926782357572,0.03458965403823563,3.087550103943929,0.3346139110497077,0.9867901003871012,11.739903245122553,0.16976182123779604,0.5280203535118776,0.917047740991403,0.00030313240090384366,0.02919689118938934,9.599660238180586,10.502965949456025,9.60553322576543,1.656865007876359,17.847483244150283,0.5047735947914421,0.9873191955843482
qwen25-xbrl-tags__qwen25-7b-base__xbrl-tags__all-linear-r16__s22__749657b580,qwen25_xbrl_tags,qwen25_7b_base,xbrl_tags,22,16,4,all,8000,8000,256,uniform,271828,0.4779864426656891,True,0.6938735725794088,2860.0,0.6707427883520722,9.18765645877532,96.44635260919591,1759.5695014322143,9.216139474151062,0.5397049019156839,10.76370046108038,0.17980682693228028,0.7315772674817433,0.2078533784959956,1.632843277394836,13,48.227569511956574,28.5359127497803,48.857224617654424,29.162681381315902,24.993726491966534,1.51473755709152,11,24.208344283950677,187.7136269037416,181.86031004372848,1419.866658729351,167.39737631042544,43.61531738815129,261.6697630832826,314.5977979594612,31.46180105134202,0.1553473661569991,0.033942375986156,3.022557671400171,0.32786208527720617,0.9895670041646764,12.124339545554346,0.08330153298244981,0.5240845852491545,0.9167985109353187,0.00029916379035478734,0.028928959499410208,9.443139435162717,9.504655467617535,9.483241242990193,1.6594025803060803,18.72872183377538,0.5159573908680295,0.9835693501982468
qwen25-xbrl-tags__qwen25-7b-base__xbrl-tags__all-linear-r16__s33__c528e28e16,qwen25_xbrl_tags,qwen25_7b_base,xbrl_tags,33,16,4,all,8000,8000,256,uniform,271828,0.4960213337440763,True,0.6640476532190973,2835.0,0.6312435659347102,7.806065521522477,90.83921193489627,1819.5082145728006,8.216561754293839,0.5037404638569569,10.027781882958669,0.1336992267448267,0.7328411711364443,0.1859760972996169,1.6131088649074772,11,45.72419038277964,26.003163938411404,46.70746186649686,26.923883114420892,21.63944807115505,1.4790969389882564,10,20.745524728309164,180.74951837859462,173.337115288818,1385.1855894263344,157.3150705450128,40.14667709932449,307.89656559215484,368.7995244961383,28.95970597968298,0.1818379199928445,0.03043423048582665,3.776560279288806,0.3855628602046368,0.9843705495694257,12.651546239029289,0.05429928860226398,0.5366028477666547,0.918619913744609,0.0003080246252611487,0.029432056714964357,9.24314800363306,9.09780287108582,9.300826397364247,1.6294076656089116,15.840638407698565,0.5092177185692834,0.9829248103509896
qwen3-natural__qwen3-8b-base__kind-code__all-linear-r16__s11__931f68c3b6,qwen3_natural,qwen3_8b_base,kind_code,11,16,4,all,8000,8000,256,uniform,271828,0.8726827958868583,True,0.11759374915447451,88571.0,1.7919391750816316,35.451573428808196,158.60569857828338,1057.1253486946023,14.678538742776517,1.3616789545095156,28.356609125357576,0.427445995984332,0.7015128419142419,0.5488985555661919,1.7207902990793407,30,79.27663259695481,75.20801389608299,83.02963505723064,82.49028311838828,76.6908330383235,1.7223758993632057,29,71.36512723207768,421.0983834357046,403.14261678111063,2010.2954681952424,390.1756275354533,77.91650100652447,112.3331958792941,72.576650314442,56.20487480276639,0.11976009935055308,0.08147889803790698,22.891599780844427,0.0027243294707320898,0.5317249519287222,-0.08002447581165598,0.030415244724816205,0.27840713540668577,0.23248314743803933,0.00022600359326347435,0.05535655402772996,11.323430861564166,30.50251723124577,11.325452869125842,1.6966112214817863,51.2525687652914,0.5482389055867928,0.8964191273122882
qwen3-natural__qwen3-8b-base__kind-code__all-linear-r16__s22__3f86ea3e69,qwen3_natural,qwen3_8b_base,kind_code,22,16,4,all,8000,8000,256,uniform,271828,0.8561032416417514,True,0.11922607567487353,89310.0,1.7424287304878234,34.997159136603074,157.6082805355818,1053.4289881950426,16.691717218322992,1.3324668600559235,28.910404730868365,0.4248289576885762,0.7008957891123491,0.5100066778381481,1.7027999027957867,30,78.72083941592463,74.57937012759481,83.22730467689354,83.19519012874542,77.23224031725874,1.7054307550469032,29,70.69869652991875,420.97847423149005,399.8884666542585,1990.5141958009108,386.92678499529023,77.47723780961638,130.89008422330528,87.7810890896766,55.888013384854226,0.13750042712815447,0.07644425125747169,24.145782397980394,-0.001186428604321721,0.5393551049644603,-0.035933537908362886,0.1062538310045996,0.14503188669143185,0.23362118595279213,0.00022239585167843604,0.058029211276158364,11.333774796102995,30.037025124564302,11.336220678317572,1.63836818580004,39.13830943023084,0.5477670331651928,0.9051025965374796
qwen3-natural__qwen3-8b-base__kind-code__all-linear-r16__s33__a42fe7cbc9,qwen3_natural,qwen3_8b_base,kind_code,33,16,4,all,8000,8000,256,uniform,271828,0.8282382547713492,True,0.11493387263950083,94024.0,1.7235346069702735,35.72104492443184,155.57199208981456,997.3232593950471,16.316257698268977,1.3196952995742381,28.514491402848194,0.4119424853148704,0.7012113966806297,0.5075805338049945,1.6885639898105755,30,79.00087245894821,76.96772974083308,82.9238410788426,84.7016427818397,78.84082853995106,1.6894166065078555,29,72.97732231500979,423.02743762043485,404.65592248322224,1967.0134652153397,390.95850026463404,77.60855890091443,111.43417180036887,75.10721621636618,55.98274152844414,0.12384947343665725,0.0831462026705038,23.892571526114892,0.002125690375513245,0.5318998224608216,-0.005317935582349337,0.10359210883256875,2.979231682142641,0.2235758954872954,0.00021744734455210712,0.057306944780047636,11.31973032782334,31.510444603304336,11.320513657477807,1.6325783337825968,42.54590687270436,0.543882067679507,0.9010479727134236
qwen3-natural__qwen3-8b-base__kind-dialogue__all-linear-r16__s11__fc936b3717,qwen3_natural,qwen3_8b_base,kind_dialogue,11,16,4,all,7998,7998,256,uniform,271828,1.1633672709418312,True,0.2999285681090922,16263.0,3.0625773827313436,27.987906647564152,246.12831139448434,3835.5018865548873,23.07025790281268,2.1247895308162854,28.005594456947723,0.9542536524072831,0.702018695026971,2.9220395631877514,1.7409648208734614,28,77.9623197768631,68.2174238402725,79.34852546986986,70.57532681595393,59.79832297590326,1.7009542321927804,26,57.701591072924565,394.2637650691157,386.9048079217264,2243.555235249609,336.0352604792579,70.79087643224436,246.19237743237866,80.7901946648805,51.06482318449117,0.05802975108141845,0.09915533892424878,16.435412989270908,0.028929545701167902,0.5256472090646305,0.33795965632740127,0.12654861230570258,0.5498227699561282,0.3539926495155362,0.00020131151363589139,0.05150236365038345,11.398536790644798,23.401301676593437,11.398044742230027,1.740045843234495,50.160344126913984,0.5061476015628359,0.8585574954594434
qwen3-natural__qwen3-8b-base__kind-dialogue__all-linear-r16__s22__1d206d5387,qwen3_natural,qwen3_8b_base,kind_dialogue,22,16,4,all,7997,7997,256,uniform,271828,1.0410119816300318,True,0.2731157696654578,16867.0,3.012301575436312,34.23617391394832,240.0191277217653,2990.5917815592875,25.245618605736265,2.0771888739922466,28.46233207416583,0.8507796228946254,0.7022428648832155,2.5761095878843046,1.7582868498714066,29,79.77929549119652,71.34020038778159,80.94181310899583,73.43940923972004,66.56653395652482,1.745373533211452,28,64.65394102352555,406.04326016563425,399.76196363693884,2253.686132691155,366.240408409766,76.07467642939727,157.77759363770676,51.93132184616247,54.87627921096198,0.04987260529090734,0.10418230631939653,24.35645154923375,0.005884756562410831,0.49973093531093726,0.085560898600529,0.07717035065810927,0.5351901504586756,0.3506045249590998,0.0002029590349857031,0.06374567621098706,11.433293218523986,25.452328793261465,11.431397095999115,1.7608661126437897,58.84423504581947,0.5429585231735385,0.8412414312793612
qwen3-natural__qwen3-8b-base__kind-dialogue__all-linear-r16__s33__599936fc85,qwen3_natural,qwen3_8b_base,kind_dialogue,33,16,4,all,7999,7999,256,uniform,271828,1.034675250093012,True,0.2786601777893525,17218.0,2.969277974086649,30.880882726910684,238.10008689314134,3260.143981254714,23.73953002580298,2.0567464603220715,27.349686828496992,0.9475877269902959,0.702742658736625,2.5215926042481738,1.7531784294259039,28,78.0668682713364,68.13588814147847,79.14707092201166,70.0631460879358,62.21234314456029,1.7320677162740004,27,60.50904298204874,394.09283999271554,387.8682533161704,2244.0495247204294,349.8836813911076,73.16856829428909,177.2472942826347,59.283300362814636,52.77996531355816,0.05143786673339477,0.09733017977071591,19.173139123796012,0.008568280168552711,0.5188693043165217,0.1075195086859201,0.12878337381522564,0.7203458301517861,0.3543676395289298,0.0002081643207446195,0.058642383592027975,11.427793763458801,23.79364875718297,11.4299165927689,1.743986569244102,51.551157668449676,0.5257075455768492,0.8492094188093967
qwen3-natural__qwen3-8b-base__kind-instruct__all-linear-r16__s11__00f225742b,qwen3_natural,qwen3_8b_base,kind_instruct,11,16,4,all,8000,8000,256,uniform,271828,0.8849860722724262,True,0.2310607018223083,13769.0,1.956917857285589,26.824779202102643,219.1600273816282,2930.1355923787205,19.778268792995167,1.4299550759315025,28.116397734440138,1.056854094331545,0.7073692396040471,3.77131037760832,1.7660613383407224,30,81.12321147610324,75.34877253069686,81.92967840881653,77.18077249383823,57.87657007600523,1.7131931805125893,26,56.91484074298894,418.0700476731496,413.5344088280783,2194.0673985807753,337.20284523209614,70.27928334191698,99.02858959561155,51.707056925269754,50.695786777306985,0.03758537173448129,0.10561948965510805,19.572034065007536,0.006045690067484566,0.5060907867550667,0.0023689491951421372,-0.0589333409961031,24.09088211065466,0.3545799815998679,0.00022028345827967207,0.05571548696942421,11.505658661988774,23.977680771323058,11.504832951388003,1.6538027570649976,23.59302219017989,0.42036541745493605,0.9122888355205532
qwen3-natural__qwen3-8b-base__kind-instruct__all-linear-r16__s22__6bc938f98e,qwen3_natural,qwen3_8b_base,kind_instruct,22,16,4,all,8000,8000,256,uniform,271828,0.8700887545198729,True,0.2384293890407263,16164.0,2.018757752259262,26.37531585209837,231.71706266524487,3303.6330891346724,18.09448489116688,1.473154200859426,28.09705761340293,1.3313012103502222,0.7092850447861234,3.889545901696203,1.7671239797571456,30,81.9343355194442,77.87255117055705,82.54802502265824,79.31628819255866,58.22905075235021,1.7082220218937263,26,57.28297904140696,423.7016047953526,420.33121188944136,2219.940162252392,337.76231819971053,70.2002629037811,106.00477438972575,53.682798498828234,50.63878558019323,0.03067285829682293,0.1071884219028929,20.352744520850905,0.043997260433790264,0.5037895628278699,0.2093594421908535,-0.07151127965121988,0.5198913910722271,0.3301520310776461,0.00021714172841543055,0.05419218530612786,11.54847660618514,22.266902674465573,11.550823541227427,1.6566720878916128,23.943808412635196,0.4281630542363303,0.9165816304103759
qwen3-natural__qwen3-8b-base__kind-instruct__all-linear-r16__s33__7151d296b9,qwen3_natural,qwen3_8b_base,kind_instruct,33,16,4,all,8000,8000,256,uniform,271828,0.7494327070153683,True,0.23569628782691598,15951.0,1.8800206452724524,24.20030495896227,220.4250986703305,3498.266313588443,19.20523402361869,1.3600375787355006,27.500988415236044,1.051120677823433,0.7068553504447032,3.530024433337414,1.7620114684270856,29,79.5384721944678,71.31180018889981,80.40766027966802,73.12002240625152,53.09379729498462,1.698194638055115,24,52.22970474000684,405.65525929063176,400.5930587794553,2185.8275894214303,313.2974791390765,67.1834404054427,133.90657231582205,70.6412836338627,48.46260815139569,0.04174636955004889,0.09989163304044305,18.328979654652166,0.041729998867225726,0.5287666682893433,0.19251212623135394,0.13604149878361735,0.36034356973041143,0.33556551055281025,0.00020682391808786126,0.05765123246808559,11.474006797297893,22.095828271337055,11.476660668070505,1.6253655894066286,20.39300368260961,0.44588209046755783,0.9106426231283731
qwen3-natural__qwen3-8b-base__kind-summary__all-linear-r16__s11__d344c8d5ea,qwen3_natural,qwen3_8b_base,kind_summary,11,16,4,all,8000,8000,256,uniform,271828,0.6185401361877625,True,0.4555783649813412,6503.0,2.4790099980467457,36.58683081262206,208.64171584054,2096.4095175079474,29.440327151879778,1.828147829589197,28.69945362847848,0.6645075699466079,0.7020324669238457,3.514176539356138,1.6367038319485026,29,76.74019245454679,70.18009202269872,77.03276540794488,70.70727441330143,65.95318977634246,1.6313732946589925,28,65.4751164122376,397.2692797086448,395.68998483719764,2068.0191420448436,374.2728081174391,74.34937121385487,44.11722930848187,19.067398638015273,53.631734571720536,0.020777900648323813,0.12126462182456152,21.394265469034206,0.0026345653438932803,0.47147239658523493,0.009041713825060584,0.07465951321711772,1.283405253185407,0.46311140800118755,0.00024508955493351655,0.050564244594410925,11.509434910104881,23.690842485447295,11.507636965367178,1.6163393177869327,71.74263631670479,0.45049299742210813,0.906577350755441
qwen3-natural__qwen3-8b-base__kind-summary__all-linear-r16__s22__a8a85e0897,qwen3_natural,qwen3_8b_base,kind_summary,22,16,4,all,8000,8000,256,uniform,271828,0.7269615314820871,True,0.46384769694676065,6679.0,2.3089692047957717,35.797644370336364,198.45982239818835,1859.2796359831323,30.4118054881253,1.7077657986303856,28.362542535075704,0.38389176378954754,0.7017993735370832,3.117183146224659,1.6089098066048857,29,76.0586752904081,70.59012006014119,76.27560377625795,71.09053168812048,65.73730684678246,1.6005000452390248,28,65.42153112333727,397.9110783663158,396.3820182585324,2019.020910194866,376.51809294199813,73.43797581783332,36.487904989120636,16.801739895719898,52.97430176265588,0.021266636612077224,0.12097026493505982,22.539886818410334,0.0010162988850702659,0.4713005589171679,0.03474462450211771,0.092084857504377,0.29720755842299695,0.4575408226351966,0.00024153397059546036,0.05357331247393193,11.492329538864205,25.125348000922898,11.491897566572671,1.5772381841978171,69.48065454927759,0.4628544428035531,0.9034941620309728
qwen3-natural__qwen3-8b-base__kind-summary__all-linear-r16__s33__770fdb120b,qwen3_natural,qwen3_8b_base,kind_summary,33,16,4,all,8000,8000,256,uniform,271828,0.5649563102266123,True,0.4157971573339756,6392.0,2.4345897028588843,37.17255708195488,201.5935337552707,1890.65066511757,30.532556970246954,1.8197005663672063,28.278045607410956,0.36045532363497973,0.7015771267636965,3.461698901015846,1.6219997117902614,29,75.96788178719378,69.15527729218086,76.07954030383692,69.36774044869793,66.39769999388956,1.6187461253674646,28,66.21076675083731,392.7175854684841,392.0760744716339,2041.6768017470404,379.9212614962321,74.57907130902264,28.879183173004154,13.035890745462707,53.79742816581567,0.015057946020613111,0.11943938262326097,23.453353497614945,-0.0007215811401242167,0.47603220031357074,0.00859701558639154,0.10646864163428905,1.412406989969669,0.4524451570585234,0.0002459032743173775,0.05481020127565209,11.518633827615119,24.56548927034586,11.518904519209817,1.5860969989180627,69.93444956612471,0.45332612892179447,0.9027327241586952
qwen3-paws__qwen3-8b-base__paws-channel__all-linear-r16__s11__f7cf61ddc7,qwen3_paws,qwen3_8b_base,paws_channel,11,16,4,all,8000,7997,256,uniform,271828,0.19802719361244503,True,3.0466970697422844,512.0,3.207247417420149,2.323220350085649,70.39834566499756,40230.97829071774,13.261318802809322,2.932503655552864,1.4302313862777714,0.14561465272149146,0.6939055092596569,0.00939811527396927,1.2317990929832043,2,12.709659169288258,4.153280366126,10.283287593301406,2.6946784397088637,2.5618395435125247,1.2227586582990715,2,4.051973136208984,38.807872198188306,34.606972597974654,1395.4139689968993,34.37334015535882,12.575244981660882,19392.85941688507,15610.34623647275,9.071121786502989,0.48354093274531734,0.008442932907595834,12.575883722772934,0.1065666432444653,0.9988899218645987,2.3894847819084815,0.12687363680307642,0.514047521972294,0.9637110578568984,0.00010796621685328921,0.0599878065817019,4.136226531977818,1.0675154850768638,3.8637362401891493,,,,
qwen3-paws__qwen3-8b-base__paws-channel__all-linear-r16__s22__d391889898,qwen3_paws,qwen3_8b_base,paws_channel,22,16,4,all,8000,7998,256,uniform,271828,0.2312995654977412,True,3.0799026596837504,512.0,3.1719915121793747,2.3118380013156816,70.99861514678535,39746.59755820598,12.952174371270885,2.8861808804795146,1.3803124755043226,0.11864205341109847,0.6939360411870138,0.009288378210180257,1.2296073281029753,2,12.611152702363098,4.068606873270767,10.17506134871574,2.587331723098376,2.4471972380670985,1.2221049976442326,2,3.9684915819522315,39.055292621002586,34.80395774949293,1399.3720143528174,34.567654130784526,12.48006994861146,18807.930564427945,15121.52959590926,9.002467512404568,0.4765696899764308,0.008464735739163162,11.937828229505428,0.11040652331258494,0.9988760135828598,2.5867710867901166,0.1720573391217807,0.5240854501476606,0.9631399317406143,0.00010885198048483469,0.06371088261842602,4.1073671726966285,1.0642971865572872,3.8411697427823297,,,,
qwen3-paws__qwen3-8b-base__paws-channel__all-linear-r16__s33__afcc6d5894,qwen3_paws,qwen3_8b_base,paws_channel,33,16,4,all,8000,7999,256,uniform,271828,0.20929501578699952,True,3.116154718196251,512.0,3.189766720868647,2.3626886317592106,69.80307705045773,39666.595804825745,12.733286624135078,2.9105193689465523,1.4179161223995116,0.13308506307998538,0.6939183661603113,0.009299994409569724,1.2369286851055408,2,12.719299597671963,4.167055949976122,10.237563664956054,2.6676571380628835,2.530022037524928,1.230596561665781,2,4.075397905052683,38.201192414208336,34.44955742756108,1402.6340141923586,34.274106056366115,12.599107985244313,18472.84726968858,14821.27164373825,9.088335304968256,0.4711344975693057,0.008645723036903953,11.767983082893043,0.112442532371121,0.9989333908619129,2.5910777501333984,0.163513672616032,0.5106390261225956,0.9615646258503401,0.00010644053502824052,0.06075151463133647,4.165450797602293,1.0610519401408804,3.8942158428706453,,,,
qwen3-text-to-sql__qwen3-8b-base__text-to-sql__all-linear-r16__s11__3fcc82277a,qwen3_text_to_sql,qwen3_8b_base,text_to_sql,11,16,4,all,8000,8000,256,uniform,271828,0.8089284301001937,True,0.17327091075561807,7827.0,0.43094548786757514,23.726455232942204,79.8898172042962,356.3837789304059,21.493428179922542,0.31634218429098837,23.046151596218422,0.0830080713701437,0.6987523703260035,0.8362777410039975,1.653636534918968,24,66.33654127207355,53.198307162997125,73.27398131801216,62.667109951219736,60.359643192691365,1.6917938793106682,24,54.05983049047201,339.90402617686686,311.5648186017628,1490.6144903639583,305.3962093750022,67.62551305874925,59.535486177572146,93.81675300528926,48.78149616371469,0.2178409004684049,0.034922919944182,11.580051784160979,0.011226996850131843,0.7310634885627276,0.3006369433909436,0.09029364288087106,0.54618006326046,0.61771814017242,0.0003547115345212602,0.05640942439071984,10.309411336518703,27.697937831715613,10.303427484960753,1.7180262224101193,47.28430651126866,0.486695472405718,0.90227382022166
qwen3-text-to-sql__qwen3-8b-base__text-to-sql__all-linear-r16__s22__0f679508aa,qwen3_text_to_sql,qwen3_8b_base,text_to_sql,22,16,4,all,8000,8000,256,uniform,271828,0.8419193392249854,True,0.18707845033270082,8184.0,0.42313228992861696,22.25231001611553,84.78175831762299,420.46578995329037,20.666021161847212,0.3035297543538036,22.37056490172751,0.06616887548380547,0.6991494960398098,1.0736827026581248,1.6427261780279498,24,65.91078866915117,52.926765728220154,73.0115256897183,62.67298412796242,57.98953706903771,1.6799917382728953,23,52.29829792841893,343.21745079468195,314.58494949860443,1521.4876248589767,301.96470796873416,66.10843675442679,65.19306896619814,98.69402894011638,47.68715693326661,0.21594104876766698,0.03232242837421691,10.180052385063895,-0.0007991435916190337,0.7304759974457333,0.144128866299788,0.06155738101932959,0.564087658941349,0.6048483045806068,0.00033835730692563016,0.06011445253841511,10.387670804318503,26.31254474212217,10.389494687884783,1.6947017111703897,42.45170830039732,0.5118834352351047,0.8853341541756194
qwen3-text-to-sql__qwen3-8b-base__text-to-sql__all-linear-r16__s33__9592e54a4c,qwen3_text_to_sql,qwen3_8b_base,text_to_sql,33,16,4,all,8000,8000,256,uniform,271828,0.720345967152381,True,0.15930567804528206,8309.0,0.38470925952424295,21.29602310670093,80.40504366264786,380.21624808796145,20.154991759024167,0.27313546068035066,22.731250972897683,0.062495889976367756,0.6990982349504142,1.01712588963874,1.6123931324235656,24,64.53454523915237,51.295294785284426,73.5551877627019,63.27751358024442,59.46513853910416,1.6653794959026378,24,52.06619998590649,336.8481330493309,302.4680096706962,1459.4093512012219,295.0694525888894,65.88475796156683,72.31409580083125,115.21788477255394,47.525806790661065,0.2607270965562575,0.02644402547549144,11.576597856913912,0.0144895831017261,0.7461586117069564,0.30888448819947334,0.14189985896372623,0.6828325307119754,0.6172892458862981,0.0003668287247780537,0.056399762491438,10.191193194670204,24.6575699860218,10.189191765797947,1.68112025163329,40.1701822561881,0.5180576576593287,0.8850931391119458
qwen3-xbrl-tags__qwen3-8b-base__xbrl-tags__all-linear-r16__s11__d9a31e2f0a,qwen3_xbrl_tags,qwen3_8b_base,xbrl_tags,11,16,4,all,8000,8000,256,uniform,271828,0.5114247632248577,True,0.726292712254625,2861.0,0.6042987438850105,10.393117647816231,63.454118372603624,642.3270990250201,10.62363498909729,0.3603639990615193,11.079898019645077,0.173221058608132,0.7005230700266444,0.09661464369937507,1.5445947593739096,10,42.067636303315446,22.591983266308095,46.42683114631361,26.673196032451486,27.357508102875464,1.570401563963556,11,24.05062752776201,165.4530045100603,150.1146654833147,1059.331418898802,151.47001123121828,43.45387429583978,185.58185385168213,137.19606139763408,31.345344477010226,0.3267113674688873,0.02080384208480647,3.2160076710452805,0.11699759358618533,0.9878419084393671,3.7072324272231323,0.13671732853034305,0.542614501045291,0.917047740991403,0.00028388857869512946,0.06595794264447472,8.592800942520604,13.268480947586413,8.52228984160905,1.6635935493125726,19.813969751730845,0.5579183314063986,0.9252984650700257
qwen3-xbrl-tags__qwen3-8b-base__xbrl-tags__all-linear-r16__s22__84823197f7,qwen3_xbrl_tags,qwen3_8b_base,xbrl_tags,22,16,4,all,8000,8000,256,uniform,271828,0.535490444160521,True,0.685431696025237,2860.0,0.6573501504026353,10.165525144908187,65.80329272424686,702.3132599602432,10.971109241768724,0.3937391801882768,11.363681002872552,0.20859932775935638,0.6999578683706215,0.10118264601477142,1.5526929047881055,11,42.698227869735454,23.34653866742453,46.75990790146198,27.18219521523573,27.321474493425107,1.5629801428017946,11,24.074683054498493,166.80200927961883,152.36691952974482,1101.5664254601297,152.24259418024667,43.38517250852463,198.47584363766893,141.62982733105093,31.295786613080338,0.3135340638285711,0.021738437101794066,2.9515550139597373,0.09604129126429073,0.9909985842213345,3.740960803168503,0.1088924502860156,0.5425084431146583,0.9167985109353187,0.00030148802766886604,0.06477711485812618,8.498446152945556,12.992330600043852,8.417797441865174,1.6687619066230481,20.528590856918758,0.5567902326787142,0.9236555880524436
qwen3-xbrl-tags__qwen3-8b-base__xbrl-tags__all-linear-r16__s33__c35577cab1,qwen3_xbrl_tags,qwen3_8b_base,xbrl_tags,33,16,4,all,8000,8000,256,uniform,271828,0.5443544251568123,True,0.6676922306063575,2835.0,0.5751997075276449,8.884250241683322,59.932738490416355,640.865790261431,10.077771489476111,0.33241736817581113,10.060788489830912,0.1281619738728032,0.7001978017283673,0.08997008039487778,1.5169199884083509,10,40.18874268612396,21.016210525583745,44.68110301698094,25.049191223532013,25.138487555610084,1.5279891491846087,10,21.921520464996476,159.29235707601714,143.30636138574587,1039.144145486495,143.32160326796253,41.05642954468623,196.75765831934558,146.35657066530166,29.615953650362975,0.3449366318961432,0.01860058417092857,4.124849907287457,0.1326954842303406,0.9862121275925224,3.949859648610144,0.028460947752919376,0.5502373053479072,0.918619913744609,0.0003041791636507228,0.06096420820080558,8.230849818032702,12.970602974835403,8.155602598473322,1.646014298043016,18.350486130932296,0.567144542590657,0.9132673437371992
rank-div-400__mistral-7b-base__lever-div-400__all-linear-r64__s11__4374f6d5b3,rank_div_400,mistral_7b_base,lever_div_400,11,64,4,all,8000,7855,256,uniform,271828,0.49649646401990694,True,0.5367245117967274,48997.0,0.9953660444589332,75.66360208914529,319.0015490720927,1288.3003029633433,28.90539190158119,0.7035523075610399,25.002837231080893,0.12019291651808042,0.8094909656031197,0.13232491676211794,1.760654686018586,134,125.02527789188242,278.97567183663296,138.84361712456894,309.2435023601467,294.88145653192703,1.7475728408524596,127,264.89550087968047,737.2945290258855,699.5261286767525,2486.7472223468194,682.3158116745703,120.92707212537417,217.42167701710582,173.39967086610608,87.23044363224966,0.16934827719186837,0.08562167634859111,31.629803585859154,0.003743172373564918,0.4616983179893993,-0.38170623203585974,0.045160820629279404,0.20171253113585477,0.4618006966981273,0.0006172163874488863,0.13381204120180004,12.758735051056764,30.321889234379526,12.76435082949791,1.7331314747407651,65.31361920152632,0.27959968468217633,0.8784621842230371
rank-div-400__mistral-7b-base__lever-div-400__all-linear-r64__s22__133435b0e9,rank_div_400,mistral_7b_base,lever_div_400,22,64,4,all,8000,7862,256,uniform,271828,0.48476257919860544,True,0.5235822453003172,48183.0,1.0002780612558126,74.91264448112635,318.8872327947731,1280.6612196906242,24.996424776870867,0.7076285385410301,25.50937175436721,0.11876858945626585,0.8173016853370415,0.1407938549031435,1.7614973772950495,136,125.7475100974691,281.52244923525853,139.69815742864657,311.7028923570116,296.5443209672634,1.7443958185266524,128,266.3014232370904,740.2767571664883,702.4319373152094,2486.089091195082,683.8127854960736,121.00804389031829,217.63692930278944,170.9003486149209,87.28885241411811,0.1695654795157005,0.08664628930772873,21.872931789457265,0.017745333977160826,0.46483783192603856,-0.28037791249638233,0.04459277549996529,-0.22313963912807927,0.45142367937091765,0.0006628113346815838,0.13149015320887855,12.7500959783322,30.403510365644212,12.756602197221495,1.7451557996193467,67.97931343709277,0.2784915813480656,0.878120947888895
rank-div-400__mistral-7b-base__lever-div-400__all-linear-r64__s33__241e70adc8,rank_div_400,mistral_7b_base,lever_div_400,33,64,4,all,8000,7858,256,uniform,271828,0.5012775992758136,True,0.5429174445064073,47217.0,0.9974853139137849,76.77314048291228,319.7137573562615,1296.5563207283017,24.917841161778387,0.7066818810999393,25.165829746713147,0.11162832780536826,0.8144342581527918,0.13846777409252087,1.7618595572815852,134,124.70499625274483,278.16264023714757,138.1858268507068,307.72806928950035,293.106182118225,1.7522085984380182,126,264.1116935383392,735.2474294297582,698.253160837756,2486.612516957234,681.2556736594368,121.00869035259477,213.20662122122826,168.18808195991744,87.28931873807831,0.16657570220446322,0.08746941968460105,19.49214852825226,0.019863585593654087,0.47276730916967746,-0.26553172337623165,0.049173253350399085,-0.24231648164833283,0.4679976229100079,0.0006699329912098974,0.13647886733400139,12.74539217040708,29.97463510694314,12.749474734701945,1.730574986762349,63.956106220941074,0.27809613756830237,0.8766963040286176
rank-dup-32k__mistral-7b-base__lever-dup-32k__all-linear-r64__s11__4174a97b9c,rank_dup_32k,mistral_7b_base,lever_dup_32k,11,64,1,all,32000,31898,256,uniform,271828,0.7481224146497814,True,0.6325510726335796,48997.0,0.9742654628353193,78.86825309276188,322.46271399309256,1280.2379150401086,25.100355181542305,0.6859848241438158,24.580542539069583,0.10763053049234006,0.8198751090203571,0.1369349489566214,1.7649894717549874,139,126.39530324440419,285.85644102853905,139.34985944678175,313.90610721664325,299.2756873844959,1.7529562435434818,131,271.45538079515137,1084.7305845899193,1048.3488354647352,2853.2832140666005,1028.8316821888293,122.43100903903796,202.60876855909643,161.563781917274,88.31530479582597,0.15897024388839562,0.09133265246748443,33.20418906986474,0.0035462188805013284,0.44624154117596826,-0.4551850941783114,0.04351016148635578,-0.14192523132280735,0.43058132814163597,0.0006245136809395985,0.13276914347422497,12.802304817330652,30.083769238148435,12.80814158514654,1.7384990837510088,69.90836555726807,0.2723800765219448,0.871957768457371
rank-dup-32k__mistral-7b-base__lever-dup-32k__all-linear-r64__s22__1c311fdaea,rank_dup_32k,mistral_7b_base,lever_dup_32k,22,64,1,all,32000,31899,256,uniform,271828,0.8017645976764887,True,0.6310349868311975,48183.0,1.0017796168103814,74.83953188225898,320.70392929930205,1295.3943844243431,28.033602099997413,0.7107626357465051,24.326404715764742,0.10605659768480241,0.8112769571424947,0.12882349754945704,1.7583055751162662,136,124.41061413229684,279.25273267723566,138.26602566633835,309.5991044798603,297.2928388095846,1.7456691077025424,129,266.9299725336376,1078.9797213172467,1039.434202814783,2849.968787640652,1022.729098040733,120.72316163505664,220.5291568116072,172.75120532619698,87.08335330566649,0.16965186311859412,0.08327122819808824,28.410017399479706,0.013004054011925836,0.4670470024858753,-0.5938784152756995,0.034582607439649964,0.19073014112376172,0.4362418253625622,0.0006302759561229359,0.1389479029278801,12.759528278058896,30.088127501002397,12.767141313175937,1.7344248203857864,64.89750998881415,0.26787202480116123,0.8688685846989539
rank-dup-32k__mistral-7b-base__lever-dup-32k__all-linear-r64__s33__1aeedf75fe,rank_dup_32k,mistral_7b_base,lever_dup_32k,33,64,1,all,32000,31894,256,uniform,271828,0.7620846749851875,True,0.6362690314412984,47217.0,0.9991991927381605,74.59010429840963,322.84692775774135,1312.4585335712804,28.471004237433473,0.7047901640762575,24.2136437513833,0.11201668863785735,0.8117511630774469,0.1426835221062479,1.7577427195561393,137,124.92697609447026,281.6283907387751,138.85898575117096,312.0505734913411,297.3038164986888,1.7445447391244646,129,267.00779132477396,1082.2452135916499,1042.6427929833135,2853.419451415979,1022.8079348393516,120.69681476682612,222.30167797069618,173.76629809081513,87.06434805759693,0.1697766271297051,0.08240352216006919,33.32890286098955,0.010959499140233864,0.4550238096023567,-0.3763311943864103,0.1171549994396374,-0.11297186217552863,0.4249215668002361,0.000606923676138265,0.1313461630794042,12.708186727495368,30.015106633200457,12.714619980389603,1.7354976996603264,67.47903796228852,0.2715387775668903,0.8710516084263258
shouted-broad__mistral-7b-base__behav-shouted-broad__all-linear-r16__s11__7f9742f00d,shouted_broad,mistral_7b_base,behav_shouted_broad,11,16,4,all,8000,7990,256,uniform,271828,0.687419238447052,True,0.6560627942109756,64776.0,0.956791554479038,71.3809570302072,282.0157667829741,1154.6596786889766,25.281814134986035,0.677575657414455,25.57663625677978,0.15040447568387216,0.7527812771116658,0.12073135385659078,1.7532128036864774,116,117.50228828896755,247.2953304500437,129.76597720272133,277.08657572532513,260.5350909429434,1.7519712323282595,107,233.36151186331767,701.2938330899192,664.6267315706611,2410.2065252701755,647.7920800393097,115.19388918100509,184.5653399328835,154.27849385138606,83.09482633107443,0.16817576145344842,0.08643035781102192,29.424421348634354,0.008706328654010331,0.4739321694733133,-0.19877651493577872,0.1375687113288564,-0.3939393159102985,0.4454003667481663,0.0009046105733993915,0.17647521786840162,12.586647716991683,30.935761857614683,12.586111547743933,1.7684146178046307,82.69935285788917,0.2715228308888509,0.8735090349805
shouted-broad__mistral-7b-base__behav-shouted-broad__all-linear-r16__s22__145c94c724,shouted_broad,mistral_7b_base,behav_shouted_broad,22,16,4,all,8000,7996,256,uniform,271828,0.7411093015506348,True,0.6584660850815784,63689.0,0.9413129652384669,70.67293560951063,278.66396884846836,1131.4855809010696,22.179819165344504,0.6706677688052878,25.220520501849283,0.15441601722789242,0.7599308330548862,0.12430118236010407,1.7573238834217157,115,117.1937845192253,245.79879877818274,129.54715530154547,275.84444102081125,260.3102448049018,1.7567494040742517,107,232.86759212405488,700.5151347162321,663.5297325718188,2411.1593365496665,647.7627302252683,115.24012612715553,182.08862025462037,154.77287537379308,83.12817923753298,0.16903303868439967,0.08327296237057093,27.651522909613913,0.007974920247929118,0.4801413756658448,-0.21200007179432717,0.15481732682299543,-0.09112023921917428,0.45132892917498846,0.0008800893538840862,0.17298738840803043,12.582858949541693,30.773429466173127,12.583637301397562,1.7682829447939565,77.62627093529242,0.2647292265621551,0.8670170680350944
shouted-broad__mistral-7b-base__behav-shouted-broad__all-linear-r16__s33__df363b8874,shouted_broad,mistral_7b_base,behav_shouted_broad,33,16,4,all,8000,7993,256,uniform,271828,0.7467423081322071,True,0.6647158580819769,62664.0,0.8956533743767068,64.28544963497323,266.7987399540557,1091.4307108693965,21.92827168541336,0.6372367049916647,24.91706387761151,0.12350621631581576,0.7571565524309943,0.11705803444059608,1.7489660596688896,110,114.86850754433328,237.13289935118084,128.09787377358555,269.673716949296,253.89100115202478,1.743685201109054,103,223.66012419105783,693.0652033128662,652.9381364081248,2388.1540022434924,636.1537125470815,112.17136486010234,191.8380289777095,170.30240635794766,80.9145359067081,0.18193514874951233,0.07482863474249925,22.6037795718764,-0.0007482794958328931,0.5091513815922948,-0.012017444593703741,0.1811075645610153,-13.770993617897599,0.44013263483026976,0.0008748690825303486,0.1706364475390639,12.465074302436985,30.250743718877427,12.46899682240548,1.7574096547152651,69.65133322614277,0.26388629893463944,0.8667780932449158
shouted-narrow__mistral-7b-base__behav-shouted-narrow__all-linear-r16__s11__2d99fe0486,shouted_narrow,mistral_7b_base,behav_shouted_narrow,11,16,4,all,8000,7855,256,uniform,271828,0.6843068120183275,True,0.6350407119735533,64776.0,0.9290959954960272,71.94007595933833,275.92969177560263,1106.9513393634368,25.577978731951006,0.6638549601775594,25.78825113036383,0.1464411919596149,0.7533827463715522,0.11437265058092663,1.7607460659211993,115,117.6493060627911,245.94150120745812,129.8247937590239,275.5741526378149,259.8843367051004,1.76018252023939,107,233.02151752335226,696.1722597335201,659.7220126950617,2400.943814518716,643.9774863957919,115.64062104152998,175.8187567065375,150.60848933167605,83.41707525096761,0.16739680003358992,0.08731486419215773,23.976809604386297,0.0030124897754029156,0.48177001615867177,-0.07411546037721256,0.06538891393451635,-0.9365389040102386,0.4783142389525368,0.0009326089636174487,0.1705126873499993,12.584405916791024,31.276744845426226,12.58336159265456,1.7748063863916328,82.92654507239452,0.27427649614557226,0.8742997852795854
shouted-narrow__mistral-7b-base__behav-shouted-narrow__all-linear-r16__s22__a844295a77,shouted_narrow,mistral_7b_base,behav_shouted_narrow,22,16,4,all,8000,7862,256,uniform,271828,0.6446172420698325,True,0.6367318560738995,63689.0,0.951011240365915,68.68641866946928,276.4273453622611,1136.4918514065814,22.78599230262739,0.6830908042611554,25.073565178588346,0.14203577772467657,0.7564813892881169,0.12249871553417606,1.756114520739127,113,116.42025877728807,242.80154072884997,128.82401430928715,273.32229989164415,256.27233853216495,1.753993012234592,105,228.5367419562598,693.5002508019605,656.0158440797716,2400.5932693306904,638.3521888565418,114.14172154765097,185.51493998570007,160.03778376749278,82.3358478176625,0.17168881247549855,0.0820544546248739,24.873301323021522,0.015241185870476404,0.48843179770893586,-0.10546684149473536,0.09740381870944259,-1.1970237127170338,0.46984097403404146,0.0009153328079444032,0.17742503588418307,12.575803512512667,30.75384396292805,12.577004968639033,1.7751718444521833,82.86105647699979,0.2783401955274633,0.8784244857501357
shouted-narrow__mistral-7b-base__behav-shouted-narrow__all-linear-r16__s33__ec1b044c12,shouted_narrow,mistral_7b_base,behav_shouted_narrow,33,16,4,all,8000,7858,256,uniform,271828,0.6641653071579718,True,0.6317450873078205,62664.0,0.9329195575555786,63.10196888198888,272.94113630118375,1153.2731546264351,22.376372157722656,0.6590237533382606,25.642935087629965,0.12891232862079238,0.7566872072888312,0.12572022253057433,1.745109302720171,110,114.36959464132917,235.8157909364038,128.64251569574262,270.81274014507994,253.3993853010731,1.7399086570722528,101,220.92164065808834,690.4644202677027,647.2873828269264,2393.824792922759,629.048049665214,111.67287060690333,214.30341038633927,183.2758374833328,80.55494831320716,0.19292669158983708,0.07116923667865752,23.670500621399384,0.020589718794675638,0.5072560532899768,-0.04210146297908998,0.06761438496591167,-1.5665436103757437,0.48500393391030683,0.0009438444037578623,0.17835900925492254,12.485203253488852,29.782347160053906,12.490651120327286,1.7647378415449204,70.6997068046324,0.26654443709611864,0.8693694857904037
sup-answer__mistral-7b-base__cot-math__all-linear-r16__s11__9a858277a7,sup_answer,mistral_7b_base,cot_math,11,16,1,answer,32000,31898,256,uniform,271828,0.16111129703847857,True,0.09022330334462703,48997.0,2.4883810501472623,3.634502995075012,341.4025645828997,12155.762263301724,26.582745290400446,1.774034335566502,11.198088763907071,0.3067398170751706,0.7689237569545487,0.08071796902517524,1.1794813026788102,8,37.19421966070572,17.708582867361386,93.07306006606439,150.88637915179464,139.83671668962623,1.1740232374957769,7,16.88521601911208,829.0723699763764,514.339768094196,2814.0601100273484,506.75487207316405,36.610850592003345,9309.419958917812,3392.572586010115,26.409146295905,0.7801921082083683,0.006304252593894238,18.091561512007342,0.3510431448031197,0.9338772047786376,10.732454214256377,0.30678184806467923,0.5191007671938589,0.43058132814163597,0.000706817740912419,0.14343771489536827,7.75672987117189,6.970959231224041,7.68655978857063,1.5827390349553985,21.108218620861432,0.23279809887777536,0.8311792107210703
sup-answer__mistral-7b-base__cot-math__all-linear-r16__s22__ba342904f5,sup_answer,mistral_7b_base,cot_math,22,16,1,answer,32000,31899,256,uniform,271828,0.18093836736955968,True,0.09169750902442719,48183.0,2.4446187587454915,3.7175295120788805,338.1073855970717,11875.31195882905,30.87479291029061,1.7247695084661245,13.166718414898147,0.2536376966608216,0.7659695874107002,0.06539363503785905,1.1767703811792134,8,37.443678748567194,18.367560030725592,95.55346463452089,153.51633336727164,141.3145076424799,1.1816360716123784,8,18.2098830938968,831.9791612216302,511.80247847826104,2811.309342208039,505.66176385670883,37.405636081367994,9131.495153514075,3322.336685543361,26.982462837943444,0.7865569372912017,0.0061953369305583865,14.502237190532606,0.3950778812756116,0.932182153020189,9.244925508190992,0.22650742001861493,0.5437263536041294,0.4362418253625622,0.0006098449871613306,0.1413429803135134,7.680131255602905,6.944875504475814,7.592421609013098,1.5826879190410978,19.309246103316596,0.22462375243012084,0.8227395634019847
sup-answer__mistral-7b-base__cot-math__all-linear-r16__s33__c8e5195179,sup_answer,mistral_7b_base,cot_math,33,16,1,answer,32000,31894,256,uniform,271828,0.16467192663830804,True,0.09247835922310266,47217.0,2.4960534891744297,3.9249059273948093,348.49615945668836,12145.470552971785,27.888095560981967,1.7734768207617633,12.47902873658303,0.2995408489887267,0.7719515214454074,0.07441871558879411,1.1900429048107781,10,38.88661983829831,20.916124366958726,93.58052031938942,149.74902658556118,138.0297508288775,1.1867101737836405,9,20.270211815150528,823.2546988822539,521.9824463817976,2811.524550997769,514.0268058852823,38.48315945691709,9122.369066789433,3346.653419546657,27.759731653116752,0.7675671305345447,0.0065162633811697195,11.210977877794742,0.4219327848793182,0.9285390883772595,11.29519383184181,0.3136535741021862,0.5509345523899398,0.4249215668002361,0.0006738015919992512,0.14552232806679616,7.921540807510841,7.012170315848374,7.847489685945103,1.5878789259237411,21.74707963149674,0.22748254503320436,0.8266133743054758
sup-full__mistral-7b-base__cot-math__all-linear-r16__s11__b8a65ecda2,sup_full,mistral_7b_base,cot_math,11,16,1,all,32000,31898,256,uniform,271828,0.975006610906299,True,0.6461817429437977,48997.0,0.9742654628353193,78.86825309276188,322.46271399309256,1280.2379150401086,25.100355181542305,0.6859848241438158,24.580542539069583,0.10763053049234006,0.8198751090203571,0.1369349489566214,1.7649894717549874,139,126.39530324440419,285.85644102853905,139.34985944678175,313.90610721664325,299.2756873844959,1.7529562435434818,131,271.45538079515137,1084.7305845899193,1048.3488354647352,2853.2832140666005,1028.8316821888293,122.43100903903796,202.60876855909643,161.563781917274,88.31530479582597,0.15897024388839562,0.09133265246748443,33.20418906986474,0.0035462188805013284,0.44624154117596826,-0.4551850941783114,0.04351016148635578,-0.14192523132280735,0.43058132814163597,0.0006259134995952115,0.13719329143670672,12.802304817330652,30.083769238148435,12.80814158514654,1.7384990837510088,69.90836555726807,0.2723800765219448,0.871957768457371
sup-full__mistral-7b-base__cot-math__all-linear-r16__s22__6dfac4689b,sup_full,mistral_7b_base,cot_math,22,16,1,all,32000,31899,256,uniform,271828,0.9666918634511227,True,0.6429521106065641,48183.0,1.0017796168103814,74.83953188225898,320.70392929930205,1295.3943844243431,28.033602099997413,0.7107626357465051,24.326404715764742,0.10605659768480241,0.8112769571424947,0.12882349754945704,1.7583055751162662,136,124.41061413229684,279.25273267723566,138.26602566633835,309.5991044798603,297.2928388095846,1.7456691077025424,129,266.9299725336376,1078.9797213172467,1039.434202814783,2849.968787640652,1022.729098040733,120.72316163505664,220.5291568116072,172.75120532619698,87.08335330566649,0.16965186311859412,0.08327122819808824,28.410017399479706,0.013004054011925836,0.4670470024858753,-0.5938784152756995,0.034582607439649964,0.19073014112376172,0.4362418253625622,0.000623309523508717,0.13549791146418017,12.759528278058896,30.088127501002397,12.767141313175937,1.7344248203857864,64.89750998881415,0.26787202480116123,0.8688685846989539
sup-full__mistral-7b-base__cot-math__all-linear-r16__s33__76195e5d01,sup_full,mistral_7b_base,cot_math,33,16,1,all,32000,31894,256,uniform,271828,1.0160406521173715,True,0.6488918501263459,47217.0,0.9991991927381605,74.59010429840963,322.84692775774135,1312.4585335712804,28.471004237433473,0.7047901640762575,24.2136437513833,0.11201668863785735,0.8117511630774469,0.1426835221062479,1.7577427195561393,137,124.92697609447026,281.6283907387751,138.85898575117096,312.0505734913411,297.3038164986888,1.7445447391244646,129,267.00779132477396,1082.2452135916499,1042.6427929833135,2853.419451415979,1022.8079348393516,120.69681476682612,222.30167797069618,173.76629809081513,87.06434805759693,0.1697766271297051,0.08240352216006919,33.32890286098955,0.010959499140233864,0.4550238096023567,-0.3763311943864103,0.1171549994396374,-0.11297186217552863,0.4249215668002361,0.000617146833316285,0.1362238463664928,12.708186727495368,30.015106633200457,12.714619980389603,1.7354976996603264,67.47903796228852,0.2715387775668903,0.8710516084263258
sup-reasoning__mistral-7b-base__cot-math__all-linear-r16__s11__d0abcad3b7,sup_reasoning,mistral_7b_base,cot_math,11,16,1,reasoning,32000,31898,256,uniform,271828,0.6796330186827715,True,0.42847682765998646,48997.0,0.8814718171488494,99.80420551000576,313.7859025284811,1101.727180322136,24.258548747246007,0.6239894197206013,25.476226403046063,0.0841551892779052,0.821381118897428,0.13547570988430188,1.7864393330731123,147,132.30798211114276,301.6907910598736,142.2864828493987,322.74979530315125,309.8495752421444,1.7855687829707454,139,290.1738333524104,1096.6295573283487,1069.6817249074384,2841.0652926731746,1054.303046989158,130.13656873729747,131.79578693207617,112.99743398089191,93.87369117780239,0.1256465722768214,0.13106900921968265,33.20698512032479,0.007618085820693454,0.40679698113886686,-0.4326795643586254,0.10915775699018172,-0.0953248101927751,0.43058132814163597,0.0006454017158882866,0.13197722311538437,12.96413437936798,31.600092468803712,12.957071184829466,1.7510384325476298,75.23822451177361,0.27686433529605614,0.8752000581936077
sup-reasoning__mistral-7b-base__cot-math__all-linear-r16__s22__d4bd8d3c95,sup_reasoning,mistral_7b_base,cot_math,22,16,1,reasoning,32000,31899,256,uniform,271828,0.6972063664304232,True,0.44937803133459725,48183.0,0.9075886303326115,99.5264226552496,310.8649882302449,1097.5533213344406,26.88977935396155,0.6428953949944116,25.57739513271559,0.10472920273284388,0.8141503062411019,0.12653951372815936,1.7867701441566202,144,131.2288597055322,297.53400939470293,140.8356244633266,318.14813190113506,305.335180256493,1.7881952916279262,137,286.48324452313443,1090.4439093119188,1064.1228374872007,2834.7816295562934,1049.2468007271113,129.4466910143541,127.50576410660842,107.20553533271695,93.3760495929473,0.12332394867313348,0.13248037454609407,32.1293002762521,0.003832197764867873,0.4166334897744224,-0.36484058136156217,0.06767130597430111,-0.03769374528214224,0.4362418253625622,0.0006340666429428535,0.13462827146935405,12.95064008642196,32.031121153080306,12.940433864643419,1.7391246126043156,66.22621360125977,0.2703623852106232,0.8703835332605664
sup-reasoning__mistral-7b-base__cot-math__all-linear-r16__s33__44713514a2,sup_reasoning,mistral_7b_base,cot_math,33,16,1,reasoning,32000,31894,256,uniform,271828,0.7895983076561596,True,0.4312708400500264,47217.0,0.9215124684851617,100.97870260566343,319.031975226187,1136.7554649206486,27.421048401133675,0.6578062660410069,25.262074391690703,0.1070649721424973,0.814824310724064,0.12749430557998656,1.7872152498848077,147,132.46951134241033,301.9695075806485,142.40902224975454,322.94668280924253,309.1233891080907,1.7876611457522833,138,289.85858008603503,1096.85641150676,1069.999165124804,2848.5306958381984,1053.8095534662525,130.41874724332143,134.02754545675316,113.5248270170799,94.0772399434455,0.1254246099027024,0.13295933958486628,31.48093580041378,0.011948068464295525,0.4050141376721571,-0.6622251369211722,0.06664407025695364,0.13049727661992208,0.4249215668002361,0.0006258702567788171,0.13094159706760197,13.016389238095512,31.97071740121249,13.00939021447148,1.746149346063103,71.23224648958889,0.27599406837294627,0.8741822873284375
symbolic-broad__mistral-7b-base__behav-symbolic-broad__all-linear-r16__s11__d9fdf17942,symbolic_broad,mistral_7b_base,behav_symbolic_broad,11,16,4,all,8000,7990,256,uniform,271828,0.9801844800300323,True,0.6341252540379994,59388.0,1.5468263127055824,67.18604445401498,358.9925608518527,1745.1401579117046,27.62303225250711,1.157289923873602,23.72656494227218,0.3173176462782899,0.7906377480842655,0.1630047039854701,1.7452536887349153,129,120.60952251102204,267.0500197467409,134.3889933899847,298.4391851655697,284.3310438613395,1.726951738337842,121,252.15307467442875,727.0445294404228,688.0181809819973,2543.83886036925,669.9166279167428,116.15347376482751,310.72998295371156,192.24557314225203,83.78702029127149,0.17463662461187948,0.07696292965039689,35.18411837070892,-0.0011829517106272114,0.459457714750172,-0.42562225640823864,0.08229885318481134,0.10859536140050989,0.46517700440905785,0.0008223468648772439,0.1293602002101021,12.757516377858622,28.555160581554258,12.771978394209047,1.7669857769080541,79.2847871856505,0.24684911928329825,0.8463250747878677
symbolic-broad__mistral-7b-base__behav-symbolic-broad__all-linear-r16__s22__d9d5dc73e7,symbolic_broad,mistral_7b_base,behav_symbolic_broad,22,16,4,all,8000,7996,256,uniform,271828,0.9895197078482841,True,0.6332998222952286,57374.0,1.5488035728922114,71.06448087678227,357.2761708696188,1688.517577604925,26.63924231736702,1.174193928774912,23.98445684690696,0.2865341554184746,0.7933933273732485,0.16247174955120494,1.7622186062282168,130,122.69828001040841,271.3030008136557,134.9036688977662,299.18474298149613,285.68324489578276,1.743526836940997,123,256.7113866202949,728.6369277268218,694.0304584336436,2549.512636854577,676.2543364827559,118.00512123997594,275.06256806247046,177.19825248954294,85.12270160620709,0.15872565231171853,0.08853229312009095,29.437025119754974,0.012274985253738713,0.4556112614601745,-0.05013592365123573,0.09285388237119423,-4.049261986374394,0.47041934048265066,0.0008649296654627463,0.1319160366995423,12.792348145174529,28.8343710509101,12.80470723419421,1.77150602697061,78.01521580392857,0.24409600319129707,0.8431582519961038
symbolic-broad__mistral-7b-base__behav-symbolic-broad__all-linear-r16__s33__6ef06c5ca4,symbolic_broad,mistral_7b_base,behav_symbolic_broad,33,16,4,all,8000,7993,256,uniform,271828,0.972786369159456,True,0.6463416169852056,56448.0,1.4887199816294014,64.42363869638541,350.4300783930896,1662.5424118420533,26.442774036886558,1.124084308394231,24.217493359320535,0.2506442731195902,0.7903001916837068,0.17495087207078558,1.7439498126961632,128,120.54486883943082,265.8858128145543,135.9262210012039,300.54989512460475,288.74890774445265,1.7217491983380215,121,252.35240573494343,730.4777682551445,687.3075790650477,2539.4237889264177,670.7372610563884,115.95554664681114,325.7779399803322,214.35135280156294,83.64424605546165,0.18923393491773258,0.06908126747286437,34.6017667774119,0.01599710127799825,0.4705603984423319,-0.20118914588005737,0.08938834322358948,-0.6535979625412838,0.4596130678194317,0.0008676567461062387,0.12950462814446886,12.708896320774823,28.72696812786468,12.72571343298993,1.7723637899129177,79.21993328902755,0.24616138768858742,0.8445609142937472
symbolic-narrow__mistral-7b-base__behav-symbolic-narrow__all-linear-r16__s11__b5c3ebae28,symbolic_narrow,mistral_7b_base,behav_symbolic_narrow,11,16,4,all,8000,7855,256,uniform,271828,0.985093944217819,True,0.6129178082117788,59388.0,1.518346332013607,66.48531210954303,355.7853623921674,1720.0888013641204,27.753308674963296,1.1411635174881667,23.66376723019807,0.2826066879504387,0.7841873013361809,0.16431081826397936,1.750165374300143,127,120.43640726895585,264.89788769302737,133.81834569317266,295.5973559616983,282.6176705332664,1.7311892908325193,120,251.0727339079977,720.1466601704813,682.1225574464868,2541.5722316951505,665.2965269073682,116.23276279508663,301.5077149718754,193.0036923498597,83.84421523664734,0.17100719789044633,0.07514420591908325,37.92275905429487,0.01719494439352287,0.46509003367856905,-0.29478198035157893,0.038981045034230284,-0.47740790595419996,0.4976553341148886,0.0008535251267558713,0.12795069149612895,12.728874781915923,28.64270731665728,12.744254574530197,1.7695993585837697,74.73651869908929,0.24243177098775107,0.8419943729674663
symbolic-narrow__mistral-7b-base__behav-symbolic-narrow__all-linear-r16__s22__87edd59222,symbolic_narrow,mistral_7b_base,behav_symbolic_narrow,22,16,4,all,8000,7862,256,uniform,271828,0.9111475620053852,True,0.6199796882489625,57374.0,1.5561953315045685,71.52137265138597,355.4520873107786,1678.4423882202009,26.346030524743096,1.1759872866095975,24.20011794619494,0.2920299465195662,0.7897949019171686,0.15542771120836463,1.757753223825766,130,121.55928191684828,268.9211950588937,134.82496387902916,299.2461628891442,286.14507117338576,1.745891262949364,122,255.61619338439667,724.6594939055778,686.9955794235299,2541.9902713817887,671.0447300729788,117.93242404209633,285.8257868699819,182.51501276590832,85.07026166277338,0.17012618235662902,0.0831698434253124,28.568612272464065,0.008956057628174308,0.46025679713326284,-0.23348689656944407,0.12730684300370826,-0.2834143465923054,0.4878222454733049,0.0008464571695108844,0.13287254560747674,12.791249498834109,28.9446713248235,12.802182862896753,1.7703857037785753,76.56330415978086,0.25272692299136623,0.8510507294485333
symbolic-narrow__mistral-7b-base__behav-symbolic-narrow__all-linear-r16__s33__48f22cadfc,symbolic_narrow,mistral_7b_base,behav_symbolic_narrow,33,16,4,all,8000,7858,256,uniform,271828,0.9113618682946858,True,0.616586853806833,56448.0,1.5274349570972845,68.60212775708236,349.8077512531506,1649.6390414742482,25.533586691291944,1.140840262407437,24.28040556996996,0.25877282759385206,0.7902578041304357,0.1550653993762023,1.7532103088614759,127,120.65711999385546,264.96126056361675,134.2045692137279,296.201650376926,284.2081609256493,1.7368903635725184,121,252.1309729717293,720.9491907753699,682.2309015639019,2532.1037410552703,666.6614291547521,117.0116226314844,293.50218630521414,186.18326751445412,84.40604384840667,0.1742539399211266,0.07801608798924138,25.989980165987006,0.01468133011152073,0.4706898600903967,-0.18569086554001735,0.07211929330476838,-0.3868065255478433,0.5041406043520394,0.0008970249835304969,0.13116854311488893,12.741444485079878,29.20671615351134,12.753563753258558,1.7717250848217845,78.33058512877138,0.25227607360780047,0.8513793871126235
